phase,scope,category,dso,symbol,metadata_join,pgcm_function_ids,samples,period
between_phases,main_thread,compiled_function_prefix,/root/cc-perf-native-recv-0909/gc-leaf-census-20260911/compile-v2/cc-diagnostic,perry_closure_cli_2_1_112_js__42821,exact_start_and_symbol,16:3,131,676304265
between_phases,main_thread,other_application_symbol,/root/cc-perf-native-recv-0909/gc-leaf-census-20260911/compile-v2/cc-diagnostic,perry_runtime::gc::trace::trace_heap_rewrite_slots::{closure#0}::{closure#0},no_pgcm_function_at_start,,90,477686281
between_phases,main_thread,other_application_symbol,/root/cc-perf-native-recv-0909/gc-leaf-census-20260911/compile-v2/cc-diagnostic,perry_runtime::buffer::header::is_array_buffer,no_pgcm_function_at_start,,88,453901127
between_phases,main_thread,other_application_symbol,/root/cc-perf-native-recv-0909/gc-leaf-census-20260911/compile-v2/cc-diagnostic,perry_runtime::buffer::header::is_registered_buffer_slow,no_pgcm_function_at_start,,87,450635856
between_phases,main_thread,runtime_helper_source_bound,/root/cc-perf-native-recv-0909/gc-leaf-census-20260911/compile-v2/cc-diagnostic,js_packed_arraylike_index_get,no_pgcm_function_at_start,,83,428898889
between_phases,main_thread,other_dso,/usr/lib/x86_64-linux-gnu/libc.so.6,__memmove_avx512_unaligned_erms,not_application_dso,,81,423218387
between_phases,main_thread,other_application_symbol,/root/cc-perf-native-recv-0909/gc-leaf-census-20260911/compile-v2/cc-diagnostic,<perry_runtime::gc::trace::ValidPointerSet>::contains,no_pgcm_function_at_start,,81,421141313
between_phases,main_thread,other_application_symbol,/root/cc-perf-native-recv-0909/gc-leaf-census-20260911/compile-v2/cc-diagnostic,trunc,no_pgcm_function_at_start,,77,398121639
between_phases,main_thread,runtime_helper_source_bound,/root/cc-perf-native-recv-0909/gc-leaf-census-20260911/compile-v2/cc-diagnostic,js_is_symbol,no_pgcm_function_at_start,,76,393094374
between_phases,main_thread,runtime_helper_source_bound,/root/cc-perf-native-recv-0909/gc-leaf-census-20260911/compile-v2/cc-diagnostic,js_dyn_index_get,no_pgcm_function_at_start,,69,356446220
command,main_thread,other_application_symbol,/root/cc-perf-native-recv-0909/gc-leaf-census-20260911/compile-v2/cc-diagnostic,perry_runtime::gc::malloc::gc_malloc_header_is_tracked,no_pgcm_function_at_start,,65,337074889
between_phases,main_thread,other_application_symbol,/root/cc-perf-native-recv-0909/gc-leaf-census-20260911/compile-v2/cc-diagnostic,<perry_runtime::arena::walk::ArenaObjectCursor>::next_budgeted,no_pgcm_function_at_start,,65,335116532
between_phases,main_thread,other_application_symbol,/root/cc-perf-native-recv-0909/gc-leaf-census-20260911/compile-v2/cc-diagnostic,<perry_runtime::gc::layout::GcMutableSlotDescriptor>::visit_slots,no_pgcm_function_at_start,,63,334484066
between_phases,main_thread,other_application_symbol,/root/cc-perf-native-recv-0909/gc-leaf-census-20260911/compile-v2/cc-diagnostic,perry_runtime::typedarray::lookup_registered_typed_array_kind,no_pgcm_function_at_start,,52,268799759
between_phases,main_thread,compiled_function_prefix,/root/cc-perf-native-recv-0909/gc-leaf-census-20260911/compile-v2/cc-diagnostic,perry_closure_cli_2_1_112_js__42817,exact_start_and_symbol,36:86,51,263764665
between_phases,main_thread,other_application_symbol,/root/cc-perf-native-recv-0909/gc-leaf-census-20260911/compile-v2/cc-diagnostic,perry_runtime::typedarray::typed_array_fast_index_get,no_pgcm_function_at_start,,51,260850838
between_phases,main_thread,other_application_symbol,/root/cc-perf-native-recv-0909/gc-leaf-census-20260911/compile-v2/cc-diagnostic,perry_runtime::gc::trace::drain_trace_worklist_step,no_pgcm_function_at_start,,48,252965188
between_phases,main_thread,other_application_symbol,/root/cc-perf-native-recv-0909/gc-leaf-census-20260911/compile-v2/cc-diagnostic,compiler_builtins::math::libm_math::fmod::fmod,no_pgcm_function_at_start,,45,231124739
startup,main_thread,other_dso,/usr/lib/x86_64-linux-gnu/libc.so.6,__memmove_avx512_unaligned_erms,not_application_dso,,42,210972109
command,main_thread,runtime_helper_source_bound,/root/cc-perf-native-recv-0909/gc-leaf-census-20260911/compile-v2/cc-diagnostic,js_native_call_method,no_pgcm_function_at_start,,40,205446473
between_phases,main_thread,other_application_symbol,/root/cc-perf-native-recv-0909/gc-leaf-census-20260911/compile-v2/cc-diagnostic,fmod,no_pgcm_function_at_start,,38,195537809
between_phases,main_thread,other_application_symbol,/root/cc-perf-native-recv-0909/gc-leaf-census-20260911/compile-v2/cc-diagnostic,perry_runtime::buffer::header::is_registered_buffer,no_pgcm_function_at_start,,35,181051465
between_phases,main_thread,runtime_helper_source_bound,/root/cc-perf-native-recv-0909/gc-leaf-census-20260911/compile-v2/cc-diagnostic,js_dyn_index_set_strict,no_pgcm_function_at_start,,34,173669471
between_phases,main_thread,other_application_symbol,/root/cc-perf-native-recv-0909/gc-leaf-census-20260911/compile-v2/cc-diagnostic,<perry_runtime::gc::oldgen::IncrementalSweepState>::step,no_pgcm_function_at_start,,33,173396388
between_phases,main_thread,other_application_symbol,/root/cc-perf-native-recv-0909/gc-leaf-census-20260911/compile-v2/cc-diagnostic,"<std::thread::local::LocalKey<core::cell::RefCell<std::collections::hash::map::HashMap<usize, perry_runtime::typedarray_view::ViewMeta, perry_runtime::fast_hash::PtrHasher>>>>::with::<perry_runtime::typedarray_view::view_meta_of::{closure#0}, core::option::Option<perry_runtime::typedarray_view::ViewMeta>>",no_pgcm_function_at_start,,30,155419665
startup,main_thread,other_application_symbol,/root/cc-perf-native-recv-0909/gc-leaf-census-20260911/compile-v2/cc-diagnostic,<perry_runtime::gc::copying::CopyingNurseryCollector>::mark_addr,no_pgcm_function_at_start,,32,153016013
command,main_thread,runtime_helper_source_bound,/root/cc-perf-native-recv-0909/gc-leaf-census-20260911/compile-v2/cc-diagnostic,js_regexp_test,no_pgcm_function_at_start,,30,152718797
between_phases,main_thread,other_application_symbol,/root/cc-perf-native-recv-0909/gc-leaf-census-20260911/compile-v2/cc-diagnostic,perry_runtime::buffer::access::read_buffer_byte,no_pgcm_function_at_start,,28,144384232
startup,main_thread,other_application_symbol,/root/cc-perf-native-recv-0909/gc-leaf-census-20260911/compile-v2/cc-diagnostic,perry_runtime::object::class_meta_registry::get_parent_class_id,no_pgcm_function_at_start,,28,140190692
between_phases,main_thread,runtime_helper_source_bound,/root/cc-perf-native-recv-0909/gc-leaf-census-20260911/compile-v2/cc-diagnostic,js_dynamic_shl,no_pgcm_function_at_start,,27,139620269
between_phases,main_thread,other_application_symbol,/root/cc-perf-native-recv-0909/gc-leaf-census-20260911/compile-v2/cc-diagnostic,perry_runtime::gc::layout_slot_visit::visit_gc_layout_slot_descriptors,no_pgcm_function_at_start,,26,137135332
between_phases,main_thread,other_application_symbol,/root/cc-perf-native-recv-0909/gc-leaf-census-20260911/compile-v2/cc-diagnostic,<perry_runtime::gc::layout::HeapChildSlotIterator as core::iter::traits::iterator::Iterator>::next,no_pgcm_function_at_start,,25,131479512
between_phases,main_thread,other_application_symbol,/root/cc-perf-native-recv-0909/gc-leaf-census-20260911/compile-v2/cc-diagnostic,perry_runtime::arena::page_meta::old_page_account_swept_object,no_pgcm_function_at_start,,25,130699730
between_phases,main_thread,other_application_symbol,/root/cc-perf-native-recv-0909/gc-leaf-census-20260911/compile-v2/cc-diagnostic,perry_runtime::gc::layout_slot_visit::visit_gc_layout_slot_descriptors.specialized.1,no_pgcm_function_at_start,,24,126051115
between_phases,main_thread,other_application_symbol,/root/cc-perf-native-recv-0909/gc-leaf-census-20260911/compile-v2/cc-diagnostic,perry_runtime::typedarray::load_at,no_pgcm_function_at_start,,24,123053965
command,main_thread,other_application_symbol,/root/cc-perf-native-recv-0909/gc-leaf-census-20260911/compile-v2/cc-diagnostic,perry_runtime::object::regex_proto_thunks::regexp_prototype_test_is_canonical,no_pgcm_function_at_start,,24,121511533
command,main_thread,other_application_symbol,/root/cc-perf-native-recv-0909/gc-leaf-census-20260911/compile-v2/cc-diagnostic,<perry_runtime::arena::walk::ArenaObjectCursor>::next_budgeted,no_pgcm_function_at_start,,23,120537820
between_phases,main_thread,runtime_helper_source_bound,/root/cc-perf-native-recv-0909/gc-leaf-census-20260911/compile-v2/cc-diagnostic,js_dynamic_bitand,no_pgcm_function_at_start,,23,118108855
between_phases,main_thread,compiled_function_prefix,/root/cc-perf-native-recv-0909/gc-leaf-census-20260911/compile-v2/cc-diagnostic,perry_closure_cli_2_1_112_js__42814,exact_start_and_symbol,74:14,22,113637620
between_phases,main_thread,other_application_symbol,/root/cc-perf-native-recv-0909/gc-leaf-census-20260911/compile-v2/cc-diagnostic,perry_runtime::typedarray::data_ptr,no_pgcm_function_at_start,,22,112816143
command,main_thread,other_application_symbol,/root/cc-perf-native-recv-0909/gc-leaf-census-20260911/compile-v2/cc-diagnostic,perry_runtime::exception::try_push_with_kind,no_pgcm_function_at_start,,21,108289115
command,main_thread,other_application_symbol,/root/cc-perf-native-recv-0909/gc-leaf-census-20260911/compile-v2/cc-diagnostic,<unicode_segmentation::grapheme::GraphemeCursor>::next_boundary,no_pgcm_function_at_start,,21,105410373
command,main_thread,other_dso,/usr/lib/x86_64-linux-gnu/libc.so.6,__memmove_avx512_unaligned_erms,not_application_dso,,20,104557031
between_phases,main_thread,other_application_symbol,/root/cc-perf-native-recv-0909/gc-leaf-census-20260911/compile-v2/cc-diagnostic,perry_runtime::box::is_registered_box_ptr,no_pgcm_function_at_start,,19,97921201
command,main_thread,other_application_symbol,/root/cc-perf-native-recv-0909/gc-leaf-census-20260911/compile-v2/cc-diagnostic,perry_runtime::regex::js_regexp_new_impl,no_pgcm_function_at_start,,19,95759169
command,main_thread,other_application_symbol,/root/cc-perf-native-recv-0909/gc-leaf-census-20260911/compile-v2/cc-diagnostic,perry_runtime::object::class_meta_registry::get_parent_class_id,no_pgcm_function_at_start,,18,92959689
between_phases,main_thread,runtime_helper_source_bound,/root/cc-perf-native-recv-0909/gc-leaf-census-20260911/compile-v2/cc-diagnostic,js_number_coerce,no_pgcm_function_at_start,,18,92831005
command,main_thread,runtime_helper_source_bound,/root/cc-perf-native-recv-0909/gc-leaf-census-20260911/compile-v2/cc-diagnostic,js_object_get_field_by_name,no_pgcm_function_at_start,,17,88887760
command,main_thread,other_application_symbol,/root/cc-perf-native-recv-0909/gc-leaf-census-20260911/compile-v2/cc-diagnostic,perry_runtime::closure::dynamic_props::is_closure_ptr,no_pgcm_function_at_start,,17,86619482
startup,main_thread,other_application_symbol,/root/cc-perf-native-recv-0909/gc-leaf-census-20260911/compile-v2/cc-diagnostic,<perry_runtime::gc::copying_pointer_set::CopyingPointerSet>::classify_arena,no_pgcm_function_at_start,,17,83952644
between_phases,main_thread,other_application_symbol,/root/cc-perf-native-recv-0909/gc-leaf-census-20260911/compile-v2/cc-diagnostic,perry_runtime::typedarray::typed_array_fast_index_set,no_pgcm_function_at_start,,16,82736380
command,main_thread,other_application_symbol,/root/cc-perf-native-recv-0909/gc-leaf-census-20260911/compile-v2/cc-diagnostic,perry_runtime::buffer::header::is_registered_buffer_slow,no_pgcm_function_at_start,,16,82661035
startup,main_thread,other_application_symbol,/root/cc-perf-native-recv-0909/gc-leaf-census-20260911/compile-v2/cc-diagnostic,<perry_runtime::gc::copying::CopyingNurseryCollector>::visit_slot_with_parent,no_pgcm_function_at_start,,16,81094579
command,main_thread,other_application_symbol,/root/cc-perf-native-recv-0909/gc-leaf-census-20260911/compile-v2/cc-diagnostic,<regex::regex::string::Regex>::find_at,no_pgcm_function_at_start,,16,81090293
startup,main_thread,other_application_symbol,/root/cc-perf-native-recv-0909/gc-leaf-census-20260911/compile-v2/cc-diagnostic,perry_runtime::gc::layout_tables::layout_forget_object,no_pgcm_function_at_start,,14,80853417
startup,main_thread,runtime_helper_source_bound,/root/cc-perf-native-recv-0909/gc-leaf-census-20260911/compile-v2/cc-diagnostic,js_object_get_field_by_name,no_pgcm_function_at_start,,16,79954574
between_phases,main_thread,other_application_symbol,/root/cc-perf-native-recv-0909/gc-leaf-census-20260911/compile-v2/cc-diagnostic,<perry_runtime::gc::dead_owner::PostTraceProbe>::owner_is_dead,no_pgcm_function_at_start,,15,79327488
startup,main_thread,other_application_symbol,/root/cc-perf-native-recv-0909/gc-leaf-census-20260911/compile-v2/cc-diagnostic,perry_runtime::object::descriptor_state::get_accessor_descriptor,no_pgcm_function_at_start,,16,78956148
between_phases,main_thread,other_application_symbol,/root/cc-perf-native-recv-0909/gc-leaf-census-20260911/compile-v2/cc-diagnostic,perry_runtime::gc::layout_slot_visit::visit_gc_rewrite_slot_descriptors::<perry_runtime::gc::layout_slot_visit::visit_gc_rewrite_slots<perry_runtime::gc::verify::restore_surviving_dirty_coverage::{closure#0}::{closure#0}>::{closure#0}>,no_pgcm_function_at_start,,15,78727736
command,main_thread,other_application_symbol,/root/cc-perf-native-recv-0909/gc-leaf-census-20260911/compile-v2/cc-diagnostic,perry_runtime::object::shapes::scan_shape_table_rekey_mut,no_pgcm_function_at_start,,15,77523209
command,main_thread,other_dso,/usr/lib/x86_64-linux-gnu/libc.so.6,__memcmp_evex_movbe,not_application_dso,,15,77063185
command,main_thread,other_application_symbol,/root/cc-perf-native-recv-0909/gc-leaf-census-20260911/compile-v2/cc-diagnostic,perry_runtime::gc::layout_tables::layout_forget_object,no_pgcm_function_at_start,,14,73039894
command,main_thread,runtime_helper_source_bound,/root/cc-perf-native-recv-0909/gc-leaf-census-20260911/compile-v2/cc-diagnostic,js_native_call_value,no_pgcm_function_at_start,,14,72805050
between_phases,main_thread,runtime_helper_source_bound,/root/cc-perf-native-recv-0909/gc-leaf-census-20260911/compile-v2/cc-diagnostic,js_dynamic_shr,no_pgcm_function_at_start,,14,72512752
command,main_thread,other_application_symbol,/root/cc-perf-native-recv-0909/gc-leaf-census-20260911/compile-v2/cc-diagnostic,<perry_runtime::gc::copying::CopyingNurseryCollector>::mark_addr,no_pgcm_function_at_start,,14,71810656
between_phases,main_thread,other_application_symbol,/root/cc-perf-native-recv-0909/gc-leaf-census-20260911/compile-v2/cc-diagnostic,<perry_runtime::gc::trace::ValidPointerSetBuilder>::step,no_pgcm_function_at_start,,14,71422642
startup,main_thread,other_application_symbol,/root/cc-perf-native-recv-0909/gc-leaf-census-20260911/compile-v2/cc-diagnostic,perry_runtime::object::class_registry::parent_static::is_class_object_ptr,no_pgcm_function_at_start,,15,69870505
startup,main_thread,other_application_symbol,/root/cc-perf-native-recv-0909/gc-leaf-census-20260911/compile-v2/cc-diagnostic,perry_runtime::object::shapes::scan_shape_table_rekey_mut,no_pgcm_function_at_start,,14,69416916
between_phases,main_thread,other_application_symbol,/root/cc-perf-native-recv-0909/gc-leaf-census-20260911/compile-v2/cc-diagnostic,<perry_runtime::gc::oldgen::ArenaSweepObjectsState>::reclaim_dead_object,no_pgcm_function_at_start,,13,68222232
command,main_thread,other_application_symbol,/root/cc-perf-native-recv-0909/gc-leaf-census-20260911/compile-v2/cc-diagnostic,perry_runtime::object::descriptor_state::get_accessor_descriptor,no_pgcm_function_at_start,,13,67960375
between_phases,main_thread,other_application_symbol,/root/cc-perf-native-recv-0909/gc-leaf-census-20260911/compile-v2/cc-diagnostic,perry_runtime::gc::layout_tables::per_object_slot_mask,no_pgcm_function_at_start,,13,67837823
startup,main_thread,other_application_symbol,/root/cc-perf-native-recv-0909/gc-leaf-census-20260911/compile-v2/cc-diagnostic,<perry_runtime::gc::layout::HeapChildSlotIterator as core::iter::traits::iterator::Iterator>::next,no_pgcm_function_at_start,,13,67116635
between_phases,main_thread,other_application_symbol,/root/cc-perf-native-recv-0909/gc-leaf-census-20260911/compile-v2/cc-diagnostic,perry_runtime::proxy::lookup,no_pgcm_function_at_start,,13,66978880
startup,main_thread,other_dso,/usr/lib/x86_64-linux-gnu/libc.so.6,__memcmp_evex_movbe,not_application_dso,,13,65203593
startup,main_thread,other_application_symbol,/root/cc-perf-native-recv-0909/gc-leaf-census-20260911/compile-v2/cc-diagnostic,perry_runtime::object::shapes::shape_descriptor_ensure_with_holes,no_pgcm_function_at_start,,13,64771965
startup,main_thread,other_application_symbol,/root/cc-perf-native-recv-0909/gc-leaf-census-20260911/compile-v2/cc-diagnostic,core::str::converts::from_utf8,no_pgcm_function_at_start,,13,64104621
between_phases,main_thread,runtime_helper_source_bound,/root/cc-perf-native-recv-0909/gc-leaf-census-20260911/compile-v2/cc-diagnostic,js_dynamic_bitor,no_pgcm_function_at_start,,12,62181269
command,main_thread,runtime_helper_source_bound,/root/cc-perf-native-recv-0909/gc-leaf-census-20260911/compile-v2/cc-diagnostic,js_object_get_field_ic,no_pgcm_function_at_start,,12,62106922
between_phases,main_thread,runtime_helper_source_bound,/root/cc-perf-native-recv-0909/gc-leaf-census-20260911/compile-v2/cc-diagnostic,js_numeric_step,no_pgcm_function_at_start,,12,59493371
between_phases,main_thread,other_application_symbol,/root/cc-perf-native-recv-0909/gc-leaf-census-20260911/compile-v2/cc-diagnostic,<perry_runtime::gc::layout::HeapChildSlotIterator>::new,no_pgcm_function_at_start,,11,58269707
command,main_thread,runtime_helper_source_bound,/root/cc-perf-native-recv-0909/gc-leaf-census-20260911/compile-v2/cc-diagnostic,js_object_get_own_field_or_undef,no_pgcm_function_at_start,,11,57776301
command,main_thread,runtime_helper_source_bound,/root/cc-perf-native-recv-0909/gc-leaf-census-20260911/compile-v2/cc-diagnostic,js_object_get_field,no_pgcm_function_at_start,,11,57433629
startup,main_thread,other_application_symbol,/root/cc-perf-native-recv-0909/gc-leaf-census-20260911/compile-v2/cc-diagnostic,<perry_runtime::gc::copying::CopyingNurseryCollector>::rewrite_raw_addr,no_pgcm_function_at_start,,11,56957134
between_phases,main_thread,other_application_symbol,/root/cc-perf-native-recv-0909/gc-leaf-census-20260911/compile-v2/cc-diagnostic,perry_runtime::box::box_get_bits_named,no_pgcm_function_at_start,,11,56845214
command,main_thread,other_application_symbol,/root/cc-perf-native-recv-0909/gc-leaf-census-20260911/compile-v2/cc-diagnostic,<perry_runtime::gc::copying::CopyingNurseryCollector>::visit_slot_with_parent,no_pgcm_function_at_start,,11,55646640
between_phases,main_thread,other_application_symbol,/root/cc-perf-native-recv-0909/gc-leaf-census-20260911/compile-v2/cc-diagnostic,perry_runtime::object::shapes::scan_shape_table_rekey_mut,no_pgcm_function_at_start,,11,55024534
startup,main_thread,other_application_symbol,/root/cc-perf-native-recv-0909/gc-leaf-census-20260911/compile-v2/cc-diagnostic,perry_runtime::string::compare::js_string_key_matches,no_pgcm_function_at_start,,11,54662907
startup,main_thread,other_application_symbol,/root/cc-perf-native-recv-0909/gc-leaf-census-20260911/compile-v2/cc-diagnostic,_mi_page_malloc_zero,no_pgcm_function_at_start,,11,54294439
startup,main_thread,other_application_symbol,/root/cc-perf-native-recv-0909/gc-leaf-census-20260911/compile-v2/cc-diagnostic,<perry_runtime::object::shapes::shapes_store::ShapeSlab>::insert,no_pgcm_function_at_start,,11,54262681
between_phases,main_thread,other_application_symbol,/root/cc-perf-native-recv-0909/gc-leaf-census-20260911/compile-v2/cc-diagnostic,<perry_runtime::object::shapes::ShapeTableInner>::facts_remove,no_pgcm_function_at_start,,10,52662493
command,main_thread,runtime_helper_source_bound,/root/cc-perf-native-recv-0909/gc-leaf-census-20260911/compile-v2/cc-diagnostic,js_array_get_f64,no_pgcm_function_at_start,,10,52320578
command,main_thread,other_application_symbol,/root/cc-perf-native-recv-0909/gc-leaf-census-20260911/compile-v2/cc-diagnostic,perry_runtime::object::keys_lookup::keys_find_slot_by_bytes,no_pgcm_function_at_start,,10,52055157
command,main_thread,other_application_symbol,/root/cc-perf-native-recv-0909/gc-leaf-census-20260911/compile-v2/cc-diagnostic,<perry_runtime::string::OwnedStringBytes>::copy_of_key,no_pgcm_function_at_start,,10,52019305
command,main_thread,runtime_helper_source_bound,/root/cc-perf-native-recv-0909/gc-leaf-census-20260911/compile-v2/cc-diagnostic,js_closure_call0,no_pgcm_function_at_start,,10,52003166
command,main_thread,compiled_function_prefix,/root/cc-perf-native-recv-0909/gc-leaf-census-20260911/compile-v2/cc-diagnostic,perry_fn_cli_2_1_112_js__zF6,exact_start_and_symbol,70:282,10,51963832
command,main_thread,compiled_function_prefix,/root/cc-perf-native-recv-0909/gc-leaf-census-20260911/compile-v2/cc-diagnostic,perry_fn_cli_2_1_112_js__u_N_24_6,exact_start_and_symbol,60:41,10,51883912
between_phases,main_thread,other_application_symbol,/root/cc-perf-native-recv-0909/gc-leaf-census-20260911/compile-v2/cc-diagnostic,perry_runtime::native_handle::canonical::is_canonical_handle_addr,no_pgcm_function_at_start,,10,51195966
startup,main_thread,other_application_symbol,/root/cc-perf-native-recv-0909/gc-leaf-census-20260911/compile-v2/cc-diagnostic,perry_runtime::gc::types::gc_type_after_payload_move,no_pgcm_function_at_start,,11,49729691
between_phases,main_thread,other_application_symbol,/root/cc-perf-native-recv-0909/gc-leaf-census-20260911/compile-v2/cc-diagnostic,perry_runtime::gc::types::gc_type_clear_dead_payload_side_tables,no_pgcm_function_at_start,,9,47414980
startup,main_thread,other_application_symbol,/root/cc-perf-native-recv-0909/gc-leaf-census-20260911/compile-v2/cc-diagnostic,regex_automata::util::determinize::next,no_pgcm_function_at_start,,9,47186255
command,main_thread,other_application_symbol,/root/cc-perf-native-recv-0909/gc-leaf-census-20260911/compile-v2/cc-diagnostic,<perry_runtime::gc::copying_pointer_set::CopyingPointerSet>::classify_arena,no_pgcm_function_at_start,,9,47169629
between_phases,main_thread,other_application_symbol,/root/cc-perf-native-recv-0909/gc-leaf-census-20260911/compile-v2/cc-diagnostic,perry_runtime::arena::page_meta::classify_heap_generation_uncached,no_pgcm_function_at_start,,9,47092511
command,main_thread,other_application_symbol,/root/cc-perf-native-recv-0909/gc-leaf-census-20260911/compile-v2/cc-diagnostic,perry_runtime::buffer::header::is_registered_buffer,no_pgcm_function_at_start,,9,46936015
command,main_thread,other_application_symbol,/root/cc-perf-native-recv-0909/gc-leaf-census-20260911/compile-v2/cc-diagnostic,perry_runtime::gc::barrier::write_barrier_decoded_parent,no_pgcm_function_at_start,,9,45660038
startup,main_thread,runtime_export_prefix_only,/root/cc-perf-native-recv-0909/gc-leaf-census-20260911/compile-v2/cc-diagnostic,js_put_value_set_dyn_ic_miss,no_pgcm_function_at_start,,8,45620700
startup,main_thread,other_application_symbol,/root/cc-perf-native-recv-0909/gc-leaf-census-20260911/compile-v2/cc-diagnostic,perry_runtime::object::keys_lookup::keys_find_slot_by_bytes,no_pgcm_function_at_start,,9,45232473
startup,main_thread,other_application_symbol,/root/cc-perf-native-recv-0909/gc-leaf-census-20260911/compile-v2/cc-diagnostic,perry_runtime::gc::layout_tables::layout_addr_filter_add,no_pgcm_function_at_start,,9,43887161
between_phases,foreign_pid,other_dso,/usr/lib/x86_64-linux-gnu/libc.so.6,pthread_mutex_unlock@@GLIBC_2.2.5,not_application_dso,,8,43750346
command,main_thread,other_application_symbol,/root/cc-perf-native-recv-0909/gc-leaf-census-20260911/compile-v2/cc-diagnostic,"<hashbrown::raw::RawTable<(usize, perry_runtime::object::shapes::ShapeIndex)>>::reserve_rehash::<hashbrown::map::make_hasher<usize, perry_runtime::object::shapes::ShapeIndex, perry_runtime::fast_hash::PtrHasher>::{closure#0}>",no_pgcm_function_at_start,,12,43389646
startup,main_thread,other_application_symbol,/root/cc-perf-native-recv-0909/gc-leaf-census-20260911/compile-v2/cc-diagnostic,perry_runtime::closure::dynamic_props::closure_get_dynamic_prop,no_pgcm_function_at_start,,9,42241925
command,main_thread,other_application_symbol,/root/cc-perf-native-recv-0909/gc-leaf-census-20260911/compile-v2/cc-diagnostic,<perry_runtime::regex::site_key::WeakPrograms>::upgrade,no_pgcm_function_at_start,,8,41979608
between_phases,main_thread,other_application_symbol,/root/cc-perf-native-recv-0909/gc-leaf-census-20260911/compile-v2/cc-diagnostic,perry_runtime::gc::barrier::remembered_child_needs_tracking,no_pgcm_function_at_start,,8,41872348
command,main_thread,runtime_helper_source_bound,/root/cc-perf-native-recv-0909/gc-leaf-census-20260911/compile-v2/cc-diagnostic,js_object_get_field_ic_miss,no_pgcm_function_at_start,,8,41762918
startup,main_thread,other_application_symbol,/root/cc-perf-native-recv-0909/gc-leaf-census-20260911/compile-v2/cc-diagnostic,perry_runtime::closure::dynamic_props::is_closure_ptr,no_pgcm_function_at_start,,8,41292340
command,main_thread,other_application_symbol,/root/cc-perf-native-recv-0909/gc-leaf-census-20260911/compile-v2/cc-diagnostic,perry_runtime::gc::layout::layout_note_slot,no_pgcm_function_at_start,,8,40814708
command,main_thread,other_application_symbol,/root/cc-perf-native-recv-0909/gc-leaf-census-20260911/compile-v2/cc-diagnostic,perry_runtime::object::shapes::shape_object_kind_by_id,no_pgcm_function_at_start,,8,40800214
startup,main_thread,other_application_symbol,/root/cc-perf-native-recv-0909/gc-leaf-census-20260911/compile-v2/cc-diagnostic,<perry_runtime::object::shapes::shapes_slot_list::SlotIndex>::insert,no_pgcm_function_at_start,,8,39814340
between_phases,main_thread,other_application_symbol,/root/cc-perf-native-recv-0909/gc-leaf-census-20260911/compile-v2/cc-diagnostic,perry_runtime::typedarray::store_at,no_pgcm_function_at_start,,8,39013646
startup,main_thread,runtime_helper_source_bound,/root/cc-perf-native-recv-0909/gc-leaf-census-20260911/compile-v2/cc-diagnostic,js_native_call_method,no_pgcm_function_at_start,,8,38387515
startup,main_thread,other_application_symbol,/root/cc-perf-native-recv-0909/gc-leaf-census-20260911/compile-v2/cc-diagnostic,perry_runtime::object::shapes::move_shape_family,no_pgcm_function_at_start,,8,37629907
startup,main_thread,other_application_symbol,/root/cc-perf-native-recv-0909/gc-leaf-census-20260911/compile-v2/cc-diagnostic,perry_runtime::box::is_registered_box_ptr,no_pgcm_function_at_start,,4,37466866
between_phases,main_thread,other_application_symbol,/root/cc-perf-native-recv-0909/gc-leaf-census-20260911/compile-v2/cc-diagnostic,perry_runtime::gc::layout_slot_visit::visit_gc_rewrite_slots::<perry_runtime::gc::verify::restore_surviving_dirty_coverage::{closure#0}::{closure#0}>::{closure#0},no_pgcm_function_at_start,,7,36858397
between_phases,main_thread,other_application_symbol,/root/cc-perf-native-recv-0909/gc-leaf-census-20260911/compile-v2/cc-diagnostic,mi_free,no_pgcm_function_at_start,,7,36800549
command,main_thread,other_application_symbol,/root/cc-perf-native-recv-0909/gc-leaf-census-20260911/compile-v2/cc-diagnostic,perry_runtime::object::prototype_chain::object_static_prototype,no_pgcm_function_at_start,,7,36655154
command,main_thread,other_application_symbol,/root/cc-perf-native-recv-0909/gc-leaf-census-20260911/compile-v2/cc-diagnostic,perry_runtime::arena::allocators::arena_alloc,no_pgcm_function_at_start,,7,36573629
between_phases,main_thread,other_application_symbol,/root/cc-perf-native-recv-0909/gc-leaf-census-20260911/compile-v2/cc-diagnostic,perry_runtime::closure::dynamic_props::merge_closure_prop_map,no_pgcm_function_at_start,,7,36557816
between_phases,main_thread,runtime_helper_source_bound,/root/cc-perf-native-recv-0909/gc-leaf-census-20260911/compile-v2/cc-diagnostic,js_put_value_set,no_pgcm_function_at_start,,7,36523759
command,main_thread,other_application_symbol,/root/cc-perf-native-recv-0909/gc-leaf-census-20260911/compile-v2/cc-diagnostic,perry_runtime::object::shapes::publish_object_shape_from,no_pgcm_function_at_start,,7,36484620
command,main_thread,runtime_helper_source_bound,/root/cc-perf-native-recv-0909/gc-leaf-census-20260911/compile-v2/cc-diagnostic,js_segments_project_next,no_pgcm_function_at_start,,7,36339752
between_phases,main_thread,other_application_symbol,/root/cc-perf-native-recv-0909/gc-leaf-census-20260911/compile-v2/cc-diagnostic,perry_runtime::value::addr_class::try_read_tracked_gc_header,no_pgcm_function_at_start,,7,36154212
startup,main_thread,other_application_symbol,/root/cc-perf-native-recv-0909/gc-leaf-census-20260911/compile-v2/cc-diagnostic,perry_runtime::gc::layout_slot_visit::visit_gc_layout_slot_descriptors.specialized.10,no_pgcm_function_at_start,,7,36072373
between_phases,main_thread,other_application_symbol,/root/cc-perf-native-recv-0909/gc-leaf-census-20260911/compile-v2/cc-diagnostic,perry_runtime::gc::malloc::gc_malloc_header_is_tracked,no_pgcm_function_at_start,,7,35928730
command,main_thread,other_application_symbol,/root/cc-perf-native-recv-0909/gc-leaf-census-20260911/compile-v2/cc-diagnostic,perry_runtime::object::class_registry::parent_static::is_class_object_ptr,no_pgcm_function_at_start,,7,35832185
startup,main_thread,other_application_symbol,/root/cc-perf-native-recv-0909/gc-leaf-census-20260911/compile-v2/cc-diagnostic,perry_runtime::object::object_keys_array,no_pgcm_function_at_start,,4,35823103
startup,main_thread,other_application_symbol,/root/cc-perf-native-recv-0909/gc-leaf-census-20260911/compile-v2/cc-diagnostic,mi_theap_malloc_aligned,no_pgcm_function_at_start,,7,35725960
startup,main_thread,other_application_symbol,/root/cc-perf-native-recv-0909/gc-leaf-census-20260911/compile-v2/cc-diagnostic,perry_runtime::object::field_get_set::get_field_by_name_tail::get_field_by_name_object_tail,no_pgcm_function_at_start,,7,35388794
command,main_thread,other_application_symbol,/root/cc-perf-native-recv-0909/gc-leaf-census-20260911/compile-v2/cc-diagnostic,_mi_page_malloc_zero,no_pgcm_function_at_start,,7,35322250
startup,main_thread,other_application_symbol,/root/cc-perf-native-recv-0909/gc-leaf-census-20260911/compile-v2/cc-diagnostic,"<hashbrown::map::HashMap<usize, alloc::vec::Vec<(u32, usize)>, perry_runtime::fast_hash::PtrHasher>>::insert",no_pgcm_function_at_start,,7,34308550
startup,main_thread,other_application_symbol,/root/cc-perf-native-recv-0909/gc-leaf-census-20260911/compile-v2/cc-diagnostic,<perry_runtime::object::shapes::ShapeTableInner>::facts_remove,no_pgcm_function_at_start,,7,33988704
between_phases,main_thread,other_application_symbol,/root/cc-perf-native-recv-0909/gc-leaf-census-20260911/compile-v2/cc-diagnostic,perry_runtime::object::shapes::remove_descriptor_indexed_under,no_pgcm_function_at_start,,7,33459080
command,main_thread,other_application_symbol,/root/cc-perf-native-recv-0909/gc-leaf-census-20260911/compile-v2/cc-diagnostic,core::str::converts::from_utf8,no_pgcm_function_at_start,,7,33059425
startup,main_thread,other_application_symbol,/root/cc-perf-native-recv-0909/gc-leaf-census-20260911/compile-v2/cc-diagnostic,perry_runtime::gc::barrier_store::barrier_child_prologue,no_pgcm_function_at_start,,6,32210223
command,main_thread,other_application_symbol,/root/cc-perf-native-recv-0909/gc-leaf-census-20260911/compile-v2/cc-diagnostic,<perry_runtime::gc::dead_owner::PostTraceProbe>::owner_is_dead,no_pgcm_function_at_start,,6,31934206
between_phases,main_thread,other_application_symbol,/root/cc-perf-native-recv-0909/gc-leaf-census-20260911/compile-v2/cc-diagnostic,<perry_runtime::arena::page_meta::page_class::PageGenerationCacheSet>::insert,no_pgcm_function_at_start,,6,31714299
command,main_thread,other_application_symbol,/root/cc-perf-native-recv-0909/gc-leaf-census-20260911/compile-v2/cc-diagnostic,perry_runtime::gc::dead_owner::owner_is_dead_copied_minor_from_space,no_pgcm_function_at_start,,6,31569371
between_phases,main_thread,other_application_symbol,/root/cc-perf-native-recv-0909/gc-leaf-census-20260911/compile-v2/cc-diagnostic,perry_runtime::gc::layout_tables::prune_dead_per_object_layout_owners,no_pgcm_function_at_start,,6,31498511
command,main_thread,other_application_symbol,/root/cc-perf-native-recv-0909/gc-leaf-census-20260911/compile-v2/cc-diagnostic,perry_runtime::object::field_get_set::get_field_by_name_tail::get_field_by_name_object_tail,no_pgcm_function_at_start,,6,31471395
startup,main_thread,other_application_symbol,/root/cc-perf-native-recv-0909/gc-leaf-census-20260911/compile-v2/cc-diagnostic,perry_runtime::gc::layout_slot_visit::visit_gc_layout_slot_descriptors.specialized.1,no_pgcm_function_at_start,,6,31399939
command,main_thread,other_application_symbol,/root/cc-perf-native-recv-0909/gc-leaf-census-20260911/compile-v2/cc-diagnostic,perry_runtime::object::descriptor_state::may_have_descriptor_entry,no_pgcm_function_at_start,,6,31192118
startup,main_thread,other_application_symbol,/root/cc-perf-native-recv-0909/gc-leaf-census-20260911/compile-v2/cc-diagnostic,<perry_runtime::string::OwnedStringBytes>::copy_of_key,no_pgcm_function_at_start,,6,31138420
startup,main_thread,other_application_symbol,/root/cc-perf-native-recv-0909/gc-leaf-census-20260911/compile-v2/cc-diagnostic,perry_runtime::gc::barrier::remembered_child_needs_tracking,no_pgcm_function_at_start,,6,31135809
between_phases,main_thread,other_application_symbol,/root/cc-perf-native-recv-0909/gc-leaf-census-20260911/compile-v2/cc-diagnostic,perry_runtime::buffer::header::is_shared_array_buffer,no_pgcm_function_at_start,,6,31034251
between_phases,foreign_pid,other_dso,/usr/bin/node,v8::internal::Deserializer<v8::internal::Isolate>::ReadObject(v8::internal::SnapshotSpace),not_application_dso,,7,30920169
startup,main_thread,other_application_symbol,/root/cc-perf-native-recv-0909/gc-leaf-census-20260911/compile-v2/cc-diagnostic,perry_runtime::object::descriptor_state::get_property_attrs,no_pgcm_function_at_start,,6,30772982
startup,main_thread,other_application_symbol,/root/cc-perf-native-recv-0909/gc-leaf-census-20260911/compile-v2/cc-diagnostic,perry_runtime::gc::layout_slot_visit::visit_gc_rewrite_slots::<<perry_runtime::gc::copying::CopyingNurseryCollector>::scan_object_fields::{closure#0}>::{closure#0},no_pgcm_function_at_start,,6,30277479
between_phases,main_thread,other_application_symbol,/root/cc-perf-native-recv-0909/gc-leaf-census-20260911/compile-v2/cc-diagnostic,perry_runtime::gc::trace::try_mark_value,no_pgcm_function_at_start,,6,30091166
startup,main_thread,other_application_symbol,/root/cc-perf-native-recv-0909/gc-leaf-census-20260911/compile-v2/cc-diagnostic,perry_runtime::object::alloc::remember_class_keys_array,no_pgcm_function_at_start,,1,30035622
startup,main_thread,other_application_symbol,/root/cc-perf-native-recv-0909/gc-leaf-census-20260911/compile-v2/cc-diagnostic,perry_runtime::proxy::ordinary_set_with_receiver,no_pgcm_function_at_start,,6,29879726
startup,main_thread,other_application_symbol,/root/cc-perf-native-recv-0909/gc-leaf-census-20260911/compile-v2/cc-diagnostic,perry_runtime::gc::layout::layout_transfer,no_pgcm_function_at_start,,6,29404674
startup,main_thread,other_application_symbol,/root/cc-perf-native-recv-0909/gc-leaf-census-20260911/compile-v2/cc-diagnostic,mi_free,no_pgcm_function_at_start,,6,29280945
startup,main_thread,other_application_symbol,/root/cc-perf-native-recv-0909/gc-leaf-census-20260911/compile-v2/cc-diagnostic,perry_runtime::gc::young_log::addr_is_minor_relevant,no_pgcm_function_at_start,,6,28991058
startup,main_thread,other_application_symbol,/root/cc-perf-native-recv-0909/gc-leaf-census-20260911/compile-v2/cc-diagnostic,perry_runtime::object::arguments::is_arguments_object,no_pgcm_function_at_start,,6,28184186
command,main_thread,other_application_symbol,/root/cc-perf-native-recv-0909/gc-leaf-census-20260911/compile-v2/cc-diagnostic,perry_runtime::regex::regex_header_clear_dead_for_gc,no_pgcm_function_at_start,,5,26554657
between_phases,main_thread,other_application_symbol,/root/cc-perf-native-recv-0909/gc-leaf-census-20260911/compile-v2/cc-diagnostic,perry_runtime::object::descriptor_state::prune_dead_descriptor_owner_entries::{closure#0},no_pgcm_function_at_start,,5,26502474
command,main_thread,other_application_symbol,/root/cc-perf-native-recv-0909/gc-leaf-census-20260911/compile-v2/cc-diagnostic,perry_runtime::gc::layout_slot_visit::visit_gc_layout_slot_descriptors.specialized.1,no_pgcm_function_at_start,,5,26339146
command,main_thread,runtime_helper_source_bound,/root/cc-perf-native-recv-0909/gc-leaf-census-20260911/compile-v2/cc-diagnostic,js_segments_project_segment,no_pgcm_function_at_start,,5,26257624
command,main_thread,other_application_symbol,/root/cc-perf-native-recv-0909/gc-leaf-census-20260911/compile-v2/cc-diagnostic,perry_runtime::typed_feedback::object_shape,no_pgcm_function_at_start,,5,26248509
command,main_thread,other_application_symbol,/root/cc-perf-native-recv-0909/gc-leaf-census-20260911/compile-v2/cc-diagnostic,perry_runtime::gc::trace::classifier_valid_object_start,no_pgcm_function_at_start,,5,26231079
between_phases,main_thread,other_application_symbol,/root/cc-perf-native-recv-0909/gc-leaf-census-20260911/compile-v2/cc-diagnostic,perry_runtime::arena::page_meta::old_object_page_overlaps,no_pgcm_function_at_start,,5,26229650
command,main_thread,other_application_symbol,/root/cc-perf-native-recv-0909/gc-leaf-census-20260911/compile-v2/cc-diagnostic,perry_runtime::typedarray::lookup_registered_typed_array_kind,no_pgcm_function_at_start,,5,26182774
command,main_thread,other_application_symbol,/root/cc-perf-native-recv-0909/gc-leaf-census-20260911/compile-v2/cc-diagnostic,perry_runtime::gc::types::gc_type_after_payload_move,no_pgcm_function_at_start,,5,26180208
command,main_thread,other_application_symbol,/root/cc-perf-native-recv-0909/gc-leaf-census-20260911/compile-v2/cc-diagnostic,perry_runtime::typed_feedback::guards::class_setter_in_chain,no_pgcm_function_at_start,,5,26176485
command,main_thread,other_application_symbol,/root/cc-perf-native-recv-0909/gc-leaf-census-20260911/compile-v2/cc-diagnostic,perry_runtime::object::object_keys_array,no_pgcm_function_at_start,,5,26132535
command,main_thread,other_application_symbol,/root/cc-perf-native-recv-0909/gc-leaf-census-20260911/compile-v2/cc-diagnostic,<perry_runtime::gc::copying::CopyingNurseryCollector>::rewrite_raw_addr,no_pgcm_function_at_start,,5,26122212
between_phases,main_thread,other_application_symbol,/root/cc-perf-native-recv-0909/gc-leaf-census-20260911/compile-v2/cc-diagnostic,perry_runtime::gc::dead_owner::prune_dead_owner_side_tables_post_trace,no_pgcm_function_at_start,,5,25957864
command,main_thread,other_application_symbol,/root/cc-perf-native-recv-0909/gc-leaf-census-20260911/compile-v2/cc-diagnostic,perry_runtime::set::is_registered_set,no_pgcm_function_at_start,,5,25954020
between_phases,main_thread,other_application_symbol,/root/cc-perf-native-recv-0909/gc-leaf-census-20260911/compile-v2/cc-diagnostic,perry_runtime::typedarray::lookup_typed_array_kind,no_pgcm_function_at_start,,5,25918925
between_phases,main_thread,other_application_symbol,/root/cc-perf-native-recv-0909/gc-leaf-census-20260911/compile-v2/cc-diagnostic,perry_runtime::buffer::header::is_data_view,no_pgcm_function_at_start,,5,25913667
command,main_thread,other_application_symbol,/root/cc-perf-native-recv-0909/gc-leaf-census-20260911/compile-v2/cc-diagnostic,perry_runtime::typed_feedback::normalize_raw_object_addr,no_pgcm_function_at_start,,5,25846776
startup,main_thread,other_application_symbol,/root/cc-perf-native-recv-0909/gc-leaf-census-20260911/compile-v2/cc-diagnostic,perry_runtime::typed_feedback::guards::class_setter_in_chain,no_pgcm_function_at_start,,5,25771669
between_phases,main_thread,other_application_symbol,/root/cc-perf-native-recv-0909/gc-leaf-census-20260911/compile-v2/cc-diagnostic,<perry_runtime::gc::trace::ValidPointerSet>::seal_current_arena_run,no_pgcm_function_at_start,,5,25560556
startup,main_thread,other_application_symbol,/root/cc-perf-native-recv-0909/gc-leaf-census-20260911/compile-v2/cc-diagnostic,perry_runtime::object::shapes::shape_slot_lookup_verdict,no_pgcm_function_at_start,,5,25443346
command,main_thread,other_application_symbol,/root/cc-perf-native-recv-0909/gc-leaf-census-20260911/compile-v2/cc-diagnostic,perry_runtime::object::shapes::move_shape_family,no_pgcm_function_at_start,,5,25436926
startup,main_thread,other_application_symbol,/root/cc-perf-native-recv-0909/gc-leaf-census-20260911/compile-v2/cc-diagnostic,perry_runtime::symbol::is_immortal_symbol_pointer,no_pgcm_function_at_start,,5,25420792
between_phases,main_thread,other_application_symbol,/root/cc-perf-native-recv-0909/gc-leaf-census-20260911/compile-v2/cc-diagnostic,perry_runtime::gc::layout_tables::layout_forget_object,no_pgcm_function_at_start,,5,25416744
startup,main_thread,other_application_symbol,/root/cc-perf-native-recv-0909/gc-leaf-census-20260911/compile-v2/cc-diagnostic,perry_runtime::object::class_registry::class_meta::is_anon_shape_class_id,no_pgcm_function_at_start,,5,25361836
command,main_thread,other_application_symbol,/root/cc-perf-native-recv-0909/gc-leaf-census-20260911/compile-v2/cc-diagnostic,perry_runtime::gc::copying::run_copied_minor_attempt,no_pgcm_function_at_start,,5,25287029
command,main_thread,other_application_symbol,/root/cc-perf-native-recv-0909/gc-leaf-census-20260911/compile-v2/cc-diagnostic,perry_runtime::gc::layout_slot_visit::visit_gc_rewrite_slots::<<perry_runtime::gc::copying::CopyingNurseryCollector>::scan_object_fields::{closure#0}>::{closure#0},no_pgcm_function_at_start,,5,25151154
startup,main_thread,other_application_symbol,/root/cc-perf-native-recv-0909/gc-leaf-census-20260911/compile-v2/cc-diagnostic,perry_runtime::object::field_set_by_name::tail::set_field_by_name_object_tail,no_pgcm_function_at_start,,5,24923950
startup,foreign_pid,other_dso,/usr/bin/node,v8::internal::HashSeed::InitializeRoots(v8::internal::Isolate*),not_application_dso,,4,24774825
startup,main_thread,other_application_symbol,/root/cc-perf-native-recv-0909/gc-leaf-census-20260911/compile-v2/cc-diagnostic,perry_runtime::set::is_registered_set,no_pgcm_function_at_start,,5,24692128
startup,main_thread,other_application_symbol,/root/cc-perf-native-recv-0909/gc-leaf-census-20260911/compile-v2/cc-diagnostic,perry_runtime::object::transition_cache_insert,no_pgcm_function_at_start,,5,24684368
startup,main_thread,other_application_symbol,/root/cc-perf-native-recv-0909/gc-leaf-census-20260911/compile-v2/cc-diagnostic,perry_runtime::object::shapes::remove_descriptor_indexed_under,no_pgcm_function_at_start,,5,24643381
startup,main_thread,other_application_symbol,/root/cc-perf-native-recv-0909/gc-leaf-census-20260911/compile-v2/cc-diagnostic,perry_runtime::object::class_registry::state::class_id_for_decl_prototype_object,no_pgcm_function_at_start,,5,24518862
between_phases,main_thread,other_application_symbol,/root/cc-perf-native-recv-0909/gc-leaf-census-20260911/compile-v2/cc-diagnostic,<perry_runtime::gc::cycle::GcCycleState>::step,no_pgcm_function_at_start,,5,24161054
startup,main_thread,other_application_symbol,/root/cc-perf-native-recv-0909/gc-leaf-census-20260911/compile-v2/cc-diagnostic,perry_runtime::typed_feedback::registry,no_pgcm_function_at_start,,5,24156036
startup,main_thread,other_application_symbol,/root/cc-perf-native-recv-0909/gc-leaf-census-20260911/compile-v2/cc-diagnostic,perry_runtime::object::object_ops::keys_array::own_key_present,no_pgcm_function_at_start,,5,23466077
startup,main_thread,other_application_symbol,/root/cc-perf-native-recv-0909/gc-leaf-census-20260911/compile-v2/cc-diagnostic,perry_runtime::object::shapes::publish_object_shape_from,no_pgcm_function_at_start,,5,23002406
startup,main_thread,other_application_symbol,/root/cc-perf-native-recv-0909/gc-leaf-census-20260911/compile-v2/cc-diagnostic,perry_runtime::object::descriptor_state::owner_index_add,no_pgcm_function_at_start,,5,22811058
startup,main_thread,runtime_helper_source_bound,/root/cc-perf-native-recv-0909/gc-leaf-census-20260911/compile-v2/cc-diagnostic,js_put_value_set,no_pgcm_function_at_start,,4,22809606
between_phases,main_thread,other_application_symbol,/root/cc-perf-native-recv-0909/gc-leaf-census-20260911/compile-v2/cc-diagnostic,perry_runtime::symbol::is_immortal_symbol_pointer,no_pgcm_function_at_start,,4,21206047
command,main_thread,other_application_symbol,/root/cc-perf-native-recv-0909/gc-leaf-census-20260911/compile-v2/cc-diagnostic,perry_runtime::arena::page_meta::classify_heap_generation_uncached,no_pgcm_function_at_start,,4,21152719
command,main_thread,other_application_symbol,/root/cc-perf-native-recv-0909/gc-leaf-census-20260911/compile-v2/cc-diagnostic,perry_runtime::object::class_registry::state::class_id_for_decl_prototype_object,no_pgcm_function_at_start,,4,21101651
command,main_thread,other_application_symbol,/root/cc-perf-native-recv-0909/gc-leaf-census-20260911/compile-v2/cc-diagnostic,<perry_runtime::gc::layout::HeapChildSlotIterator as core::iter::traits::iterator::Iterator>::next,no_pgcm_function_at_start,,4,21098781
command,main_thread,other_application_symbol,/root/cc-perf-native-recv-0909/gc-leaf-census-20260911/compile-v2/cc-diagnostic,<perry_runtime::arena::page_meta::page_class::PageGenerationCacheSet>::insert,no_pgcm_function_at_start,,4,21095354
between_phases,main_thread,other_application_symbol,/root/cc-perf-native-recv-0909/gc-leaf-census-20260911/compile-v2/cc-diagnostic,<std::hash::random::RandomState as core::hash::BuildHasher>::hash_one::<&usize>,no_pgcm_function_at_start,,4,21063303
command,main_thread,other_application_symbol,/root/cc-perf-native-recv-0909/gc-leaf-census-20260911/compile-v2/cc-diagnostic,mi_malloc_aligned,no_pgcm_function_at_start,,4,21041750
command,main_thread,other_application_symbol,/root/cc-perf-native-recv-0909/gc-leaf-census-20260911/compile-v2/cc-diagnostic,perry_runtime::map::is_registered_map,no_pgcm_function_at_start,,4,21011769
command,main_thread,runtime_helper_source_bound,/root/cc-perf-native-recv-0909/gc-leaf-census-20260911/compile-v2/cc-diagnostic,js_object_set_field,no_pgcm_function_at_start,,4,20980491
command,main_thread,other_application_symbol,/root/cc-perf-native-recv-0909/gc-leaf-census-20260911/compile-v2/cc-diagnostic,perry_runtime::closure::registry::body_record::{closure#0},no_pgcm_function_at_start,,4,20952546
command,main_thread,other_application_symbol,/root/cc-perf-native-recv-0909/gc-leaf-census-20260911/compile-v2/cc-diagnostic,perry_runtime::native_handle::canonical::is_canonical_handle_addr,no_pgcm_function_at_start,,4,20946986
command,main_thread,runtime_helper_source_bound,/root/cc-perf-native-recv-0909/gc-leaf-census-20260911/compile-v2/cc-diagnostic,js_array_alloc,no_pgcm_function_at_start,,4,20907372
command,main_thread,other_application_symbol,/root/cc-perf-native-recv-0909/gc-leaf-census-20260911/compile-v2/cc-diagnostic,perry_runtime::gc::barrier::remembered_child_needs_tracking,no_pgcm_function_at_start,,4,20904493
command,main_thread,runtime_helper_source_bound,/root/cc-perf-native-recv-0909/gc-leaf-census-20260911/compile-v2/cc-diagnostic,js_object_set_field_by_name,no_pgcm_function_at_start,,4,20899757
command,main_thread,other_application_symbol,/root/cc-perf-native-recv-0909/gc-leaf-census-20260911/compile-v2/cc-diagnostic,perry_runtime::gc::trace::drain_trace_worklist_step,no_pgcm_function_at_start,,4,20879786
command,main_thread,other_application_symbol,/root/cc-perf-native-recv-0909/gc-leaf-census-20260911/compile-v2/cc-diagnostic,perry_runtime::object::keys_lookup::keys_array_dense_slots,no_pgcm_function_at_start,,4,20844597
between_phases,main_thread,other_application_symbol,/root/cc-perf-native-recv-0909/gc-leaf-census-20260911/compile-v2/cc-diagnostic,perry_runtime::closure::dynamic_props::clear_closure_side_tables_for_dead_ptr,no_pgcm_function_at_start,,4,20840697
command,main_thread,other_application_symbol,/root/cc-perf-native-recv-0909/gc-leaf-census-20260911/compile-v2/cc-diagnostic,mi_theap_malloc_aligned,no_pgcm_function_at_start,,4,20826984
startup,main_thread,other_application_symbol,/root/cc-perf-native-recv-0909/gc-leaf-census-20260911/compile-v2/cc-diagnostic,perry_runtime::object::keys_lookup::keys_array_dense_slots,no_pgcm_function_at_start,,4,20808476
startup,main_thread,other_application_symbol,/root/cc-perf-native-recv-0909/gc-leaf-census-20260911/compile-v2/cc-diagnostic,perry_runtime::closure::box_captures::increment_cell_capture_count,no_pgcm_function_at_start,,4,20767752
command,main_thread,other_application_symbol,/root/cc-perf-native-recv-0909/gc-leaf-census-20260911/compile-v2/cc-diagnostic,perry_runtime::object::class_registry::prototype_objects::class_prototype_object,no_pgcm_function_at_start,,4,20666621
between_phases,main_thread,runtime_helper_source_bound,/root/cc-perf-native-recv-0909/gc-leaf-census-20260911/compile-v2/cc-diagnostic,js_to_numeric,no_pgcm_function_at_start,,4,20659783
between_phases,main_thread,other_application_symbol,/root/cc-perf-native-recv-0909/gc-leaf-census-20260911/compile-v2/cc-diagnostic,perry_runtime::buffer::exotic_view::is_non_indexed_buffer_view,no_pgcm_function_at_start,,4,20637344
startup,main_thread,runtime_helper_source_bound,/root/cc-perf-native-recv-0909/gc-leaf-census-20260911/compile-v2/cc-diagnostic,js_object_set_field_by_name,no_pgcm_function_at_start,,4,20627584
command,main_thread,other_application_symbol,/root/cc-perf-native-recv-0909/gc-leaf-census-20260911/compile-v2/cc-diagnostic,"<hashbrown::map::HashMap<usize, alloc::vec::Vec<(u32, usize)>, perry_runtime::fast_hash::PtrHasher>>::insert",no_pgcm_function_at_start,,4,20559244
command,main_thread,runtime_export_prefix_only,/root/cc-perf-native-recv-0909/gc-leaf-census-20260911/compile-v2/cc-diagnostic,js_put_value_set_dyn_ic_miss,no_pgcm_function_at_start,,4,20532678
command,main_thread,other_application_symbol,/root/cc-perf-native-recv-0909/gc-leaf-census-20260911/compile-v2/cc-diagnostic,mi_free,no_pgcm_function_at_start,,4,20509848
startup,main_thread,runtime_helper_source_bound,/root/cc-perf-native-recv-0909/gc-leaf-census-20260911/compile-v2/cc-diagnostic,js_jsvalue_to_string,no_pgcm_function_at_start,,4,20438957
startup,main_thread,runtime_helper_source_bound,/root/cc-perf-native-recv-0909/gc-leaf-census-20260911/compile-v2/cc-diagnostic,js_array_alloc,no_pgcm_function_at_start,,4,20375072
startup,main_thread,other_application_symbol,/root/cc-perf-native-recv-0909/gc-leaf-census-20260911/compile-v2/cc-diagnostic,<perry_runtime::gc::layout::HeapChildSlotIterator>::new,no_pgcm_function_at_start,,4,20374588
command,main_thread,other_application_symbol,/root/cc-perf-native-recv-0909/gc-leaf-census-20260911/compile-v2/cc-diagnostic,perry_runtime::gc::malloc::ensure_set_built,no_pgcm_function_at_start,,4,20369566
between_phases,main_thread,other_application_symbol,/root/cc-perf-native-recv-0909/gc-leaf-census-20260911/compile-v2/cc-diagnostic,perry_runtime::closure::dynamic_props::scan_closure_owner,no_pgcm_function_at_start,,4,20319223
between_phases,main_thread,other_application_symbol,/root/cc-perf-native-recv-0909/gc-leaf-census-20260911/compile-v2/cc-diagnostic,<perry_runtime::string::OwnedStringBytes>::copy_of_key,no_pgcm_function_at_start,,4,20203317
startup,main_thread,other_application_symbol,/root/cc-perf-native-recv-0909/gc-leaf-census-20260911/compile-v2/cc-diagnostic,perry_runtime::gc::copying::run_copied_minor_attempt,no_pgcm_function_at_start,,4,20198165
startup,main_thread,other_application_symbol,/root/cc-perf-native-recv-0909/gc-leaf-census-20260911/compile-v2/cc-diagnostic,perry_runtime::closure::dynamic_props::scan_closure_owner,no_pgcm_function_at_start,,4,20103865
command,main_thread,other_application_symbol,/root/cc-perf-native-recv-0909/gc-leaf-census-20260911/compile-v2/cc-diagnostic,perry_runtime::value::addr_class::try_read_tracked_gc_header,no_pgcm_function_at_start,,4,20099667
startup,main_thread,other_application_symbol,/root/cc-perf-native-recv-0909/gc-leaf-census-20260911/compile-v2/cc-diagnostic,perry_runtime::arena::allocators::arena_alloc_gc_old,no_pgcm_function_at_start,,4,20061266
startup,main_thread,other_application_symbol,/root/cc-perf-native-recv-0909/gc-leaf-census-20260911/compile-v2/cc-diagnostic,perry_runtime::object::object_ops::keys_array::ensure_key_in_keys_array,no_pgcm_function_at_start,,4,20005175
startup,main_thread,other_application_symbol,/root/cc-perf-native-recv-0909/gc-leaf-census-20260911/compile-v2/cc-diagnostic,perry_runtime::object::shapes::shape_object_kind_by_id,no_pgcm_function_at_start,,4,19815085
between_phases,main_thread,other_dso,/usr/lib/x86_64-linux-gnu/libc.so.6,__memcmp_evex_movbe,not_application_dso,,4,19724111
startup,main_thread,runtime_helper_source_bound,/root/cc-perf-native-recv-0909/gc-leaf-census-20260911/compile-v2/cc-diagnostic,js_is_symbol,no_pgcm_function_at_start,,4,19492962
startup,main_thread,other_application_symbol,/root/cc-perf-native-recv-0909/gc-leaf-census-20260911/compile-v2/cc-diagnostic,"core::slice::sort::unstable::quicksort::quicksort::<usize, <usize as core::cmp::PartialOrd>::lt>",no_pgcm_function_at_start,,4,19321876
command,main_thread,other_application_symbol,/root/cc-perf-native-recv-0909/gc-leaf-census-20260911/compile-v2/cc-diagnostic,"<&mut perry_runtime::gc::copying::run_copied_minor_attempt::{closure#0} as core::ops::function::FnMut<(perry_runtime::gc::roots::MutableRootSlot,)>>::call_mut",no_pgcm_function_at_start,,4,19235718
startup,main_thread,other_application_symbol,/root/cc-perf-native-recv-0909/gc-leaf-census-20260911/compile-v2/cc-diagnostic,perry_runtime::object::descriptor_state::gc_scan::scan_descriptor_roots_mut,no_pgcm_function_at_start,,4,18426945
startup,main_thread,other_application_symbol,/root/cc-perf-native-recv-0909/gc-leaf-census-20260911/compile-v2/cc-diagnostic,<perry_runtime::object::shapes::shapes_slot_list::SlotIndex>::drain_pairs,no_pgcm_function_at_start,,4,18311922
command,main_thread,other_application_symbol,/root/cc-perf-native-recv-0909/gc-leaf-census-20260911/compile-v2/cc-diagnostic,<core::hash::sip::Hasher<core::hash::sip::Sip13Rounds> as core::hash::Hasher>::write,no_pgcm_function_at_start,,4,17667666
command,main_thread,other_application_symbol,/root/cc-perf-native-recv-0909/gc-leaf-census-20260911/compile-v2/cc-diagnostic,perry_runtime::object::native_call_method::class_vtable_fast_guard,no_pgcm_function_at_start,,4,17449225
startup,main_thread,other_application_symbol,/root/cc-perf-native-recv-0909/gc-leaf-census-20260911/compile-v2/cc-diagnostic,perry_runtime::array::header_gc_slots::note_array_slot_layout_only,no_pgcm_function_at_start,,1,17287902
between_phases,foreign_pid,other_dso,/usr/bin/node,v8::internal::HashSeed::InitializeRoots(v8::internal::Isolate*),not_application_dso,,2,16497421
startup,main_thread,other_application_symbol,/root/cc-perf-native-recv-0909/gc-leaf-census-20260911/compile-v2/cc-diagnostic,mi_realloc_aligned,no_pgcm_function_at_start,,1,16155153
between_phases,main_thread,other_application_symbol,/root/cc-perf-native-recv-0909/gc-leaf-census-20260911/compile-v2/cc-diagnostic,perry_runtime::gc::verify::remember_retained_old_to_young_slots,no_pgcm_function_at_start,,3,16052681
command,main_thread,other_application_symbol,/root/cc-perf-native-recv-0909/gc-leaf-census-20260911/compile-v2/cc-diagnostic,perry_runtime::arena::page_meta::old_page_account_dirty_slots,no_pgcm_function_at_start,,3,15947750
command,main_thread,other_application_symbol,/root/cc-perf-native-recv-0909/gc-leaf-census-20260911/compile-v2/cc-diagnostic,perry_runtime::gc::layout_tables::prune_dead_per_object_layout_owners,no_pgcm_function_at_start,,3,15878299
between_phases,main_thread,other_application_symbol,/root/cc-perf-native-recv-0909/gc-leaf-census-20260911/compile-v2/cc-diagnostic,<perry_runtime::gc::verify::OldToYoungRememberedRebuildState>::step,no_pgcm_function_at_start,,3,15852978
command,main_thread,other_application_symbol,/root/cc-perf-native-recv-0909/gc-leaf-census-20260911/compile-v2/cc-diagnostic,perry_runtime::gc::verify::remember_evacuated_old_to_young_slot,no_pgcm_function_at_start,,3,15837012
command,main_thread,other_application_symbol,/root/cc-perf-native-recv-0909/gc-leaf-census-20260911/compile-v2/cc-diagnostic,<perry_runtime::gc::cycle::BlockPersistCycleState>::step,no_pgcm_function_at_start,,3,15832931
command,main_thread,other_application_symbol,/root/cc-perf-native-recv-0909/gc-leaf-census-20260911/compile-v2/cc-diagnostic,perry_runtime::object::descriptor_state::get_property_attrs,no_pgcm_function_at_start,,3,15791774
command,main_thread,other_application_symbol,/root/cc-perf-native-recv-0909/gc-leaf-census-20260911/compile-v2/cc-diagnostic,perry_runtime::gc::trace::trace_heap_rewrite_slots::{closure#0}::{closure#0},no_pgcm_function_at_start,,3,15786357
command,main_thread,other_application_symbol,/root/cc-perf-native-recv-0909/gc-leaf-census-20260911/compile-v2/cc-diagnostic,perry_runtime::object::field_get_set::has_property::closure_dynamic_prop_by_key,no_pgcm_function_at_start,,3,15764538
between_phases,main_thread,other_application_symbol,/root/cc-perf-native-recv-0909/gc-leaf-census-20260911/compile-v2/cc-diagnostic,perry_runtime::gc::verify::remember_evacuated_old_to_young_slot,no_pgcm_function_at_start,,3,15743052
command,main_thread,runtime_helper_source_bound,/root/cc-perf-native-recv-0909/gc-leaf-census-20260911/compile-v2/cc-diagnostic,js_typed_feedback_class_field_set_guard,no_pgcm_function_at_start,,3,15725738
command,main_thread,other_application_symbol,/root/cc-perf-native-recv-0909/gc-leaf-census-20260911/compile-v2/cc-diagnostic,<perry_runtime::gc::trace::ValidPointerSetBuilder>::step,no_pgcm_function_at_start,,3,15716440
startup,main_thread,other_application_symbol,/root/cc-perf-native-recv-0909/gc-leaf-census-20260911/compile-v2/cc-diagnostic,perry_runtime::gc::layout_slot_visit::visit_gc_rewrite_slot_descriptors::<perry_runtime::gc::layout_slot_visit::visit_gc_rewrite_slots<perry_runtime::gc::verify::restore_surviving_dirty_coverage::{closure#0}::{closure#0}>::{closure#0}>,no_pgcm_function_at_start,,3,15711414
command,main_thread,other_application_symbol,/root/cc-perf-native-recv-0909/gc-leaf-census-20260911/compile-v2/cc-diagnostic,perry_runtime::regex::lookup_repeat_matcher_for,no_pgcm_function_at_start,,3,15709168
startup,main_thread,other_application_symbol,/root/cc-perf-native-recv-0909/gc-leaf-census-20260911/compile-v2/cc-diagnostic,perry_runtime::gc::dead_owner::owner_is_dead_copied_minor_from_space,no_pgcm_function_at_start,,3,15700555
command,main_thread,other_application_symbol,/root/cc-perf-native-recv-0909/gc-leaf-census-20260911/compile-v2/cc-diagnostic,perry_runtime::gc::young_log::addr_is_minor_relevant,no_pgcm_function_at_start,,3,15696623
command,main_thread,other_application_symbol,/root/cc-perf-native-recv-0909/gc-leaf-census-20260911/compile-v2/cc-diagnostic,<std::hash::random::RandomState as core::hash::BuildHasher>::hash_one::<&char>,no_pgcm_function_at_start,,3,15694565
command,main_thread,runtime_helper_source_bound,/root/cc-perf-native-recv-0909/gc-leaf-census-20260911/compile-v2/cc-diagnostic,js_string_index_to_i32,no_pgcm_function_at_start,,3,15690627
command,main_thread,other_application_symbol,/root/cc-perf-native-recv-0909/gc-leaf-census-20260911/compile-v2/cc-diagnostic,perry_runtime::gc::barrier::write_barrier_slot_decoded,no_pgcm_function_at_start,,3,15681000
command,main_thread,other_application_symbol,/root/cc-perf-native-recv-0909/gc-leaf-census-20260911/compile-v2/cc-diagnostic,<perry_runtime::gc::roots::RuntimeRootVisitor>::visit_nanbox_bits,no_pgcm_function_at_start,,3,15679870
command,main_thread,runtime_helper_source_bound,/root/cc-perf-native-recv-0909/gc-leaf-census-20260911/compile-v2/cc-diagnostic,js_closure_call2,no_pgcm_function_at_start,,3,15656433
between_phases,main_thread,other_application_symbol,/root/cc-perf-native-recv-0909/gc-leaf-census-20260911/compile-v2/cc-diagnostic,perry_runtime::gc::verify::restore_surviving_dirty_coverage::{closure#0}::{closure#0},no_pgcm_function_at_start,,3,15653699
startup,main_thread,other_application_symbol,/root/cc-perf-native-recv-0909/gc-leaf-census-20260911/compile-v2/cc-diagnostic,perry_runtime::gc::verify::remember_evacuated_old_to_young_slot,no_pgcm_function_at_start,,3,15638778
command,main_thread,other_application_symbol,/root/cc-perf-native-recv-0909/gc-leaf-census-20260911/compile-v2/cc-diagnostic,perry_runtime::object::field_set_by_name::tail::set_field_by_name_object_tail,no_pgcm_function_at_start,,3,15630082
command,main_thread,other_application_symbol,/root/cc-perf-native-recv-0909/gc-leaf-census-20260911/compile-v2/cc-diagnostic,perry_runtime::gc::layout::layout_transfer,no_pgcm_function_at_start,,3,15594455
command,main_thread,compiled_function_prefix,/root/cc-perf-native-recv-0909/gc-leaf-census-20260911/compile-v2/cc-diagnostic,perry_fn_cli_2_1_112_js__yx_,exact_start_and_symbol,6:10,3,15582122
startup,main_thread,other_application_symbol,/root/cc-perf-native-recv-0909/gc-leaf-census-20260911/compile-v2/cc-diagnostic,perry_runtime::weakref::is_weak_target_trace_slot,no_pgcm_function_at_start,,3,15575226
startup,main_thread,runtime_helper_source_bound,/root/cc-perf-native-recv-0909/gc-leaf-census-20260911/compile-v2/cc-diagnostic,js_array_get_f64,no_pgcm_function_at_start,,3,15572532
command,main_thread,other_application_symbol,/root/cc-perf-native-recv-0909/gc-leaf-census-20260911/compile-v2/cc-diagnostic,perry_runtime::buffer::header::is_uint8array_buffer_slow,no_pgcm_function_at_start,,3,15572495
startup,main_thread,other_application_symbol,/root/cc-perf-native-recv-0909/gc-leaf-census-20260911/compile-v2/cc-diagnostic,perry_runtime::object::alloc::object_alloc_class_inline_keys_impl,no_pgcm_function_at_start,,5,15558014
startup,main_thread,runtime_helper_source_bound,/root/cc-perf-native-recv-0909/gc-leaf-census-20260911/compile-v2/cc-diagnostic,js_to_primitive,no_pgcm_function_at_start,,3,15555625
startup,main_thread,other_application_symbol,/root/cc-perf-native-recv-0909/gc-leaf-census-20260911/compile-v2/cc-diagnostic,"<hashbrown::map::HashMap<(usize, alloc::string::String), perry_runtime::object::descriptor_state::PropertyAttrs, perry_runtime::fast_hash::FastKeyHasher>>::insert",no_pgcm_function_at_start,,3,15553048
startup,main_thread,other_application_symbol,/root/cc-perf-native-recv-0909/gc-leaf-census-20260911/compile-v2/cc-diagnostic,perry_runtime::async_hooks::is_async_resource_handle,no_pgcm_function_at_start,,3,15550268
command,main_thread,other_application_symbol,/root/cc-perf-native-recv-0909/gc-leaf-census-20260911/compile-v2/cc-diagnostic,perry_runtime::regex::lookup_fancy_regex,no_pgcm_function_at_start,,3,15542200
command,main_thread,other_application_symbol,/root/cc-perf-native-recv-0909/gc-leaf-census-20260911/compile-v2/cc-diagnostic,<perry_runtime::object::shapes::shapes_store::IdList>::append_unchecked,no_pgcm_function_at_start,,3,15531914
startup,main_thread,other_application_symbol,/root/cc-perf-native-recv-0909/gc-leaf-census-20260911/compile-v2/cc-diagnostic,perry_runtime::proxy::target_set,no_pgcm_function_at_start,,3,15517490
between_phases,main_thread,other_application_symbol,/root/cc-perf-native-recv-0909/gc-leaf-census-20260911/compile-v2/cc-diagnostic,"core::slice::sort::unstable::quicksort::quicksort::<usize, <usize as core::cmp::PartialOrd>::lt>",no_pgcm_function_at_start,,3,15486254
command,main_thread,other_application_symbol,/root/cc-perf-native-recv-0909/gc-leaf-census-20260911/compile-v2/cc-diagnostic,<perry_runtime::object::shapes::shapes_store::ShapeSlab>::insert,no_pgcm_function_at_start,,3,15474909
command,main_thread,other_application_symbol,/root/cc-perf-native-recv-0909/gc-leaf-census-20260911/compile-v2/cc-diagnostic,"<std::thread::local::LocalKey<core::cell::RefCell<std::collections::hash::map::HashMap<usize, perry_runtime::typedarray_view::ViewMeta, perry_runtime::fast_hash::PtrHasher>>>>::with::<perry_runtime::typedarray_view::view_meta_of::{closure#0}, core::option::Option<perry_runtime::typedarray_view::ViewMeta>>",no_pgcm_function_at_start,,3,15470624
between_phases,main_thread,unknown_symbol,[unknown],[unknown],not_application_dso,,3,15462169
startup,main_thread,other_application_symbol,/root/cc-perf-native-recv-0909/gc-leaf-census-20260911/compile-v2/cc-diagnostic,perry_runtime::proxy::own_set_descriptor,no_pgcm_function_at_start,,3,15419180
startup,main_thread,other_application_symbol,/root/cc-perf-native-recv-0909/gc-leaf-census-20260911/compile-v2/cc-diagnostic,perry_runtime::object::set_object_keys_array,no_pgcm_function_at_start,,3,15412149
between_phases,main_thread,other_application_symbol,/root/cc-perf-native-recv-0909/gc-leaf-census-20260911/compile-v2/cc-diagnostic,perry_runtime::buffer::header::foreign_backing,no_pgcm_function_at_start,,3,15384442
between_phases,main_thread,compiled_function_prefix,/root/cc-perf-native-recv-0909/gc-leaf-census-20260911/compile-v2/cc-diagnostic,perry_closure_cli_2_1_112_js__42815,exact_start_and_symbol,71:92,3,15365484
command,main_thread,other_application_symbol,/root/cc-perf-native-recv-0909/gc-leaf-census-20260911/compile-v2/cc-diagnostic,perry_runtime::regex::regex_header_finalize_for_gc,no_pgcm_function_at_start,,3,15352312
startup,main_thread,other_application_symbol,/root/cc-perf-native-recv-0909/gc-leaf-census-20260911/compile-v2/cc-diagnostic,perry_runtime::typed_feedback::invalidate_representation_change,no_pgcm_function_at_start,,3,15267882
startup,main_thread,other_application_symbol,/root/cc-perf-native-recv-0909/gc-leaf-census-20260911/compile-v2/cc-diagnostic,perry_runtime::arena::allocators::arena_alloc,no_pgcm_function_at_start,,3,15264179
startup,main_thread,runtime_helper_source_bound,/root/cc-perf-native-recv-0909/gc-leaf-census-20260911/compile-v2/cc-diagnostic,js_closure_alloc_init,no_pgcm_function_at_start,,3,15177435
command,main_thread,other_application_symbol,/root/cc-perf-native-recv-0909/gc-leaf-census-20260911/compile-v2/cc-diagnostic,perry_runtime::object::exotic_expando::expando_clear_on_alloc,no_pgcm_function_at_start,,3,14959951
startup,main_thread,other_application_symbol,/root/cc-perf-native-recv-0909/gc-leaf-census-20260911/compile-v2/cc-diagnostic,perry_runtime::arena::page_meta::classify_heap_space_in_range_uncached,no_pgcm_function_at_start,,3,14953416
between_phases,main_thread,runtime_helper_source_bound,/root/cc-perf-native-recv-0909/gc-leaf-census-20260911/compile-v2/cc-diagnostic,js_object_get_field_by_name,no_pgcm_function_at_start,,3,14948889
between_phases,main_thread,other_application_symbol,/root/cc-perf-native-recv-0909/gc-leaf-census-20260911/compile-v2/cc-diagnostic,perry_runtime::object::descriptor_state::get_accessor_descriptor,no_pgcm_function_at_start,,4,14917545
startup,main_thread,other_application_symbol,/root/cc-perf-native-recv-0909/gc-leaf-census-20260911/compile-v2/cc-diagnostic,<alloc::raw_vec::RawVecInner>::finish_grow,no_pgcm_function_at_start,,3,14910719
startup,main_thread,runtime_helper_source_bound,/root/cc-perf-native-recv-0909/gc-leaf-census-20260911/compile-v2/cc-diagnostic,js_register_closure_arity,no_pgcm_function_at_start,,2,14864178
command,main_thread,other_application_symbol,/root/cc-perf-native-recv-0909/gc-leaf-census-20260911/compile-v2/cc-diagnostic,perry_runtime::object::object_ops::extract_obj_ptr,no_pgcm_function_at_start,,3,14832833
startup,main_thread,other_application_symbol,/root/cc-perf-native-recv-0909/gc-leaf-census-20260911/compile-v2/cc-diagnostic,perry_runtime::value::addr_class::try_read_tracked_gc_header,no_pgcm_function_at_start,,3,14794257
startup,main_thread,other_application_symbol,/root/cc-perf-native-recv-0909/gc-leaf-census-20260911/compile-v2/cc-diagnostic,perry_runtime::box::scan_box_roots_mut,no_pgcm_function_at_start,,3,14712808
between_phases,main_thread,other_application_symbol,/root/cc-perf-native-recv-0909/gc-leaf-census-20260911/compile-v2/cc-diagnostic,perry_runtime::gc::barrier::write_barrier_decoded_parent,no_pgcm_function_at_start,,3,14705725
startup,main_thread,other_application_symbol,/root/cc-perf-native-recv-0909/gc-leaf-census-20260911/compile-v2/cc-diagnostic,perry_runtime::arena::block::arena_cell_alloc,no_pgcm_function_at_start,,3,14641053
startup,main_thread,other_application_symbol,/root/cc-perf-native-recv-0909/gc-leaf-census-20260911/compile-v2/cc-diagnostic,mi_malloc_aligned,no_pgcm_function_at_start,,3,14619946
startup,main_thread,other_application_symbol,/root/cc-perf-native-recv-0909/gc-leaf-census-20260911/compile-v2/cc-diagnostic,perry_runtime::array::iterator::array_from_spread_value::{closure#0},no_pgcm_function_at_start,,3,14436103
startup,main_thread,other_application_symbol,/root/cc-perf-native-recv-0909/gc-leaf-census-20260911/compile-v2/cc-diagnostic,perry_runtime::array::element_shape::clear_element_shape,no_pgcm_function_at_start,,3,14426501
startup,main_thread,other_application_symbol,/root/cc-perf-native-recv-0909/gc-leaf-census-20260911/compile-v2/cc-diagnostic,perry_runtime::object::shape_cache_insert,no_pgcm_function_at_start,,1,14395420
startup,main_thread,runtime_helper_source_bound,/root/cc-perf-native-recv-0909/gc-leaf-census-20260911/compile-v2/cc-diagnostic,js_object_get_field_ic,no_pgcm_function_at_start,,3,14188804
startup,main_thread,other_application_symbol,/root/cc-perf-native-recv-0909/gc-leaf-census-20260911/compile-v2/cc-diagnostic,perry_runtime::object::field_get_set::has_property::closure_dynamic_prop_by_key,no_pgcm_function_at_start,,3,14103806
between_phases,main_thread,other_application_symbol,/root/cc-perf-native-recv-0909/gc-leaf-census-20260911/compile-v2/cc-diagnostic,<core::hash::sip::Hasher<core::hash::sip::Sip13Rounds> as core::hash::Hasher>::write,no_pgcm_function_at_start,,3,14086877
between_phases,main_thread,other_application_symbol,/root/cc-perf-native-recv-0909/gc-leaf-census-20260911/compile-v2/cc-diagnostic,perry_runtime::closure::registry::resolve_strategy_slow,no_pgcm_function_at_start,,3,13810748
startup,main_thread,runtime_helper_source_bound,/root/cc-perf-native-recv-0909/gc-leaf-census-20260911/compile-v2/cc-diagnostic,js_object_get_field_ic_miss,no_pgcm_function_at_start,,6,13742684
between_phases,main_thread,runtime_helper_source_bound,/root/cc-perf-native-recv-0909/gc-leaf-census-20260911/compile-v2/cc-diagnostic,js_closure_call1_receiverless,no_pgcm_function_at_start,,3,13383993
command,main_thread,other_application_symbol,/root/cc-perf-native-recv-0909/gc-leaf-census-20260911/compile-v2/cc-diagnostic,<std::hash::random::RandomState as core::hash::BuildHasher>::hash_one::<&usize>,no_pgcm_function_at_start,,3,13117462
between_phases,foreign_pid,other_dso,/usr/bin/node,"std::pair<std::_Rb_tree_iterator<std::pair<int const, int> >, bool> std::_Rb_tree<int, std::pair<int const, int>, std::_Select1st<std::pair<int const, int> >, std::less<int>, v8::internal::ZoneAllocator<std::pair<int const, int> > >::_M_emplace_unique<int&, int&>(int&, int&)",not_application_dso,,3,12583226
between_phases,foreign_pid,other_dso,/usr/bin/node,Builtins_LoadIC_NoFeedback,not_application_dso,,3,12409765
command,main_thread,other_application_symbol,/root/cc-perf-native-recv-0909/gc-leaf-census-20260911/compile-v2/cc-diagnostic,perry_runtime::array::iter_object::dispatch_array_iterator_method_inner,no_pgcm_function_at_start,,3,11991438
between_phases,main_thread,other_application_symbol,/root/cc-perf-native-recv-0909/gc-leaf-census-20260911/compile-v2/cc-diagnostic,_mi_page_free_collect,no_pgcm_function_at_start,,3,11705878
startup,main_thread,runtime_helper_source_bound,/root/cc-perf-native-recv-0909/gc-leaf-census-20260911/compile-v2/cc-diagnostic,js_string_from_bytes_with_capacity,no_pgcm_function_at_start,,1,11584467
startup,main_thread,unknown_symbol,[unknown],[unknown],not_application_dso,,9,11292543
startup,main_thread,other_application_symbol,/root/cc-perf-native-recv-0909/gc-leaf-census-20260911/compile-v2/cc-diagnostic,"<hashbrown::raw::RawTable<(u32, ())>>::reserve_rehash::<hashbrown::map::make_hasher<u32, (), perry_runtime::fast_hash::PtrHasher>::{closure#0}>",no_pgcm_function_at_start,,1,11249690
command,main_thread,other_application_symbol,/root/cc-perf-native-recv-0909/gc-leaf-census-20260911/compile-v2/cc-diagnostic,<perry_runtime::gc::oldgen::ArenaSweepObjectsState>::reclaim_dead_object,no_pgcm_function_at_start,,2,10681365
command,main_thread,other_application_symbol,/root/cc-perf-native-recv-0909/gc-leaf-census-20260911/compile-v2/cc-diagnostic,perry_runtime::closure::dynamic_props::scan_closure_owner,no_pgcm_function_at_start,,2,10656337
between_phases,main_thread,other_application_symbol,/root/cc-perf-native-recv-0909/gc-leaf-census-20260911/compile-v2/cc-diagnostic,perry_runtime::gc::barrier::leaf::decode_raw_pointer_candidate,no_pgcm_function_at_start,,2,10653648
command,main_thread,other_application_symbol,/root/cc-perf-native-recv-0909/gc-leaf-census-20260911/compile-v2/cc-diagnostic,perry_runtime::gc::layout_slot_visit::visit_gc_layout_slot_descriptors,no_pgcm_function_at_start,,2,10652872
startup,foreign_pid,other_dso,/usr/bin/node,"v8::internal::RegExpBytecodePeepholeOptimization::OptimizeBytecode(v8::internal::Isolate*, v8::internal::Zone*, v8::internal::DirectHandle<v8::internal::String>, v8::internal::RegExpBytecodeWriter*)",not_application_dso,,2,10636272
command,main_thread,other_application_symbol,/root/cc-perf-native-recv-0909/gc-leaf-census-20260911/compile-v2/cc-diagnostic,<perry_runtime::gc::cycle::RootScanCycleState>::step_current_subphase,no_pgcm_function_at_start,,2,10628716
startup,main_thread,other_application_symbol,/root/cc-perf-native-recv-0909/gc-leaf-census-20260911/compile-v2/cc-diagnostic,perry_runtime::gc::old_free::old_free_take_exact,no_pgcm_function_at_start,,2,10622580
command,main_thread,other_application_symbol,/root/cc-perf-native-recv-0909/gc-leaf-census-20260911/compile-v2/cc-diagnostic,perry_runtime::symbol::is_immortal_symbol_pointer,no_pgcm_function_at_start,,2,10615331
command,main_thread,other_application_symbol,/root/cc-perf-native-recv-0909/gc-leaf-census-20260911/compile-v2/cc-diagnostic,"<hashbrown::map::HashMap<u32, perry_runtime::object::class_registry::state::ClassVTable, perry_runtime::fast_hash::PtrHasher>>::get::<u32>",no_pgcm_function_at_start,,2,10593979
command,main_thread,other_application_symbol,/root/cc-perf-native-recv-0909/gc-leaf-census-20260911/compile-v2/cc-diagnostic,perry_runtime::gc::barrier::dirty_slot_ranges_for,no_pgcm_function_at_start,,2,10576466
command,main_thread,runtime_helper_source_bound,/root/cc-perf-native-recv-0909/gc-leaf-census-20260911/compile-v2/cc-diagnostic,js_is_symbol,no_pgcm_function_at_start,,2,10571366
command,main_thread,other_application_symbol,/root/cc-perf-native-recv-0909/gc-leaf-census-20260911/compile-v2/cc-diagnostic,<perry_runtime::gc::roots::RuntimeRootVisitor>::visit_nanbox_u64_raw_slot,no_pgcm_function_at_start,,2,10569852
command,main_thread,other_application_symbol,/root/cc-perf-native-recv-0909/gc-leaf-census-20260911/compile-v2/cc-diagnostic,perry_runtime::object::native_call_method::handle_methods::dispatch_handle,no_pgcm_function_at_start,,2,10567645
command,main_thread,other_application_symbol,/root/cc-perf-native-recv-0909/gc-leaf-census-20260911/compile-v2/cc-diagnostic,perry_runtime::proxy::own_set_descriptor,no_pgcm_function_at_start,,2,10546885
command,main_thread,other_application_symbol,/root/cc-perf-native-recv-0909/gc-leaf-census-20260911/compile-v2/cc-diagnostic,perry_runtime::object::native_call_method::gc_pointer_and_type_from_value,no_pgcm_function_at_start,,2,10545897
command,main_thread,other_application_symbol,/root/cc-perf-native-recv-0909/gc-leaf-census-20260911/compile-v2/cc-diagnostic,perry_runtime::object::side_table_roots::transition_entry_is_dead,no_pgcm_function_at_start,,2,10545289
command,main_thread,other_application_symbol,/root/cc-perf-native-recv-0909/gc-leaf-census-20260911/compile-v2/cc-diagnostic,perry_runtime::gc::barrier::scan_dirty_object_slots::{closure#1},no_pgcm_function_at_start,,2,10543584
command,main_thread,other_application_symbol,/root/cc-perf-native-recv-0909/gc-leaf-census-20260911/compile-v2/cc-diagnostic,perry_runtime::arena::page_meta::old_page_account_swept_object,no_pgcm_function_at_start,,2,10543537
startup,main_thread,other_application_symbol,/root/cc-perf-native-recv-0909/gc-leaf-census-20260911/compile-v2/cc-diagnostic,perry_runtime::gc::layout_tables::per_object_slot_mask,no_pgcm_function_at_start,,2,10540974
command,main_thread,runtime_helper_source_bound,/root/cc-perf-native-recv-0909/gc-leaf-census-20260911/compile-v2/cc-diagnostic,js_get_string_pointer_unified,no_pgcm_function_at_start,,2,10540754
command,main_thread,other_application_symbol,/root/cc-perf-native-recv-0909/gc-leaf-census-20260911/compile-v2/cc-diagnostic,perry_runtime::weakref::is_weak_target_trace_slot,no_pgcm_function_at_start,,2,10537501
command,main_thread,other_application_symbol,/root/cc-perf-native-recv-0909/gc-leaf-census-20260911/compile-v2/cc-diagnostic,perry_runtime::gc::layout_slot_visit::visit_gc_rewrite_slots::<perry_runtime::gc::verify::restore_surviving_dirty_coverage::{closure#0}::{closure#0}>::{closure#0},no_pgcm_function_at_start,,2,10532524
command,main_thread,other_application_symbol,/root/cc-perf-native-recv-0909/gc-leaf-census-20260911/compile-v2/cc-diagnostic,perry_runtime::url::url_class::is_url_object_shape,no_pgcm_function_at_start,,2,10529782
command,main_thread,compiled_function_prefix,/root/cc-perf-native-recv-0909/gc-leaf-census-20260911/compile-v2/cc-diagnostic,perry_fn_cli_2_1_112_js__Wa6.__arena,exact_start_and_symbol,55:0,2,10524736
command,main_thread,other_application_symbol,/root/cc-perf-native-recv-0909/gc-leaf-census-20260911/compile-v2/cc-diagnostic,"perry_runtime::object::with_transition_cache::<perry_runtime::object::TransitionEntry, perry_runtime::object::transition_cache_lookup::{closure#0}>",no_pgcm_function_at_start,,2,10516590
command,main_thread,other_application_symbol,/root/cc-perf-native-recv-0909/gc-leaf-census-20260911/compile-v2/cc-diagnostic,perry_runtime::gc::trace::try_mark_value,no_pgcm_function_at_start,,2,10511895
command,main_thread,other_application_symbol,/root/cc-perf-native-recv-0909/gc-leaf-census-20260911/compile-v2/cc-diagnostic,perry_runtime::typed_feedback::registry,no_pgcm_function_at_start,,2,10509364
command,main_thread,other_application_symbol,/root/cc-perf-native-recv-0909/gc-leaf-census-20260911/compile-v2/cc-diagnostic,perry_runtime::string::compare::js_string_key_matches,no_pgcm_function_at_start,,2,10509108
command,main_thread,other_application_symbol,/root/cc-perf-native-recv-0909/gc-leaf-census-20260911/compile-v2/cc-diagnostic,perry_runtime::gc::layout_slot_visit::visit_gc_rewrite_slot_descriptors::<perry_runtime::gc::layout_slot_visit::visit_gc_rewrite_slots<perry_runtime::gc::verify::restore_surviving_dirty_coverage::{closure#0}::{closure#0}>::{closure#0}>,no_pgcm_function_at_start,,2,10508904
command,main_thread,other_application_symbol,/root/cc-perf-native-recv-0909/gc-leaf-census-20260911/compile-v2/cc-diagnostic,perry_runtime::process::env_misc::process_env_has_field,no_pgcm_function_at_start,,2,10507610
command,main_thread,other_application_symbol,/root/cc-perf-native-recv-0909/gc-leaf-census-20260911/compile-v2/cc-diagnostic,perry_runtime::arena::page_meta::old_object_page_overlaps,no_pgcm_function_at_start,,2,10507176
command,main_thread,runtime_helper_source_bound,/root/cc-perf-native-recv-0909/gc-leaf-census-20260911/compile-v2/cc-diagnostic,js_try_end,no_pgcm_function_at_start,,2,10499414
command,main_thread,other_application_symbol,/root/cc-perf-native-recv-0909/gc-leaf-census-20260911/compile-v2/cc-diagnostic,perry_runtime::gc::layout::layout_note_slot::{closure#1},no_pgcm_function_at_start,,2,10499086
command,main_thread,runtime_helper_source_bound,/root/cc-perf-native-recv-0909/gc-leaf-census-20260911/compile-v2/cc-diagnostic,js_put_value_set,no_pgcm_function_at_start,,2,10494553
command,main_thread,other_application_symbol,/root/cc-perf-native-recv-0909/gc-leaf-census-20260911/compile-v2/cc-diagnostic,perry_runtime::object::field_get_set::enumeration::canonical_array_index,no_pgcm_function_at_start,,2,10489699
between_phases,foreign_pid,other_dso,/usr/bin/node,"v8::internal::compiler::MachineOperatorReducer::MachineOperatorReducer(v8::internal::compiler::AdvancedReducer::Editor*, v8::internal::compiler::MachineGraph*, v8::internal::compiler::MachineOperatorReducer::SignallingNanPropagation)",not_application_dso,,1,10486954
command,main_thread,other_application_symbol,/root/cc-perf-native-recv-0909/gc-leaf-census-20260911/compile-v2/cc-diagnostic,perry_runtime::object::prop_plan::read_plan_lookup,no_pgcm_function_at_start,,2,10486301
command,main_thread,compiled_function_prefix,/root/cc-perf-native-recv-0909/gc-leaf-census-20260911/compile-v2/cc-diagnostic,perry_fn_cli_2_1_112_js__YF6,exact_start_and_symbol,9:6,2,10481002
command,main_thread,compiled_function_prefix,/root/cc-perf-native-recv-0909/gc-leaf-census-20260911/compile-v2/cc-diagnostic,perry_fn_cli_2_1_112_js__Ez4,exact_start_and_symbol,63:39,2,10480223
command,main_thread,other_application_symbol,/root/cc-perf-native-recv-0909/gc-leaf-census-20260911/compile-v2/cc-diagnostic,perry_runtime::object::class_registry::parent_static::is_registered_class_prototype_object,no_pgcm_function_at_start,,2,10480102
command,main_thread,other_application_symbol,/root/cc-perf-native-recv-0909/gc-leaf-census-20260911/compile-v2/cc-diagnostic,perry_runtime::box::scan_box_roots_mut,no_pgcm_function_at_start,,2,10475998
command,main_thread,other_application_symbol,/root/cc-perf-native-recv-0909/gc-leaf-census-20260911/compile-v2/cc-diagnostic,perry_runtime::object::native_module::callable_exports::bound_native_callable_module_and_method,no_pgcm_function_at_start,,2,10470913
command,main_thread,other_application_symbol,/root/cc-perf-native-recv-0909/gc-leaf-census-20260911/compile-v2/cc-diagnostic,perry_runtime::object::set_object_keys_array,no_pgcm_function_at_start,,2,10469460
command,main_thread,other_application_symbol,/root/cc-perf-native-recv-0909/gc-leaf-census-20260911/compile-v2/cc-diagnostic,perry_runtime::array::iter_object::make_pair_array,no_pgcm_function_at_start,,2,10467809
command,main_thread,other_application_symbol,/root/cc-perf-native-recv-0909/gc-leaf-census-20260911/compile-v2/cc-diagnostic,perry_runtime::async_hooks::is_async_resource_handle,no_pgcm_function_at_start,,2,10462769
command,main_thread,other_application_symbol,/root/cc-perf-native-recv-0909/gc-leaf-census-20260911/compile-v2/cc-diagnostic,perry_runtime::url::search_params::url_search_params_backing_of,no_pgcm_function_at_start,,2,10462527
command,main_thread,other_application_symbol,/root/cc-perf-native-recv-0909/gc-leaf-census-20260911/compile-v2/cc-diagnostic,trunc,no_pgcm_function_at_start,,2,10460019
command,main_thread,other_application_symbol,/root/cc-perf-native-recv-0909/gc-leaf-census-20260911/compile-v2/cc-diagnostic,<core::str::lossy::Utf8Chunks as core::iter::traits::iterator::Iterator>::next,no_pgcm_function_at_start,,2,10457913
command,main_thread,other_application_symbol,/root/cc-perf-native-recv-0909/gc-leaf-census-20260911/compile-v2/cc-diagnostic,perry_runtime::regex::lookup_repeat_matcher,no_pgcm_function_at_start,,2,10456383
command,main_thread,runtime_helper_source_bound,/root/cc-perf-native-recv-0909/gc-leaf-census-20260911/compile-v2/cc-diagnostic,js_object_alloc_with_parent,no_pgcm_function_at_start,,2,10449078
command,main_thread,runtime_helper_source_bound,/root/cc-perf-native-recv-0909/gc-leaf-census-20260911/compile-v2/cc-diagnostic,js_array_push_f64,no_pgcm_function_at_start,,2,10441417
startup,main_thread,runtime_helper_source_bound,/root/cc-perf-native-recv-0909/gc-leaf-census-20260911/compile-v2/cc-diagnostic,js_closure_call1_receiverless,no_pgcm_function_at_start,,2,10435122
command,main_thread,other_application_symbol,/root/cc-perf-native-recv-0909/gc-leaf-census-20260911/compile-v2/cc-diagnostic,perry_runtime::object::field_get_set::accessors::array_subclass_prototype_field,no_pgcm_function_at_start,,2,10434454
command,main_thread,unknown_symbol,[unknown],[unknown],not_application_dso,,2,10433895
startup,foreign_pid,other_dso,/usr/bin/node,"detail::sprp(unsigned long long, unsigned long long)",not_application_dso,,2,10432898
command,main_thread,other_application_symbol,/root/cc-perf-native-recv-0909/gc-leaf-census-20260911/compile-v2/cc-diagnostic,_mi_malloc_generic,no_pgcm_function_at_start,,2,10416689
command,main_thread,other_application_symbol,/root/cc-perf-native-recv-0909/gc-leaf-census-20260911/compile-v2/cc-diagnostic,"core::ptr::drop_glue::<perry_runtime::gc::roots::GcRootRegistryGuard<core::option::Option<std::collections::hash::map::HashMap<alloc::string::String, alloc::vec::Vec<perry_runtime::ui_text_registry::ForEachBinding>>>>>",no_pgcm_function_at_start,,2,10412715
command,main_thread,other_application_symbol,/root/cc-perf-native-recv-0909/gc-leaf-census-20260911/compile-v2/cc-diagnostic,perry_runtime::proxy::target_set,no_pgcm_function_at_start,,2,10403735
command,main_thread,compiled_function_prefix,/root/cc-perf-native-recv-0909/gc-leaf-census-20260911/compile-v2/cc-diagnostic,perry_fn_cli_2_1_112_js__GW7,exact_start_and_symbol,8:0,2,10401366
startup,main_thread,runtime_helper_source_bound,/root/cc-perf-native-recv-0909/gc-leaf-census-20260911/compile-v2/cc-diagnostic,js_typed_feedback_class_field_set_guard,no_pgcm_function_at_start,,2,10397495
between_phases,main_thread,other_application_symbol,/root/cc-perf-native-recv-0909/gc-leaf-census-20260911/compile-v2/cc-diagnostic,mi_malloc_aligned,no_pgcm_function_at_start,,2,10396659
between_phases,main_thread,other_application_symbol,/root/cc-perf-native-recv-0909/gc-leaf-census-20260911/compile-v2/cc-diagnostic,_mi_page_malloc_zero,no_pgcm_function_at_start,,2,10394441
command,main_thread,runtime_helper_source_bound,/root/cc-perf-native-recv-0909/gc-leaf-census-20260911/compile-v2/cc-diagnostic,js_nanbox_get_pointer,no_pgcm_function_at_start,,2,10389461
command,main_thread,other_application_symbol,/root/cc-perf-native-recv-0909/gc-leaf-census-20260911/compile-v2/cc-diagnostic,"<perry_runtime::object::class_image::ImageTable<std::sync::poison::rwlock::RwLock<core::option::Option<std::collections::hash::map::HashMap<u32, perry_runtime::object::class_registry::state::ClassVTable, perry_runtime::fast_hash::PtrHasher>>>>>::read",no_pgcm_function_at_start,,2,10386143
startup,main_thread,other_application_symbol,/root/cc-perf-native-recv-0909/gc-leaf-census-20260911/compile-v2/cc-diagnostic,perry_runtime::typedarray::lookup_typed_array_kind,no_pgcm_function_at_start,,2,10382131
command,main_thread,other_application_symbol,/root/cc-perf-native-recv-0909/gc-leaf-census-20260911/compile-v2/cc-diagnostic,perry_runtime::box::is_registered_box_ptr,no_pgcm_function_at_start,,2,10381553
between_phases,main_thread,runtime_helper_source_bound,/root/cc-perf-native-recv-0909/gc-leaf-census-20260911/compile-v2/cc-diagnostic,js_jsvalue_to_string,no_pgcm_function_at_start,,2,10381497
between_phases,main_thread,other_application_symbol,/root/cc-perf-native-recv-0909/gc-leaf-census-20260911/compile-v2/cc-diagnostic,perry_runtime::gc::root_words::mark_mutable_root_bits,no_pgcm_function_at_start,,2,10378683
between_phases,main_thread,other_dso,/usr/lib/x86_64-linux-gnu/libc.so.6,__memset_avx512_unaligned_erms,not_application_dso,,2,10369859
between_phases,main_thread,other_application_symbol,/root/cc-perf-native-recv-0909/gc-leaf-census-20260911/compile-v2/cc-diagnostic,perry_runtime::symbol::is_registered_symbol_slow,no_pgcm_function_at_start,,2,10366019
between_phases,main_thread,other_application_symbol,/root/cc-perf-native-recv-0909/gc-leaf-census-20260911/compile-v2/cc-diagnostic,<perry_runtime::gc::roots::RuntimeRootVisitor>::visit_nanbox_bits,no_pgcm_function_at_start,,2,10359374
startup,main_thread,runtime_helper_source_bound,/root/cc-perf-native-recv-0909/gc-leaf-census-20260911/compile-v2/cc-diagnostic,js_native_call_value,no_pgcm_function_at_start,,2,10346635
between_phases,main_thread,other_application_symbol,/root/cc-perf-native-recv-0909/gc-leaf-census-20260911/compile-v2/cc-diagnostic,perry_runtime::buffer::view::remove_entries_for_dead_buffer,no_pgcm_function_at_start,,2,10345861
between_phases,main_thread,other_application_symbol,/root/cc-perf-native-recv-0909/gc-leaf-census-20260911/compile-v2/cc-diagnostic,perry_runtime::closure::dynamic_props::scan_closure_dynamic_props_roots_mut,no_pgcm_function_at_start,,2,10335695
between_phases,main_thread,other_application_symbol,/root/cc-perf-native-recv-0909/gc-leaf-census-20260911/compile-v2/cc-diagnostic,perry_runtime::shared_sab::is_shared_sab,no_pgcm_function_at_start,,2,10317597
command,main_thread,other_application_symbol,/root/cc-perf-native-recv-0909/gc-leaf-census-20260911/compile-v2/cc-diagnostic,perry_runtime::object::class_registry::state::class_decl_prototype_object,no_pgcm_function_at_start,,2,10315578
command,main_thread,other_application_symbol,/root/cc-perf-native-recv-0909/gc-leaf-census-20260911/compile-v2/cc-diagnostic,<perry_runtime::gc::copying_pointer_set::CopyingPointerSet>::classify_malloc,no_pgcm_function_at_start,,2,10311756
command,main_thread,other_application_symbol,/root/cc-perf-native-recv-0909/gc-leaf-census-20260911/compile-v2/cc-diagnostic,perry_runtime::object::arguments::is_arguments_object,no_pgcm_function_at_start,,2,10301134
between_phases,main_thread,other_application_symbol,/root/cc-perf-native-recv-0909/gc-leaf-census-20260911/compile-v2/cc-diagnostic,perry_runtime::gc::trace::trace_heap_rewrite_slots::{closure#0},no_pgcm_function_at_start,,2,10300278
startup,main_thread,other_application_symbol,/root/cc-perf-native-recv-0909/gc-leaf-census-20260911/compile-v2/cc-diagnostic,perry_runtime::object::string_wrapper::has_index_key,no_pgcm_function_at_start,,2,10298255
command,main_thread,other_application_symbol,/root/cc-perf-native-recv-0909/gc-leaf-census-20260911/compile-v2/cc-diagnostic,perry_runtime::arena::page_meta::flush_deferred_old_page_registrations_batch,no_pgcm_function_at_start,,2,10295837
command,main_thread,other_application_symbol,/root/cc-perf-native-recv-0909/gc-leaf-census-20260911/compile-v2/cc-diagnostic,perry_runtime::object::shapes::shape_descriptor_ensure_with_holes,no_pgcm_function_at_start,,2,10291827
between_phases,main_thread,other_application_symbol,/root/cc-perf-native-recv-0909/gc-leaf-census-20260911/compile-v2/cc-diagnostic,perry_runtime::object::object_keys_array,no_pgcm_function_at_start,,2,10279323
startup,main_thread,other_application_symbol,/root/cc-perf-native-recv-0909/gc-leaf-census-20260911/compile-v2/cc-diagnostic,perry_runtime::object::reflect_support::obj_value_has_own_key,no_pgcm_function_at_start,,2,10270560
between_phases,main_thread,other_application_symbol,/root/cc-perf-native-recv-0909/gc-leaf-census-20260911/compile-v2/cc-diagnostic,perry_runtime::gc::layout::layout_note_slot,no_pgcm_function_at_start,,2,10256836
command,main_thread,other_application_symbol,/root/cc-perf-native-recv-0909/gc-leaf-census-20260911/compile-v2/cc-diagnostic,perry_runtime::iter_result::emit_iter_result_cached,no_pgcm_function_at_start,,2,10252454
startup,main_thread,other_application_symbol,/root/cc-perf-native-recv-0909/gc-leaf-census-20260911/compile-v2/cc-diagnostic,perry_runtime::typedarray_props::typed_array_addr_from_value,no_pgcm_function_at_start,,2,10240804
between_phases,main_thread,compiled_function_prefix,/root/cc-perf-native-recv-0909/gc-leaf-census-20260911/compile-v2/cc-diagnostic,perry_fn_cli_2_1_112_js__GW7,exact_start_and_symbol,8:0,2,10238261
startup,main_thread,other_application_symbol,/root/cc-perf-native-recv-0909/gc-leaf-census-20260911/compile-v2/cc-diagnostic,<regex_syntax::hir::ClassUnicodeRange as regex_syntax::hir::interval::Interval>::case_fold_simple,no_pgcm_function_at_start,,2,10237026
startup,main_thread,other_application_symbol,/root/cc-perf-native-recv-0909/gc-leaf-census-20260911/compile-v2/cc-diagnostic,perry_runtime::object::object_ops::extract_obj_ptr,no_pgcm_function_at_start,,2,10227153
startup,main_thread,other_application_symbol,/root/cc-perf-native-recv-0909/gc-leaf-census-20260911/compile-v2/cc-diagnostic,perry_runtime::object::live_slots::object_live_slot_count,no_pgcm_function_at_start,,2,10211111
command,main_thread,compiled_function_prefix,/root/cc-perf-native-recv-0909/gc-leaf-census-20260911/compile-v2/cc-diagnostic,perry_closure_cli_2_1_112_js__37648,exact_start_and_symbol,94:6,2,10204490
between_phases,main_thread,other_application_symbol,/root/cc-perf-native-recv-0909/gc-leaf-census-20260911/compile-v2/cc-diagnostic,<perry_runtime::gc::roots::RuntimeRootVisitor>::visit_nanbox_u64_raw_slot,no_pgcm_function_at_start,,2,10188619
startup,main_thread,other_application_symbol,/root/cc-perf-native-recv-0909/gc-leaf-census-20260911/compile-v2/cc-diagnostic,perry_runtime::native_handle::canonical::is_canonical_handle_addr,no_pgcm_function_at_start,,2,10185824
startup,main_thread,other_application_symbol,/root/cc-perf-native-recv-0909/gc-leaf-census-20260911/compile-v2/cc-diagnostic,perry_runtime::array::iter_object::dispatch_array_iterator_method_inner,no_pgcm_function_at_start,,2,10185185
startup,main_thread,other_application_symbol,/root/cc-perf-native-recv-0909/gc-leaf-census-20260911/compile-v2/cc-diagnostic,<std::hash::random::RandomState as core::hash::BuildHasher>::hash_one::<&str>,no_pgcm_function_at_start,,2,10175425
between_phases,main_thread,other_application_symbol,/root/cc-perf-native-recv-0909/gc-leaf-census-20260911/compile-v2/cc-diagnostic,perry_runtime::box::scan_box_roots_mut,no_pgcm_function_at_start,,2,10171412
startup,main_thread,runtime_export_prefix_only,/root/cc-perf-native-recv-0909/gc-leaf-census-20260911/compile-v2/cc-diagnostic,js_string_intern,no_pgcm_function_at_start,,2,10167714
startup,main_thread,other_application_symbol,/root/cc-perf-native-recv-0909/gc-leaf-census-20260911/compile-v2/cc-diagnostic,<regex_automata::meta::strategy::ReverseSuffix as regex_automata::meta::strategy::Strategy>::search_half,no_pgcm_function_at_start,,2,10163036
startup,main_thread,other_application_symbol,/root/cc-perf-native-recv-0909/gc-leaf-census-20260911/compile-v2/cc-diagnostic,perry_runtime::typedarray::lookup_registered_typed_array_kind,no_pgcm_function_at_start,,2,10129896
between_phases,main_thread,other_application_symbol,/root/cc-perf-native-recv-0909/gc-leaf-census-20260911/compile-v2/cc-diagnostic,<std::hash::random::RandomState as core::hash::BuildHasher>::hash_one::<&char>,no_pgcm_function_at_start,,2,10108870
startup,main_thread,other_application_symbol,/root/cc-perf-native-recv-0909/gc-leaf-census-20260911/compile-v2/cc-diagnostic,perry_runtime::map::is_registered_map,no_pgcm_function_at_start,,2,10062250
between_phases,main_thread,other_application_symbol,/root/cc-perf-native-recv-0909/gc-leaf-census-20260911/compile-v2/cc-diagnostic,perry_runtime::object::class_registry::state::class_id_for_decl_prototype_object,no_pgcm_function_at_start,,2,10052933
startup,main_thread,other_application_symbol,/root/cc-perf-native-recv-0909/gc-leaf-census-20260911/compile-v2/cc-diagnostic,perry_runtime::gc::layout_tables::refresh_per_object_layouts_flag,no_pgcm_function_at_start,,2,10020698
command,main_thread,compiled_function_prefix,/root/cc-perf-native-recv-0909/gc-leaf-census-20260911/compile-v2/cc-diagnostic,perry_fn_cli_2_1_112_js__m_A,exact_start_and_symbol,70:0,2,10018627
startup,main_thread,other_application_symbol,/root/cc-perf-native-recv-0909/gc-leaf-census-20260911/compile-v2/cc-diagnostic,perry_runtime::gc::forwarding::forwarding_target_is_object_start,no_pgcm_function_at_start,,2,10011072
command,main_thread,other_application_symbol,/root/cc-perf-native-recv-0909/gc-leaf-census-20260911/compile-v2/cc-diagnostic,perry_runtime::gc::dead_owner::prune_dead_owner_side_tables_copied_minor::{closure#0},no_pgcm_function_at_start,,2,10007531
command,main_thread,other_application_symbol,/root/cc-perf-native-recv-0909/gc-leaf-census-20260911/compile-v2/cc-diagnostic,<perry_runtime::object::shapes::ShapeTableInner>::facts_remove,no_pgcm_function_at_start,,2,9954456
startup,foreign_pid,other_dso,/usr/bin/node,Builtins_InterpreterEntryTrampoline,not_application_dso,,2,9949043
command,main_thread,other_application_symbol,/root/cc-perf-native-recv-0909/gc-leaf-census-20260911/compile-v2/cc-diagnostic,perry_runtime::object::iterator_prototypes::call_overridden_iterator_next,no_pgcm_function_at_start,,2,9934568
startup,main_thread,other_application_symbol,/root/cc-perf-native-recv-0909/gc-leaf-census-20260911/compile-v2/cc-diagnostic,perry_runtime::closure::registry::resolve_strategy_slow,no_pgcm_function_at_start,,2,9932974
between_phases,main_thread,runtime_helper_source_bound,/root/cc-perf-native-recv-0909/gc-leaf-census-20260911/compile-v2/cc-diagnostic,js_to_primitive,no_pgcm_function_at_start,,2,9928174
startup,main_thread,runtime_helper_source_bound,/root/cc-perf-native-recv-0909/gc-leaf-census-20260911/compile-v2/cc-diagnostic,js_get_global_this_builtin_value,no_pgcm_function_at_start,,2,9893799
startup,main_thread,other_application_symbol,/root/cc-perf-native-recv-0909/gc-leaf-census-20260911/compile-v2/cc-diagnostic,perry_runtime::object::class_registry::prototype_objects::class_prototype_object,no_pgcm_function_at_start,,2,9883519
between_phases,main_thread,runtime_helper_source_bound,/root/cc-perf-native-recv-0909/gc-leaf-census-20260911/compile-v2/cc-diagnostic,js_object_get_field_ic,no_pgcm_function_at_start,,2,9868692
between_phases,main_thread,other_application_symbol,/root/cc-perf-native-recv-0909/gc-leaf-census-20260911/compile-v2/cc-diagnostic,<perry_runtime::gc::roots::RuntimeRootVisitor>::visit_tagged_raw_addr,no_pgcm_function_at_start,,2,9844200
startup,main_thread,other_application_symbol,/root/cc-perf-native-recv-0909/gc-leaf-census-20260911/compile-v2/cc-diagnostic,perry_runtime::object::prototype_chain::object_static_prototype,no_pgcm_function_at_start,,2,9836063
startup,main_thread,other_application_symbol,/root/cc-perf-native-recv-0909/gc-leaf-census-20260911/compile-v2/cc-diagnostic,perry_runtime::arena::page_meta::classify_heap_generation_uncached,no_pgcm_function_at_start,,2,9820428
command,main_thread,runtime_helper_source_bound,/root/cc-perf-native-recv-0909/gc-leaf-census-20260911/compile-v2/cc-diagnostic,js_dynamic_string_or_number_add,no_pgcm_function_at_start,,2,9814158
startup,main_thread,other_application_symbol,/root/cc-perf-native-recv-0909/gc-leaf-census-20260911/compile-v2/cc-diagnostic,<regex_automata::nfa::thompson::compiler::Utf8Compiler>::compile,no_pgcm_function_at_start,,2,9717886
startup,main_thread,other_application_symbol,/root/cc-perf-native-recv-0909/gc-leaf-census-20260911/compile-v2/cc-diagnostic,perry_runtime::object::native_call_method::js_native_call_method::{closure#5},no_pgcm_function_at_start,,2,9694110
startup,main_thread,other_application_symbol,/root/cc-perf-native-recv-0909/gc-leaf-census-20260911/compile-v2/cc-diagnostic,perry_runtime::object::descriptor_state::owner_index_transfer,no_pgcm_function_at_start,,2,9621922
command,main_thread,other_application_symbol,/root/cc-perf-native-recv-0909/gc-leaf-census-20260911/compile-v2/cc-diagnostic,perry_runtime::object::shapes::shape_slot_lookup_verdict,no_pgcm_function_at_start,,2,9592303
between_phases,main_thread,other_application_symbol,/root/cc-perf-native-recv-0909/gc-leaf-census-20260911/compile-v2/cc-diagnostic,perry_runtime::gc::roots::mark_mutable_root_slots_step,no_pgcm_function_at_start,,2,9583494
startup,main_thread,runtime_helper_source_bound,/root/cc-perf-native-recv-0909/gc-leaf-census-20260911/compile-v2/cc-diagnostic,js_object_get_field,no_pgcm_function_at_start,,2,9542036
startup,main_thread,other_application_symbol,/root/cc-perf-native-recv-0909/gc-leaf-census-20260911/compile-v2/cc-diagnostic,"<hashbrown::raw::RawTable<(usize, perry_runtime::closure::registry::ClosureBodyRecord)>>::reserve_rehash::<hashbrown::map::make_hasher<usize, perry_runtime::closure::registry::ClosureBodyRecord, perry_runtime::fast_hash::PtrHasher>::{closure#0}>",no_pgcm_function_at_start,,3,9485652
startup,main_thread,other_application_symbol,/root/cc-perf-native-recv-0909/gc-leaf-census-20260911/compile-v2/cc-diagnostic,<regex_automata::nfa::thompson::builder::Builder>::build,no_pgcm_function_at_start,,2,9452743
startup,foreign_pid,other_dso,/usr/bin/node,v8::internal::Deserializer<v8::internal::Isolate>::ReadObject(v8::internal::SnapshotSpace),not_application_dso,,2,9452367
startup,main_thread,other_application_symbol,/root/cc-perf-native-recv-0909/gc-leaf-census-20260911/compile-v2/cc-diagnostic,<regex_automata::nfa::thompson::builder::Builder>::add,no_pgcm_function_at_start,,2,9440165
startup,main_thread,other_application_symbol,/root/cc-perf-native-recv-0909/gc-leaf-census-20260911/compile-v2/cc-diagnostic,<alloc::string::String as core::fmt::Write>::write_str,no_pgcm_function_at_start,,2,9394358
between_phases,foreign_pid,other_dso,/usr/bin/node,v8::internal::HeapObjectIterator::NextObject(),not_application_dso,,2,9301765
startup,main_thread,other_application_symbol,/root/cc-perf-native-recv-0909/gc-leaf-census-20260911/compile-v2/cc-diagnostic,perry_runtime::buffer::header::is_registered_buffer,no_pgcm_function_at_start,,2,9278480
startup,main_thread,other_application_symbol,/root/cc-perf-native-recv-0909/gc-leaf-census-20260911/compile-v2/cc-diagnostic,<perry_runtime::object::shapes::shapes_store::IdList>::remove_inline,no_pgcm_function_at_start,,2,9245058
command,main_thread,runtime_helper_source_bound,/root/cc-perf-native-recv-0909/gc-leaf-census-20260911/compile-v2/cc-diagnostic,js_number_is_safe_integer,no_pgcm_function_at_start,,2,9221704
startup,main_thread,other_application_symbol,/root/cc-perf-native-recv-0909/gc-leaf-census-20260911/compile-v2/cc-diagnostic,<regex_automata::nfa::thompson::compiler::Compiler>::c,no_pgcm_function_at_start,,2,9217659
startup,main_thread,other_application_symbol,/root/cc-perf-native-recv-0909/gc-leaf-census-20260911/compile-v2/cc-diagnostic,<regex_automata::nfa::thompson::map::Utf8BoundedEntry as alloc::vec::spec_from_elem::SpecFromElem>::from_elem::<alloc::alloc::Global>,no_pgcm_function_at_start,,2,9207852
between_phases,main_thread,runtime_helper_source_bound,/root/cc-perf-native-recv-0909/gc-leaf-census-20260911/compile-v2/cc-diagnostic,js_native_call_method,no_pgcm_function_at_start,,2,9109910
between_phases,foreign_pid,other_dso,/usr/bin/node,v8::internal::Scanner::Next(),not_application_dso,,2,9067134
startup,main_thread,other_application_symbol,/root/cc-perf-native-recv-0909/gc-leaf-census-20260911/compile-v2/cc-diagnostic,<std::hash::random::RandomState as core::hash::BuildHasher>::hash_one::<&char>,no_pgcm_function_at_start,,2,8964079
between_phases,foreign_pid,other_dso,/usr/bin/node,v8::internal::String::ComputeAndSetRawHash(v8::internal::SharedStringAccessGuardIfNeeded const&),not_application_dso,,2,8894469
startup,main_thread,other_application_symbol,/root/cc-perf-native-recv-0909/gc-leaf-census-20260911/compile-v2/cc-diagnostic,perry_runtime::gc::layout::layout_note_slot,no_pgcm_function_at_start,,2,8807009
startup,main_thread,other_application_symbol,/root/cc-perf-native-recv-0909/gc-leaf-census-20260911/compile-v2/cc-diagnostic,perry_runtime::typed_feedback::guards::key_as_str,no_pgcm_function_at_start,,2,8805552
startup,main_thread,runtime_helper_source_bound,/root/cc-perf-native-recv-0909/gc-leaf-census-20260911/compile-v2/cc-diagnostic,js_object_define_property,no_pgcm_function_at_start,,2,8723931
startup,main_thread,other_application_symbol,/root/cc-perf-native-recv-0909/gc-leaf-census-20260911/compile-v2/cc-diagnostic,regex_automata::util::determinize::add_nfa_states,no_pgcm_function_at_start,,2,8716872
startup,foreign_pid,other_dso,/usr/lib/x86_64-linux-gnu/libc.so.6,malloc,not_application_dso,,2,8712149
startup,main_thread,other_application_symbol,/root/cc-perf-native-recv-0909/gc-leaf-census-20260911/compile-v2/cc-diagnostic,"<hashbrown::raw::RawTable<((usize, alloc::string::String), perry_runtime::object::descriptor_state::PropertyAttrs)>>::reserve_rehash::<hashbrown::map::make_hasher<(usize, alloc::string::String), perry_runtime::object::descriptor_state::PropertyAttrs, perry_runtime::fast_hash::FastKeyHasher>::{closure#0}>",no_pgcm_function_at_start,,2,8658696
startup,main_thread,other_application_symbol,/root/cc-perf-native-recv-0909/gc-leaf-census-20260911/compile-v2/cc-diagnostic,perry_runtime::string::string_storage_alloc,no_pgcm_function_at_start,,2,8642192
startup,main_thread,other_application_symbol,/root/cc-perf-native-recv-0909/gc-leaf-census-20260911/compile-v2/cc-diagnostic,perry_runtime::object::class_registry::registration::is_class_id_registered,no_pgcm_function_at_start,,2,8630472
startup,main_thread,runtime_helper_source_bound,/root/cc-perf-native-recv-0909/gc-leaf-census-20260911/compile-v2/cc-diagnostic,js_string_coerce,no_pgcm_function_at_start,,2,8438375
between_phases,foreign_pid,other_dso,/usr/bin/node,"v8::internal::compiler::turboshaft::(anonymous namespace)::GraphBuilder::Process(v8::internal::compiler::Node*, v8::internal::compiler::BasicBlock*, v8::base::SmallVector<int, 16ul, std::allocator<int> > const&, v8::internal::compiler::turboshaft::OpIndex&, std::optional<v8::internal::BailoutReason>*, bool)",not_application_dso,,1,8270718
between_phases,foreign_pid,other_dso,/usr/bin/node,"void v8::internal::compiler::turboshaft::DeadCodeAnalysis::ProcessBlock<false>(v8::internal::compiler::turboshaft::Block const&, unsigned int*)",not_application_dso,,1,8270718
startup,foreign_pid,other_dso,/usr/bin/node,"v8::internal::compiler::turboshaft::GraphVisitor<v8::internal::compiler::turboshaft::StringEscapeAnalysisReducer<v8::internal::compiler::turboshaft::JSGenericLoweringReducer<v8::internal::compiler::turboshaft::DataViewLoweringReducer<v8::internal::compiler::turboshaft::MachineLoweringReducer<v8::internal::compiler::turboshaft::FastApiCallLoweringReducer<v8::internal::compiler::turboshaft::VariableReducer<v8::internal::compiler::turboshaft::SelectLoweringReducer<v8::internal::compiler::turboshaft::MachineOptimizationReducer<v8::internal::compiler::turboshaft::EmitProjectionReducer<v8::internal::compiler::turboshaft::ValueNumberingReducer<v8::internal::compiler::turboshaft::AssemblerOpInterface<v8::internal::compiler::turboshaft::ReducerBase<v8::internal::compiler::turboshaft::GraphEmitter<v8::internal::compiler::turboshaft::StackBottom<v8::internal::compiler::turboshaft::Assembler<v8::internal::compiler::turboshaft::GraphVisitor, v8::internal::compiler::turboshaft::StringEscapeAnalysisReducer, v8::internal::compiler::turboshaft::JSGenericLoweringReducer, v8::internal::compiler::turboshaft::DataViewLoweringReducer, v8::internal::compiler::turboshaft::MachineLoweringReducer, v8::internal::compiler::turboshaft::FastApiCallLoweringReducer, v8::internal::compiler::turboshaft::VariableReducer, v8::internal::compiler::turboshaft::SelectLoweringReducer, v8::internal::compiler::turboshaft::MachineOptimizationReducer, v8::internal::compiler::turboshaft::ValueNumberingReducer>, v8::base::tmp::list1<v8::internal::compiler::turboshaft::GraphVisitor, v8::internal::compiler::turboshaft::StringEscapeAnalysisReducer, v8::internal::compiler::turboshaft::JSGenericLoweringReducer, v8::internal::compiler::turboshaft::DataViewLoweringReducer, v8::internal::compiler::turboshaft::MachineLoweringReducer, v8::internal::compiler::turboshaft::FastApiCallLoweringReducer, v8::internal::compiler::turboshaft::VariableReducer, v8::internal::compiler::turboshaft::SelectLoweringReducer, v8::internal::compiler::turboshaft::MachineOptimizationReducer, v8::internal::compiler::turboshaft::EmitProjectionReducer, v8::internal::compiler::turboshaft::ValueNumberingReducer, v8::internal::compiler::turboshaft::AssemblerOpInterface, v8::internal::compiler::turboshaft::ReducerBase, v8::internal::compiler::turboshaft::GraphEmitter> > > > > > > > > > > > > > > >::Finalize()",not_application_dso,,1,8270718
startup,foreign_pid,other_dso,/usr/lib/x86_64-linux-gnu/libc.so.6,__strlen_evex,not_application_dso,,1,8270718
startup,main_thread,other_application_symbol,/root/cc-perf-native-recv-0909/gc-leaf-census-20260911/compile-v2/cc-diagnostic,perry_runtime::object::object_ops::prototype::js_object_get_prototype_of::{closure#0},no_pgcm_function_at_start,,2,8269793
startup,foreign_pid,other_dso,/usr/bin/node,v8::internal::String::ComputeAndSetRawHash(v8::internal::SharedStringAccessGuardIfNeeded const&),not_application_dso,,2,8218688
between_phases,foreign_pid,other_dso,/usr/bin/node,icu_78::CharStringByteSink::~CharStringByteSink(),not_application_dso,,1,8210304
startup,foreign_pid,other_dso,/usr/bin/node,Builtins_Call_ReceiverIsAny,not_application_dso,,2,7930786
startup,main_thread,other_application_symbol,/root/cc-perf-native-recv-0909/gc-leaf-census-20260911/compile-v2/cc-diagnostic,<regex_syntax::ast::parse::ParserI<&mut regex_syntax::ast::parse::Parser>>::parse_with_comments,no_pgcm_function_at_start,,2,7770899
startup,main_thread,other_application_symbol,/root/cc-perf-native-recv-0909/gc-leaf-census-20260911/compile-v2/cc-diagnostic,perry_runtime::array::header_gc_slots::store_array_slot_resolved,no_pgcm_function_at_start,,2,7457567
between_phases,foreign_pid,other_dso,/usr/bin/node,"v8::internal::Variable* v8::internal::Scope::Lookup<(v8::internal::Scope::ScopeLookupMode)0>(v8::internal::VariableProxy*, v8::internal::Scope*, v8::internal::Scope*, v8::internal::Scope*, bool)",not_application_dso,,1,7423799
between_phases,foreign_pid,other_dso,/usr/bin/node,"v8::internal::compiler::LiveRangeBuilder::ProcessLoopHeader(v8::internal::compiler::InstructionBlock const*, v8::internal::SparseBitVector*)",not_application_dso,,1,6950963
startup,main_thread,other_application_symbol,/root/cc-perf-native-recv-0909/gc-leaf-census-20260911/compile-v2/cc-diagnostic,<std::hash::random::RandomState as core::hash::BuildHasher>::hash_one::<&alloc::boxed::Box<str>>,no_pgcm_function_at_start,,2,6701916
startup,foreign_pid,other_dso,/usr/bin/node,v8::internal::ParserBase<v8::internal::Parser>::ParseReturnStatement(),not_application_dso,,1,6428926
startup,foreign_pid,other_dso,/usr/bin/node,v8::internal::RegExpCapture::IsAnchoredAtEnd(),not_application_dso,,1,6428926
between_phases,foreign_pid,other_dso,/usr/bin/node,"int v8::internal::Deserializer<v8::internal::Isolate>::ReadReadOnlyHeapRef<v8::internal::SlotAccessorForHandle<v8::internal::Isolate> >(unsigned char, v8::internal::SlotAccessorForHandle<v8::internal::Isolate>)",not_application_dso,,1,6421934
between_phases,foreign_pid,other_dso,/usr/bin/node,v8::internal::interpreter::ConstantArrayBuilder::Insert(v8::internal::AstRawString const*),not_application_dso,,1,6371104
startup,foreign_pid,other_dso,/usr/bin/node,v8::internal::compiler::MoveOptimizer::Run(),not_application_dso,,1,6240601
between_phases,foreign_pid,other_dso,/usr/bin/node,v8::internal::NameToIndexHashTable::Lookup(v8::internal::Tagged<v8::internal::Name>),not_application_dso,,1,6120343
between_phases,foreign_pid,other_dso,/usr/lib/x86_64-linux-gnu/libc.so.6,__memmove_avx512_unaligned_erms,not_application_dso,,2,6117479
startup,foreign_pid,other_dso,/usr/bin/node,v8::internal::ParserBase<v8::internal::Parser>::ParseIfStatement(v8::internal::ZoneList<v8::internal::AstRawString const*>*),not_application_dso,,1,6067352
between_phases,foreign_pid,other_dso,/usr/bin/node,OPENSSL_sk_pop_free,not_application_dso,,1,5613189
startup,foreign_pid,other_dso,/usr/bin/node,Builtins_CreateArrayLiteralWideHandler,not_application_dso,,1,5598450
startup,foreign_pid,other_dso,/usr/bin/node,"v8::internal::SharedFunctionInfo::SetScopeInfo(v8::internal::Tagged<v8::internal::ScopeInfo>, v8::internal::WriteBarrierMode)",not_application_dso,,1,5491587
startup,foreign_pid,unknown_symbol,[unknown],[unknown],not_application_dso,,11,5487292
startup,foreign_pid,other_dso,/usr/bin/node,v8::internal::interpreter::BytecodeRegisterOptimizer::PrepareOutputRegister(v8::internal::interpreter::Register),not_application_dso,,1,5479376
between_phases,main_thread,other_application_symbol,/root/cc-perf-native-recv-0909/gc-leaf-census-20260911/compile-v2/cc-diagnostic,"core::slice::sort::unstable::quicksort::quicksort::<u32, <u32 as core::cmp::PartialOrd>::lt>",no_pgcm_function_at_start,,1,5409295
startup,foreign_pid,other_dso,/usr/bin/node,"v8::internal::Runtime_CompileLazy(int, unsigned long*, v8::internal::Isolate*)",not_application_dso,,1,5373925
command,main_thread,other_application_symbol,/root/cc-perf-native-recv-0909/gc-leaf-census-20260911/compile-v2/cc-diagnostic,perry_runtime::closure::dynamic_props::clear_closure_side_tables_for_dead_ptr,no_pgcm_function_at_start,,1,5348475
startup,foreign_pid,other_dso,/usr/bin/node,Builtins_StringPrototypeTrim,not_application_dso,,1,5346408
command,main_thread,other_application_symbol,/root/cc-perf-native-recv-0909/gc-leaf-census-20260911/compile-v2/cc-diagnostic,perry_runtime::arena::page_meta::register_old_block_pages::{closure#0},no_pgcm_function_at_start,,1,5345776
between_phases,main_thread,other_application_symbol,/root/cc-perf-native-recv-0909/gc-leaf-census-20260911/compile-v2/cc-diagnostic,perry_runtime::weakref::is_weak_target_trace_slot,no_pgcm_function_at_start,,1,5345655
startup,main_thread,other_application_symbol,/root/cc-perf-native-recv-0909/gc-leaf-census-20260911/compile-v2/cc-diagnostic,perry_runtime::gc::layout_slot_visit::fixed_slot,no_pgcm_function_at_start,,1,5344594
startup,main_thread,other_application_symbol,/root/cc-perf-native-recv-0909/gc-leaf-census-20260911/compile-v2/cc-diagnostic,perry_runtime::gc::layout_slot_visit::visit_gc_rewrite_slots::<perry_runtime::gc::verify::restore_surviving_dirty_coverage::{closure#0}::{closure#0}>::{closure#0},no_pgcm_function_at_start,,1,5339773
command,main_thread,other_application_symbol,/root/cc-perf-native-recv-0909/gc-leaf-census-20260911/compile-v2/cc-diagnostic,<perry_runtime::gc::barrier::maintenance::RememberedSetClearState>::step_counted,no_pgcm_function_at_start,,1,5332263
command,main_thread,other_application_symbol,/root/cc-perf-native-recv-0909/gc-leaf-census-20260911/compile-v2/cc-diagnostic,perry_runtime::object::descriptor_state::prune_dead_descriptor_owner_entries_young,no_pgcm_function_at_start,,1,5331434
command,main_thread,compiled_function_prefix,/root/cc-perf-native-recv-0909/gc-leaf-census-20260911/compile-v2/cc-diagnostic,perry_closure_cli_2_1_112_js__36650,exact_start_and_symbol,101:22,1,5327060
command,main_thread,other_application_symbol,/root/cc-perf-native-recv-0909/gc-leaf-census-20260911/compile-v2/cc-diagnostic,perry_runtime::gc::layout_tables::per_object_slot_mask,no_pgcm_function_at_start,,1,5325611
command,main_thread,other_application_symbol,/root/cc-perf-native-recv-0909/gc-leaf-census-20260911/compile-v2/cc-diagnostic,perry_runtime::closure::dynamic_props::merge_closure_prop_map,no_pgcm_function_at_start,,1,5323841
startup,main_thread,other_application_symbol,/root/cc-perf-native-recv-0909/gc-leaf-census-20260911/compile-v2/cc-diagnostic,_mi_theap_realloc_zero,no_pgcm_function_at_start,,1,5322995
startup,main_thread,other_application_symbol,/root/cc-perf-native-recv-0909/gc-leaf-census-20260911/compile-v2/cc-diagnostic,perry_runtime::gc::verify::rebuild_evacuated_old_to_young_remembered_set,no_pgcm_function_at_start,,1,5320770
command,main_thread,other_application_symbol,/root/cc-perf-native-recv-0909/gc-leaf-census-20260911/compile-v2/cc-diagnostic,perry_runtime::typedarray_props::typed_array_addr_from_value,no_pgcm_function_at_start,,1,5317427
startup,main_thread,other_application_symbol,/root/cc-perf-native-recv-0909/gc-leaf-census-20260911/compile-v2/cc-diagnostic,"<hashbrown::map::HashMap<usize, perry_runtime::object::shapes::ShapeIndex, perry_runtime::fast_hash::PtrHasher>>::insert",no_pgcm_function_at_start,,1,5316676
command,main_thread,other_application_symbol,/root/cc-perf-native-recv-0909/gc-leaf-census-20260911/compile-v2/cc-diagnostic,perry_runtime::object::class_registry::construct::lookup_own_prototype_method,no_pgcm_function_at_start,,1,5315618
command,main_thread,other_application_symbol,/root/cc-perf-native-recv-0909/gc-leaf-census-20260911/compile-v2/cc-diagnostic,perry_runtime::array::subclass::dense_layout_for_validated_object,no_pgcm_function_at_start,,1,5315560
startup,foreign_pid,other_dso,/usr/bin/node,v8::internal::Scope::ResolveVariablesRecursively(v8::internal::Scope*),not_application_dso,,1,5313059
command,main_thread,other_application_symbol,/root/cc-perf-native-recv-0909/gc-leaf-census-20260911/compile-v2/cc-diagnostic,alloc::fmt::format::format_inner,no_pgcm_function_at_start,,1,5312393
between_phases,main_thread,other_application_symbol,/root/cc-perf-native-recv-0909/gc-leaf-census-20260911/compile-v2/cc-diagnostic,perry_runtime::object::shapes::prune_dead_shape_keys,no_pgcm_function_at_start,,1,5312329
command,main_thread,other_application_symbol,/root/cc-perf-native-recv-0909/gc-leaf-census-20260911/compile-v2/cc-diagnostic,perry_runtime::object::shapes::stamp_object_shape,no_pgcm_function_at_start,,1,5310702
command,main_thread,other_application_symbol,/root/cc-perf-native-recv-0909/gc-leaf-census-20260911/compile-v2/cc-diagnostic,perry_runtime::gc::layout_tables::layout_key_may_be_nursery,no_pgcm_function_at_start,,1,5310310
between_phases,main_thread,other_application_symbol,/root/cc-perf-native-recv-0909/gc-leaf-census-20260911/compile-v2/cc-diagnostic,perry_runtime::closure::box_captures::prune_dead_closure_box_capture_owners,no_pgcm_function_at_start,,1,5308214
between_phases,main_thread,other_application_symbol,/root/cc-perf-native-recv-0909/gc-leaf-census-20260911/compile-v2/cc-diagnostic,perry_runtime::object::descriptor_state::prune_dead_descriptor_owner_entries,no_pgcm_function_at_start,,1,5306523
command,main_thread,runtime_helper_source_bound,/root/cc-perf-native-recv-0909/gc-leaf-census-20260911/compile-v2/cc-diagnostic,js_gc_declare_typed_shape_layout,no_pgcm_function_at_start,,1,5304301
command,main_thread,other_application_symbol,/root/cc-perf-native-recv-0909/gc-leaf-census-20260911/compile-v2/cc-diagnostic,<perry_runtime::gc::oldgen::IncrementalSweepState>::step,no_pgcm_function_at_start,,1,5301843
between_phases,main_thread,other_application_symbol,/root/cc-perf-native-recv-0909/gc-leaf-census-20260911/compile-v2/cc-diagnostic,<regex_automata::nfa::thompson::compiler::Utf8Compiler>::compile,no_pgcm_function_at_start,,1,5300609
startup,main_thread,other_application_symbol,/root/cc-perf-native-recv-0909/gc-leaf-census-20260911/compile-v2/cc-diagnostic,perry_runtime::array::generic::classify_pointer,no_pgcm_function_at_start,,1,5299436
command,main_thread,compiled_function_prefix,/root/cc-perf-native-recv-0909/gc-leaf-census-20260911/compile-v2/cc-diagnostic,perry_fn_cli_2_1_112_js__TM,exact_start_and_symbol,27:33,1,5298846
between_phases,main_thread,other_application_symbol,/root/cc-perf-native-recv-0909/gc-leaf-census-20260911/compile-v2/cc-diagnostic,<regex_syntax::ast::parse::ParserI<&mut regex_syntax::ast::parse::Parser>>::parse_uncounted_repetition,no_pgcm_function_at_start,,1,5298557
between_phases,main_thread,other_application_symbol,/root/cc-perf-native-recv-0909/gc-leaf-census-20260911/compile-v2/cc-diagnostic,perry_runtime::object::class_registry::prototype_objects::class_prototype_object,no_pgcm_function_at_start,,1,5292988
command,main_thread,runtime_helper_source_bound,/root/cc-perf-native-recv-0909/gc-leaf-census-20260911/compile-v2/cc-diagnostic,js_implicit_this_set,no_pgcm_function_at_start,,1,5292779
command,main_thread,other_application_symbol,/root/cc-perf-native-recv-0909/gc-leaf-census-20260911/compile-v2/cc-diagnostic,perry_runtime::state::state,no_pgcm_function_at_start,,1,5291652
startup,main_thread,other_application_symbol,/root/cc-perf-native-recv-0909/gc-leaf-census-20260911/compile-v2/cc-diagnostic,perry_runtime::object::shapes::stamp_object_shape_id_with_carrier_note,no_pgcm_function_at_start,,1,5290441
between_phases,main_thread,other_application_symbol,/root/cc-perf-native-recv-0909/gc-leaf-census-20260911/compile-v2/cc-diagnostic,perry_runtime::gc::layout_slot_visit::fixed_slot,no_pgcm_function_at_start,,1,5288864
command,main_thread,other_application_symbol,/root/cc-perf-native-recv-0909/gc-leaf-census-20260911/compile-v2/cc-diagnostic,perry_runtime::object::alloc::object_alloc_class_inline_keys_impl,no_pgcm_function_at_start,,1,5288219
command,main_thread,compiled_function_prefix,/root/cc-perf-native-recv-0909/gc-leaf-census-20260911/compile-v2/cc-diagnostic,perry_closure_cli_2_1_112_js__14427,exact_start_and_symbol,74:10,1,5285809
between_phases,main_thread,other_application_symbol,/root/cc-perf-native-recv-0909/gc-leaf-census-20260911/compile-v2/cc-diagnostic,<perry_runtime::gc::trace::ValidPointerSet>::enclosing_object,no_pgcm_function_at_start,,1,5282329
between_phases,main_thread,other_application_symbol,/root/cc-perf-native-recv-0909/gc-leaf-census-20260911/compile-v2/cc-diagnostic,perry_runtime::typed_feedback::normalize_raw_object_addr,no_pgcm_function_at_start,,1,5279838
command,main_thread,other_application_symbol,/root/cc-perf-native-recv-0909/gc-leaf-census-20260911/compile-v2/cc-diagnostic,perry_runtime::object::descriptor_state::gc_scan::scan_descriptor_roots_mut,no_pgcm_function_at_start,,1,5279625
startup,main_thread,other_application_symbol,/root/cc-perf-native-recv-0909/gc-leaf-census-20260911/compile-v2/cc-diagnostic,perry_runtime::object::class_registry::state::class_decl_prototype_object,no_pgcm_function_at_start,,1,5279085
command,main_thread,other_application_symbol,/root/cc-perf-native-recv-0909/gc-leaf-census-20260911/compile-v2/cc-diagnostic,perry_runtime::shared_sab::is_shared_sab,no_pgcm_function_at_start,,1,5277780
between_phases,main_thread,other_application_symbol,/root/cc-perf-native-recv-0909/gc-leaf-census-20260911/compile-v2/cc-diagnostic,perry_runtime::object::keys_lookup::keys_find_slot_by_bytes,no_pgcm_function_at_start,,1,5274180
command,main_thread,other_application_symbol,/root/cc-perf-native-recv-0909/gc-leaf-census-20260911/compile-v2/cc-diagnostic,perry_runtime::proxy::prototype_of_for_set,no_pgcm_function_at_start,,1,5273918
between_phases,main_thread,other_application_symbol,/root/cc-perf-native-recv-0909/gc-leaf-census-20260911/compile-v2/cc-diagnostic,perry_runtime::gc::dead_owner::prune_dead_owner_side_tables_post_trace::{closure#0},no_pgcm_function_at_start,,1,5271949
command,main_thread,other_application_symbol,/root/cc-perf-native-recv-0909/gc-leaf-census-20260911/compile-v2/cc-diagnostic,perry_runtime::array::subclass::array_subclass_named_prefix_token_for_slot,no_pgcm_function_at_start,,1,5271569
command,main_thread,other_application_symbol,/root/cc-perf-native-recv-0909/gc-leaf-census-20260911/compile-v2/cc-diagnostic,fancy_regex::vm::run,no_pgcm_function_at_start,,1,5270198
startup,main_thread,other_application_symbol,/root/cc-perf-native-recv-0909/gc-leaf-census-20260911/compile-v2/cc-diagnostic,_mi_theap_malloc_zero,no_pgcm_function_at_start,,1,5270017
startup,main_thread,other_application_symbol,/root/cc-perf-native-recv-0909/gc-leaf-census-20260911/compile-v2/cc-diagnostic,perry_runtime::string::intern::intern_dispatch_bytes,no_pgcm_function_at_start,,1,5267922
startup,main_thread,other_application_symbol,/root/cc-perf-native-recv-0909/gc-leaf-census-20260911/compile-v2/cc-diagnostic,perry_runtime::closure::box_captures::decrement_cell_capture_count,no_pgcm_function_at_start,,1,5267797
command,main_thread,other_application_symbol,/root/cc-perf-native-recv-0909/gc-leaf-census-20260911/compile-v2/cc-diagnostic,perry_runtime::typedarray::typed_array_fast_index_set,no_pgcm_function_at_start,,1,5267331
command,main_thread,other_application_symbol,/root/cc-perf-native-recv-0909/gc-leaf-census-20260911/compile-v2/cc-diagnostic,perry_runtime::object::object_ops::descriptor_helpers::object_prototype_has_desc_field,no_pgcm_function_at_start,,1,5267275
command,main_thread,other_application_symbol,/root/cc-perf-native-recv-0909/gc-leaf-census-20260911/compile-v2/cc-diagnostic,"<hashbrown::raw::RawTable<(usize, ())>>::reserve_rehash::<hashbrown::map::make_hasher<usize, (), perry_runtime::fast_hash::PtrHasher>::{closure#0}>",no_pgcm_function_at_start,,1,5266393
startup,main_thread,other_application_symbol,/root/cc-perf-native-recv-0909/gc-leaf-census-20260911/compile-v2/cc-diagnostic,perry_runtime::typed_feedback::normalize_raw_object_addr,no_pgcm_function_at_start,,1,5266244
command,main_thread,other_application_symbol,/root/cc-perf-native-recv-0909/gc-leaf-census-20260911/compile-v2/cc-diagnostic,perry_runtime::object::descriptor_state::owner_index_transfer,no_pgcm_function_at_start,,1,5266109
command,main_thread,other_application_symbol,/root/cc-perf-native-recv-0909/gc-leaf-census-20260911/compile-v2/cc-diagnostic,perry_runtime::object::field_get_set::ic_slot::pic_arena_alloc,no_pgcm_function_at_start,,1,5266025
command,main_thread,other_application_symbol,/root/cc-perf-native-recv-0909/gc-leaf-census-20260911/compile-v2/cc-diagnostic,<regex_automata::meta::strategy::Core as regex_automata::meta::strategy::Strategy>::search,no_pgcm_function_at_start,,1,5265689
command,main_thread,other_application_symbol,/root/cc-perf-native-recv-0909/gc-leaf-census-20260911/compile-v2/cc-diagnostic,perry_runtime::object::field_get_set::accessors::prototype_property_value_with_guard,no_pgcm_function_at_start,,1,5265546
command,main_thread,compiled_function_prefix,/root/cc-perf-native-recv-0909/gc-leaf-census-20260911/compile-v2/cc-diagnostic,perry_method_cli_2_1_112_js__oF6__get,exact_start_and_symbol,86:265,1,5263061
command,main_thread,runtime_helper_source_bound,/root/cc-perf-native-recv-0909/gc-leaf-census-20260911/compile-v2/cc-diagnostic,js_object_get_prototype_of,no_pgcm_function_at_start,,1,5262948
command,main_thread,other_application_symbol,/root/cc-perf-native-recv-0909/gc-leaf-census-20260911/compile-v2/cc-diagnostic,<perry_runtime::object::shapes::shapes_slot_list::SlotIndex>::drain_pairs,no_pgcm_function_at_start,,1,5262540
command,main_thread,other_application_symbol,/root/cc-perf-native-recv-0909/gc-leaf-census-20260911/compile-v2/cc-diagnostic,perry_runtime::box::release_async_box_activation,no_pgcm_function_at_start,,1,5261652
command,main_thread,runtime_helper_source_bound,/root/cc-perf-native-recv-0909/gc-leaf-census-20260911/compile-v2/cc-diagnostic,js_closure_call4,no_pgcm_function_at_start,,1,5261206
command,main_thread,other_application_symbol,/root/cc-perf-native-recv-0909/gc-leaf-census-20260911/compile-v2/cc-diagnostic,perry_runtime::typed_feedback::guards::descriptor_blocks_class_field_set,no_pgcm_function_at_start,,1,5260077
startup,main_thread,other_application_symbol,/root/cc-perf-native-recv-0909/gc-leaf-census-20260911/compile-v2/cc-diagnostic,perry_runtime::gc::barrier::mark_dirty_external_slot_page,no_pgcm_function_at_start,,1,5260028
between_phases,main_thread,other_application_symbol,/root/cc-perf-native-recv-0909/gc-leaf-census-20260911/compile-v2/cc-diagnostic,perry_runtime::array::element_shape::forget_element_shape,no_pgcm_function_at_start,,1,5259771
startup,main_thread,other_application_symbol,/root/cc-perf-native-recv-0909/gc-leaf-census-20260911/compile-v2/cc-diagnostic,keys_array_len_capped_to_capacity,no_pgcm_function_at_start,,1,5259081
command,main_thread,other_application_symbol,/root/cc-perf-native-recv-0909/gc-leaf-census-20260911/compile-v2/cc-diagnostic,keys_array_len_capped_to_capacity,no_pgcm_function_at_start,,1,5258078
command,main_thread,other_application_symbol,/root/cc-perf-native-recv-0909/gc-leaf-census-20260911/compile-v2/cc-diagnostic,perry_runtime::object::class_registry::dispatch::obj_dispatch_ic_lookup,no_pgcm_function_at_start,,1,5257587
startup,foreign_pid,other_dso,/usr/bin/node,"v8::internal::Map::SetBackPointer(v8::internal::Tagged<v8::internal::HeapObject>, v8::internal::WriteBarrierMode)",not_application_dso,,1,5257444
command,main_thread,runtime_helper_source_bound,/root/cc-perf-native-recv-0909/gc-leaf-census-20260911/compile-v2/cc-diagnostic,js_string_code_point_at,no_pgcm_function_at_start,,1,5257291
command,main_thread,other_application_symbol,/root/cc-perf-native-recv-0909/gc-leaf-census-20260911/compile-v2/cc-diagnostic,perry_runtime::intl::segments_project::own_data,no_pgcm_function_at_start,,1,5256202
between_phases,main_thread,other_application_symbol,/root/cc-perf-native-recv-0909/gc-leaf-census-20260911/compile-v2/cc-diagnostic,perry_runtime::path::js_path_join_unchecked,no_pgcm_function_at_start,,1,5254694
command,main_thread,other_application_symbol,/root/cc-perf-native-recv-0909/gc-leaf-census-20260911/compile-v2/cc-diagnostic,"<hashbrown::map::HashMap<(usize, alloc::string::String), perry_runtime::object::descriptor_state::PropertyAttrs, perry_runtime::fast_hash::FastKeyHasher>>::remove::<(usize, alloc::string::String)>",no_pgcm_function_at_start,,1,5252664
command,main_thread,other_application_symbol,/root/cc-perf-native-recv-0909/gc-leaf-census-20260911/compile-v2/cc-diagnostic,perry_runtime::object::field_get_set::enumeration::registered_buffer_enum,no_pgcm_function_at_start,,1,5251965
command,main_thread,runtime_helper_source_bound,/root/cc-perf-native-recv-0909/gc-leaf-census-20260911/compile-v2/cc-diagnostic,js_is_truthy,no_pgcm_function_at_start,,1,5251930
command,main_thread,other_application_symbol,/root/cc-perf-native-recv-0909/gc-leaf-census-20260911/compile-v2/cc-diagnostic,perry_runtime::object::reflect_support::obj_value_has_own_key,no_pgcm_function_at_start,,1,5251769
startup,main_thread,other_application_symbol,/root/cc-perf-native-recv-0909/gc-leaf-census-20260911/compile-v2/cc-diagnostic,perry_runtime::object::field_get_set::accessors::default_object_prototype_property_value,no_pgcm_function_at_start,,1,5251279
between_phases,main_thread,other_application_symbol,/root/cc-perf-native-recv-0909/gc-leaf-census-20260911/compile-v2/cc-diagnostic,perry_runtime::object::field_get_set::accessors::prototype_property_value_with_guard,no_pgcm_function_at_start,,1,5250974
between_phases,main_thread,compiled_function_prefix,/root/cc-perf-native-recv-0909/gc-leaf-census-20260911/compile-v2/cc-diagnostic,perry_fn_cli_2_1_112_js__Wa6.__arena,exact_start_and_symbol,55:0,1,5250905
between_phases,main_thread,other_application_symbol,/root/cc-perf-native-recv-0909/gc-leaf-census-20260911/compile-v2/cc-diagnostic,core::ptr::drop_glue::<std::sync::poison::mutex::MutexGuard<slab::Slab<futures_util::lock::mutex::Waiter>>>,no_pgcm_function_at_start,,1,5250035
startup,main_thread,other_application_symbol,/root/cc-perf-native-recv-0909/gc-leaf-census-20260911/compile-v2/cc-diagnostic,perry_runtime::array::subclass::array_subclass_named_prefix_token_for_slot,no_pgcm_function_at_start,,1,5249241
command,main_thread,other_application_symbol,/root/cc-perf-native-recv-0909/gc-leaf-census-20260911/compile-v2/cc-diagnostic,<alloc::string::String as core::iter::traits::collect::FromIterator<char>>::from_iter::<unicode_normalization::recompose::Recompositions<core::str::iter::Chars>>,no_pgcm_function_at_start,,1,5248443
command,main_thread,other_application_symbol,/root/cc-perf-native-recv-0909/gc-leaf-census-20260911/compile-v2/cc-diagnostic,perry_runtime::gc::verify::restore_surviving_dirty_coverage,no_pgcm_function_at_start,,1,5247620
command,main_thread,other_application_symbol,/root/cc-perf-native-recv-0909/gc-leaf-census-20260911/compile-v2/cc-diagnostic,perry_runtime::typedarray::typed_array_fast_index_get,no_pgcm_function_at_start,,1,5247416
command,main_thread,other_application_symbol,/root/cc-perf-native-recv-0909/gc-leaf-census-20260911/compile-v2/cc-diagnostic,mi_bin,no_pgcm_function_at_start,,1,5247162
command,main_thread,other_application_symbol,/root/cc-perf-native-recv-0909/gc-leaf-census-20260911/compile-v2/cc-diagnostic,perry_runtime::typedarray::store_at,no_pgcm_function_at_start,,1,5246982
command,main_thread,other_application_symbol,/root/cc-perf-native-recv-0909/gc-leaf-census-20260911/compile-v2/cc-diagnostic,perry_runtime::timer::ref_states::is_known_timer_id_slow,no_pgcm_function_at_start,,1,5246817
command,main_thread,other_application_symbol,/root/cc-perf-native-recv-0909/gc-leaf-census-20260911/compile-v2/cc-diagnostic,perry_runtime::object::iterator_prototypes::prototype_next_is_canonical,no_pgcm_function_at_start,,1,5246490
command,main_thread,runtime_helper_source_bound,/root/cc-perf-native-recv-0909/gc-leaf-census-20260911/compile-v2/cc-diagnostic,js_object_get_own_property_symbols,no_pgcm_function_at_start,,1,5246294
command,main_thread,runtime_helper_source_bound,/root/cc-perf-native-recv-0909/gc-leaf-census-20260911/compile-v2/cc-diagnostic,js_for_of_next,no_pgcm_function_at_start,,1,5245845
between_phases,main_thread,runtime_helper_source_bound,/root/cc-perf-native-recv-0909/gc-leaf-census-20260911/compile-v2/cc-diagnostic,js_string_addref_if_heap_string,no_pgcm_function_at_start,,1,5245460
command,main_thread,compiled_function_prefix,/root/cc-perf-native-recv-0909/gc-leaf-census-20260911/compile-v2/cc-diagnostic,perry_fn_cli_2_1_112_js__oN8,exact_start_and_symbol,66:10,1,5244879
startup,main_thread,other_application_symbol,/root/cc-perf-native-recv-0909/gc-leaf-census-20260911/compile-v2/cc-diagnostic,perry_runtime::gc::barrier::write_barrier_slot_decoded,no_pgcm_function_at_start,,1,5244767
startup,main_thread,other_application_symbol,/root/cc-perf-native-recv-0909/gc-leaf-census-20260911/compile-v2/cc-diagnostic,perry_runtime::object::meta_accessors::object_meta_ensure,no_pgcm_function_at_start,,1,5243663
command,main_thread,compiled_function_prefix,/root/cc-perf-native-recv-0909/gc-leaf-census-20260911/compile-v2/cc-diagnostic,perry_fn_cli_2_1_112_js__AF6,exact_start_and_symbol,82:216,1,5243598
startup,main_thread,compiled_function_prefix,/root/cc-perf-native-recv-0909/gc-leaf-census-20260911/compile-v2/cc-diagnostic,perry_fn_cli_2_1_112_js__h46$spec_b_i32_b,exact_start_and_symbol,63:55,1,5243587
command,main_thread,other_application_symbol,/root/cc-perf-native-recv-0909/gc-leaf-census-20260911/compile-v2/cc-diagnostic,perry_runtime::object::descriptor_state::owner_index_add,no_pgcm_function_at_start,,1,5243096
command,main_thread,other_application_symbol,/root/cc-perf-native-recv-0909/gc-leaf-census-20260911/compile-v2/cc-diagnostic,perry_runtime::gc::old_free::old_free_take_exact,no_pgcm_function_at_start,,1,5241915
command,main_thread,other_application_symbol,/root/cc-perf-native-recv-0909/gc-leaf-census-20260911/compile-v2/cc-diagnostic,perry_runtime::collection_iter_object::dispatch_map_iterator_method_emit::{closure#1},no_pgcm_function_at_start,,1,5241732
command,main_thread,other_application_symbol,/root/cc-perf-native-recv-0909/gc-leaf-census-20260911/compile-v2/cc-diagnostic,perry_runtime::object::descriptor_state::transfer_descriptor_owner,no_pgcm_function_at_start,,1,5241128
command,main_thread,runtime_helper_source_bound,/root/cc-perf-native-recv-0909/gc-leaf-census-20260911/compile-v2/cc-diagnostic,js_array_from_values,no_pgcm_function_at_start,,1,5240910
command,main_thread,other_application_symbol,/root/cc-perf-native-recv-0909/gc-leaf-census-20260911/compile-v2/cc-diagnostic,perry_runtime::string::intern::intern_dispatch_bytes,no_pgcm_function_at_start,,1,5240622
command,main_thread,other_application_symbol,/root/cc-perf-native-recv-0909/gc-leaf-census-20260911/compile-v2/cc-diagnostic,perry_runtime::object::class_registry::dispatch::call_vtable_method_inner,no_pgcm_function_at_start,,1,5239901
command,main_thread,other_application_symbol,/root/cc-perf-native-recv-0909/gc-leaf-census-20260911/compile-v2/cc-diagnostic,compiler_builtins::math::libm_math::fmod::fmod,no_pgcm_function_at_start,,1,5239595
command,main_thread,compiled_function_prefix,/root/cc-perf-native-recv-0909/gc-leaf-census-20260911/compile-v2/cc-diagnostic,perry_method_cli_2_1_112_js__Os6__onRender,exact_start_and_symbol,16:5,1,5239430
command,main_thread,other_application_symbol,/root/cc-perf-native-recv-0909/gc-leaf-census-20260911/compile-v2/cc-diagnostic,perry_runtime::array::iter_object::alloc_iterator_backing,no_pgcm_function_at_start,,1,5238979
startup,main_thread,other_application_symbol,/root/cc-perf-native-recv-0909/gc-leaf-census-20260911/compile-v2/cc-diagnostic,perry_runtime::gc::layout_tables::layout_key_may_be_nursery,no_pgcm_function_at_start,,1,5238895
command,main_thread,other_application_symbol,/root/cc-perf-native-recv-0909/gc-leaf-census-20260911/compile-v2/cc-diagnostic,<alloc::string::String>::from_utf8_lossy,no_pgcm_function_at_start,,1,5238890
command,main_thread,other_application_symbol,/root/cc-perf-native-recv-0909/gc-leaf-census-20260911/compile-v2/cc-diagnostic,core::ptr::drop_glue::<tokio::runtime::scheduler::current_thread::CoreGuard>,no_pgcm_function_at_start,,1,5238243
command,main_thread,other_application_symbol,/root/cc-perf-native-recv-0909/gc-leaf-census-20260911/compile-v2/cc-diagnostic,<perry_runtime::gc::layout::HeapChildSlotIterator>::new,no_pgcm_function_at_start,,1,5238207
command,main_thread,runtime_helper_source_bound,/root/cc-perf-native-recv-0909/gc-leaf-census-20260911/compile-v2/cc-diagnostic,js_packed_arraylike_index_get,no_pgcm_function_at_start,,1,5237842
command,main_thread,other_application_symbol,/root/cc-perf-native-recv-0909/gc-leaf-census-20260911/compile-v2/cc-diagnostic,perry_runtime::iter_result::build_iter_result_ordered,no_pgcm_function_at_start,,1,5237338
command,main_thread,other_application_symbol,/root/cc-perf-native-recv-0909/gc-leaf-census-20260911/compile-v2/cc-diagnostic,perry_runtime::object::object_is_regular,no_pgcm_function_at_start,,1,5237083
startup,main_thread,runtime_helper_source_bound,/root/cc-perf-native-recv-0909/gc-leaf-census-20260911/compile-v2/cc-diagnostic,js_object_get_own_field_or_undef,no_pgcm_function_at_start,,1,5236937
startup,main_thread,other_application_symbol,/root/cc-perf-native-recv-0909/gc-leaf-census-20260911/compile-v2/cc-diagnostic,perry_runtime::object::object_ops::descriptor_helpers::try_decode_descriptor::{closure#0},no_pgcm_function_at_start,,1,5236633
command,main_thread,compiled_function_prefix,/root/cc-perf-native-recv-0909/gc-leaf-census-20260911/compile-v2/cc-diagnostic,perry_closure_cli_2_1_112_js__37315,exact_start_and_symbol,18:2,1,5235394
command,main_thread,other_application_symbol,/root/cc-perf-native-recv-0909/gc-leaf-census-20260911/compile-v2/cc-diagnostic,<alloc::raw_vec::RawVecInner>::finish_grow,no_pgcm_function_at_start,,1,5235386
startup,main_thread,other_application_symbol,/root/cc-perf-native-recv-0909/gc-leaf-census-20260911/compile-v2/cc-diagnostic,__rustc::__rust_realloc,no_pgcm_function_at_start,,1,5234815
command,main_thread,runtime_helper_source_bound,/root/cc-perf-native-recv-0909/gc-leaf-census-20260911/compile-v2/cc-diagnostic,js_string_split_n,no_pgcm_function_at_start,,1,5234781
command,main_thread,other_application_symbol,/root/cc-perf-native-recv-0909/gc-leaf-census-20260911/compile-v2/cc-diagnostic,"<hashbrown::map::HashMap<u32, u32, perry_runtime::fast_hash::PtrHasher>>::insert",no_pgcm_function_at_start,,1,5234766
between_phases,main_thread,other_application_symbol,/root/cc-perf-native-recv-0909/gc-leaf-census-20260911/compile-v2/cc-diagnostic,perry_runtime::gc::verify::restore_surviving_dirty_coverage,no_pgcm_function_at_start,,1,5234464
command,main_thread,runtime_helper_source_bound,/root/cc-perf-native-recv-0909/gc-leaf-census-20260911/compile-v2/cc-diagnostic,js_getenv_value,no_pgcm_function_at_start,,1,5233724
command,main_thread,other_application_symbol,/root/cc-perf-native-recv-0909/gc-leaf-census-20260911/compile-v2/cc-diagnostic,perry_runtime::gc::barrier_store::barrier_child_prologue,no_pgcm_function_at_start,,1,5233717
startup,main_thread,other_application_symbol,/root/cc-perf-native-recv-0909/gc-leaf-census-20260911/compile-v2/cc-diagnostic,perry_runtime::object::object_ops::define_property::js_object_define_property::{closure#62},no_pgcm_function_at_start,,1,5232931
command,main_thread,other_application_symbol,/root/cc-perf-native-recv-0909/gc-leaf-census-20260911/compile-v2/cc-diagnostic,perry_runtime::object::shapes::shape_live_inline_slot_count_by_id,no_pgcm_function_at_start,,1,5232611
command,main_thread,compiled_function_prefix,/root/cc-perf-native-recv-0909/gc-leaf-census-20260911/compile-v2/cc-diagnostic,perry_fn_cli_2_1_112_js__h46,exact_start_and_symbol,101:54,1,5232541
startup,main_thread,other_application_symbol,/root/cc-perf-native-recv-0909/gc-leaf-census-20260911/compile-v2/cc-diagnostic,perry_runtime::object::object_ops::descriptor_helpers::desc_field_index,no_pgcm_function_at_start,,1,5232396
startup,main_thread,other_dso,/usr/lib/x86_64-linux-gnu/libc.so.6,__memset_avx512_unaligned_erms,not_application_dso,,1,5231089
between_phases,foreign_pid,other_dso,/usr/bin/node,str_copy,not_application_dso,,1,5229812
between_phases,main_thread,compiled_function_prefix,/root/cc-perf-native-recv-0909/gc-leaf-census-20260911/compile-v2/cc-diagnostic,perry_fn_cli_2_1_112_js__US_,exact_start_and_symbol,58:63,1,5229812
command,main_thread,other_dso,/usr/lib/x86_64-linux-gnu/libc.so.6,__memset_avx512_unaligned_erms,not_application_dso,,1,5229417
command,main_thread,other_application_symbol,/root/cc-perf-native-recv-0909/gc-leaf-census-20260911/compile-v2/cc-diagnostic,"<perry_runtime::gc::roots::runtime_handles::RuntimeHandle>::across_mut::<perry_runtime::json_tape::LazyArrayHeader, (), perry_runtime::json_tape::reparse_materialize::{closure#1}>",no_pgcm_function_at_start,,1,5228822
startup,main_thread,compiled_function_prefix,/root/cc-perf-native-recv-0909/gc-leaf-census-20260911/compile-v2/cc-diagnostic,perry_closure_cli_2_1_112_js__37415,exact_start_and_symbol,93:64,1,5228037
startup,main_thread,other_application_symbol,/root/cc-perf-native-recv-0909/gc-leaf-census-20260911/compile-v2/cc-diagnostic,perry_runtime::typed_feedback::object_key_matches_field,no_pgcm_function_at_start,,1,5226422
between_phases,main_thread,runtime_helper_source_bound,/root/cc-perf-native-recv-0909/gc-leaf-census-20260911/compile-v2/cc-diagnostic,js_string_concat_chain,no_pgcm_function_at_start,,1,5226265
command,main_thread,other_application_symbol,/root/cc-perf-native-recv-0909/gc-leaf-census-20260911/compile-v2/cc-diagnostic,<unicode_normalization::decompose::Decompositions<core::str::iter::Chars> as core::iter::traits::iterator::Iterator>::next,no_pgcm_function_at_start,,1,5226231
command,main_thread,compiled_function_prefix,/root/cc-perf-native-recv-0909/gc-leaf-census-20260911/compile-v2/cc-diagnostic,perry_closure_cli_2_1_112_js__37276,exact_start_and_symbol,64:196,1,5225880
startup,main_thread,other_application_symbol,/root/cc-perf-native-recv-0909/gc-leaf-census-20260911/compile-v2/cc-diagnostic,<perry_runtime::gc::layout::slot_mask::LayoutSlotMask>::set_slot,no_pgcm_function_at_start,,1,5225302
command,main_thread,other_application_symbol,/root/cc-perf-native-recv-0909/gc-leaf-census-20260911/compile-v2/cc-diagnostic,perry_runtime::array::header::array_numeric_layout,no_pgcm_function_at_start,,1,5224799
command,main_thread,runtime_helper_source_bound,/root/cc-perf-native-recv-0909/gc-leaf-census-20260911/compile-v2/cc-diagnostic,js_string_coerce,no_pgcm_function_at_start,,1,5221840
command,main_thread,runtime_helper_source_bound,/root/cc-perf-native-recv-0909/gc-leaf-census-20260911/compile-v2/cc-diagnostic,js_string_concat,no_pgcm_function_at_start,,1,5221798
startup,main_thread,other_application_symbol,/root/cc-perf-native-recv-0909/gc-leaf-census-20260911/compile-v2/cc-diagnostic,"<std::hash::random::RandomState as core::hash::BuildHasher>::hash_one::<&(usize, usize)>",no_pgcm_function_at_start,,1,5221714
command,main_thread,runtime_helper_source_bound,/root/cc-perf-native-recv-0909/gc-leaf-census-20260911/compile-v2/cc-diagnostic,js_math_to_number,no_pgcm_function_at_start,,1,5221500
command,main_thread,other_application_symbol,/root/cc-perf-native-recv-0909/gc-leaf-census-20260911/compile-v2/cc-diagnostic,<perry_runtime::gc::roots::stack_maps::StackMapIndex>::match_records,no_pgcm_function_at_start,,1,5220771
command,main_thread,other_application_symbol,/root/cc-perf-native-recv-0909/gc-leaf-census-20260911/compile-v2/cc-diagnostic,perry_runtime::object::descriptor_state::class_instance_set_may_intercept,no_pgcm_function_at_start,,1,5220133
startup,foreign_pid,other_dso,/usr/bin/node,"v8::internal::Scope::Scope(v8::internal::Zone*, v8::internal::ScopeType)",not_application_dso,,1,5219815
command,main_thread,other_application_symbol,/root/cc-perf-native-recv-0909/gc-leaf-census-20260911/compile-v2/cc-diagnostic,perry_runtime::map::find_key_index_cold,no_pgcm_function_at_start,,1,5219324
startup,main_thread,runtime_helper_source_bound,/root/cc-perf-native-recv-0909/gc-leaf-census-20260911/compile-v2/cc-diagnostic,js_new_function_construct,no_pgcm_function_at_start,,1,5219147
command,main_thread,runtime_helper_source_bound,/root/cc-perf-native-recv-0909/gc-leaf-census-20260911/compile-v2/cc-diagnostic,js_closure_set_box_capture_ptr,no_pgcm_function_at_start,,1,5218351
startup,main_thread,other_application_symbol,/root/cc-perf-native-recv-0909/gc-leaf-census-20260911/compile-v2/cc-diagnostic,perry_runtime::gc::dead_owner::prune_dead_owner_side_tables_copied_minor::{closure#0},no_pgcm_function_at_start,,1,5218010
command,main_thread,other_application_symbol,/root/cc-perf-native-recv-0909/gc-leaf-census-20260911/compile-v2/cc-diagnostic,perry_runtime::object::descriptor_state::object_proto_may_intercept_key,no_pgcm_function_at_start,,1,5216469
command,main_thread,runtime_helper_source_bound,/root/cc-perf-native-recv-0909/gc-leaf-census-20260911/compile-v2/cc-diagnostic,js_object_is,no_pgcm_function_at_start,,1,5215877
command,main_thread,other_application_symbol,/root/cc-perf-native-recv-0909/gc-leaf-census-20260911/compile-v2/cc-diagnostic,perry_runtime::typed_feedback::guards::class_getter_in_chain,no_pgcm_function_at_start,,1,5215147
command,main_thread,other_application_symbol,/root/cc-perf-native-recv-0909/gc-leaf-census-20260911/compile-v2/cc-diagnostic,<regex::regex::string::Regex>::captures_at,no_pgcm_function_at_start,,1,5210966
command,main_thread,other_application_symbol,/root/cc-perf-native-recv-0909/gc-leaf-census-20260911/compile-v2/cc-diagnostic,"core::slice::sort::unstable::quicksort::quicksort::<u32, <u32 as core::cmp::PartialOrd>::lt>",no_pgcm_function_at_start,,1,5210344
startup,main_thread,other_application_symbol,/root/cc-perf-native-recv-0909/gc-leaf-census-20260911/compile-v2/cc-diagnostic,<perry_runtime::object::shapes::ShapeTableInner>::family_append_fresh,no_pgcm_function_at_start,,1,5209029
command,main_thread,other_application_symbol,/root/cc-perf-native-recv-0909/gc-leaf-census-20260911/compile-v2/cc-diagnostic,<fancy_regex::vm::State>::save,no_pgcm_function_at_start,,1,5208738
command,main_thread,other_application_symbol,/root/cc-perf-native-recv-0909/gc-leaf-census-20260911/compile-v2/cc-diagnostic,perry_runtime::object::field_get_set::accessors::own_data_field_by_name,no_pgcm_function_at_start,,1,5208717
startup,main_thread,compiled_function_prefix,/root/cc-perf-native-recv-0909/gc-leaf-census-20260911/compile-v2/cc-diagnostic,perry_fn_cli_2_1_112_js__xC,exact_start_and_symbol,53:458,1,5208613
startup,main_thread,other_application_symbol,/root/cc-perf-native-recv-0909/gc-leaf-census-20260911/compile-v2/cc-diagnostic,perry_runtime::object::keys_lookup::keys_find_slot_by_key_ptr,no_pgcm_function_at_start,,1,5207279
command,main_thread,other_application_symbol,/root/cc-perf-native-recv-0909/gc-leaf-census-20260911/compile-v2/cc-diagnostic,<perry_runtime::gc::roots::runtime_handles::RuntimeHandleScope>::root_nanbox_f64_slice,no_pgcm_function_at_start,,1,5206144
startup,main_thread,runtime_helper_source_bound,/root/cc-perf-native-recv-0909/gc-leaf-census-20260911/compile-v2/cc-diagnostic,js_typed_feedback_class_field_get_guard,no_pgcm_function_at_start,,1,5206138
startup,main_thread,other_application_symbol,/root/cc-perf-native-recv-0909/gc-leaf-census-20260911/compile-v2/cc-diagnostic,perry_runtime::set::is_string_like,no_pgcm_function_at_start,,1,5205643
command,main_thread,compiled_function_prefix,/root/cc-perf-native-recv-0909/gc-leaf-census-20260911/compile-v2/cc-diagnostic,perry_fn_cli_2_1_112_js__qD7,exact_start_and_symbol,106:214,1,5204929
command,main_thread,runtime_helper_source_bound,/root/cc-perf-native-recv-0909/gc-leaf-census-20260911/compile-v2/cc-diagnostic,js_write_barrier_slot,no_pgcm_function_at_start,,1,5203724
command,main_thread,other_application_symbol,/root/cc-perf-native-recv-0909/gc-leaf-census-20260911/compile-v2/cc-diagnostic,perry_runtime::object::string_wrapper::has_index_key,no_pgcm_function_at_start,,1,5203073
between_phases,main_thread,other_application_symbol,/root/cc-perf-native-recv-0909/gc-leaf-census-20260911/compile-v2/cc-diagnostic,perry_runtime::arena::page_meta::unregister_old_block_pages,no_pgcm_function_at_start,,1,5202385
command,main_thread,other_dso,/usr/lib/x86_64-linux-gnu/libgcc_s.so.1,_Unwind_Find_FDE,not_application_dso,,1,5201863
startup,main_thread,other_application_symbol,/root/cc-perf-native-recv-0909/gc-leaf-census-20260911/compile-v2/cc-diagnostic,_mi_theap_collect_retired,no_pgcm_function_at_start,,1,5201519
startup,main_thread,other_application_symbol,/root/cc-perf-native-recv-0909/gc-leaf-census-20260911/compile-v2/cc-diagnostic,perry_runtime::string::js_string_from_builder_bytes,no_pgcm_function_at_start,,1,5200189
command,main_thread,other_application_symbol,/root/cc-perf-native-recv-0909/gc-leaf-census-20260911/compile-v2/cc-diagnostic,perry_runtime::closure::registry::closure_is_arrow,no_pgcm_function_at_start,,1,5199905
command,main_thread,other_application_symbol,/root/cc-perf-native-recv-0909/gc-leaf-census-20260911/compile-v2/cc-diagnostic,perry_runtime::string::compare::js_string_key_matches_bytes,no_pgcm_function_at_start,,1,5199433
startup,main_thread,other_application_symbol,/root/cc-perf-native-recv-0909/gc-leaf-census-20260911/compile-v2/cc-diagnostic,perry_runtime::object::class_registry::dispatch::obj_dispatch_ic_lookup,no_pgcm_function_at_start,,1,5198140
command,main_thread,other_application_symbol,/root/cc-perf-native-recv-0909/gc-leaf-census-20260911/compile-v2/cc-diagnostic,<perry_runtime::object::shapes::shapes_slot_list::SlotIndex>::insert,no_pgcm_function_at_start,,1,5198114
command,main_thread,runtime_export_prefix_only,/root/cc-perf-native-recv-0909/gc-leaf-census-20260911/compile-v2/cc-diagnostic,js_string_intern,no_pgcm_function_at_start,,1,5197863
command,main_thread,runtime_helper_source_bound,/root/cc-perf-native-recv-0909/gc-leaf-census-20260911/compile-v2/cc-diagnostic,js_jsvalue_to_string,no_pgcm_function_at_start,,1,5197135
command,main_thread,compiled_function_prefix,/root/cc-perf-native-recv-0909/gc-leaf-census-20260911/compile-v2/cc-diagnostic,perry_fn_cli_2_1_112_js__SS_,exact_start_and_symbol,66:142,1,5196066
command,main_thread,other_application_symbol,/root/cc-perf-native-recv-0909/gc-leaf-census-20260911/compile-v2/cc-diagnostic,perry_eh_personality,no_pgcm_function_at_start,,1,5195493
startup,main_thread,other_application_symbol,/root/cc-perf-native-recv-0909/gc-leaf-census-20260911/compile-v2/cc-diagnostic,perry_runtime::object::spill::overflow_get,no_pgcm_function_at_start,,1,5195450
command,main_thread,runtime_helper_source_bound,/root/cc-perf-native-recv-0909/gc-leaf-census-20260911/compile-v2/cc-diagnostic,js_array_note_numeric_write,no_pgcm_function_at_start,,1,5195165
command,main_thread,other_application_symbol,/root/cc-perf-native-recv-0909/gc-leaf-census-20260911/compile-v2/cc-diagnostic,perry_runtime::json::stringify_scalars::write_escaped_string,no_pgcm_function_at_start,,1,5194912
command,main_thread,other_application_symbol,/root/cc-perf-native-recv-0909/gc-leaf-census-20260911/compile-v2/cc-diagnostic,<perry_runtime::gc::roots::runtime_handles::RuntimeHandleScope>::root_string_ptr,no_pgcm_function_at_start,,1,5194899
command,main_thread,other_application_symbol,/root/cc-perf-native-recv-0909/gc-leaf-census-20260911/compile-v2/cc-diagnostic,"<alloc::vec::Vec<(i64, i64)> as alloc::vec::spec_from_iter_nested::SpecFromIterNested<(i64, i64), core::iter::adapters::filter::Filter<core::iter::adapters::map::Map<core::ops::range::Range<usize>, perry_runtime::proxy::put_value::js_put_value_set_dyn_ic_miss::{closure#1}>, perry_runtime::proxy::put_value::js_put_value_set_dyn_ic_miss::{closure#2}>>>::from_iter",no_pgcm_function_at_start,,1,5194785
command,main_thread,other_application_symbol,/root/cc-perf-native-recv-0909/gc-leaf-census-20260911/compile-v2/cc-diagnostic,perry_runtime::object::side_table_roots::scan_transition_cache_slot,no_pgcm_function_at_start,,1,5194172
startup,main_thread,other_application_symbol,/root/cc-perf-native-recv-0909/gc-leaf-census-20260911/compile-v2/cc-diagnostic,perry_runtime::gc::barrier::write_barrier_decoded_parent,no_pgcm_function_at_start,,1,5193978
between_phases,main_thread,other_application_symbol,/root/cc-perf-native-recv-0909/gc-leaf-census-20260911/compile-v2/cc-diagnostic,perry_runtime::gc::malloc::ensure_set_built,no_pgcm_function_at_start,,1,5191515
startup,main_thread,other_application_symbol,/root/cc-perf-native-recv-0909/gc-leaf-census-20260911/compile-v2/cc-diagnostic,perry_runtime::closure::registry::dispatch_rest_bundled,no_pgcm_function_at_start,,1,5191296
command,main_thread,other_application_symbol,/root/cc-perf-native-recv-0909/gc-leaf-census-20260911/compile-v2/cc-diagnostic,perry_runtime::object::field_get_set::temporal_subclass_cell,no_pgcm_function_at_start,,1,5190680
between_phases,main_thread,other_application_symbol,/root/cc-perf-native-recv-0909/gc-leaf-census-20260911/compile-v2/cc-diagnostic,mi_zalloc_aligned,no_pgcm_function_at_start,,1,5189346
command,main_thread,other_application_symbol,/root/cc-perf-native-recv-0909/gc-leaf-census-20260911/compile-v2/cc-diagnostic,perry_runtime::gc::barrier::leaf::decode_raw_pointer_candidate,no_pgcm_function_at_start,,1,5189221
startup,main_thread,other_application_symbol,/root/cc-perf-native-recv-0909/gc-leaf-census-20260911/compile-v2/cc-diagnostic,"<hashbrown::map::HashMap<usize, std::collections::hash::map::HashMap<perry_runtime::map::MapPtrKey, u32, perry_runtime::fast_hash::PtrHasher>, perry_runtime::fast_hash::PtrHasher>>::insert",no_pgcm_function_at_start,,1,5188771
command,main_thread,other_application_symbol,/root/cc-perf-native-recv-0909/gc-leaf-census-20260911/compile-v2/cc-diagnostic,perry_runtime::arena::page_meta::classify_heap_space_in_range_uncached,no_pgcm_function_at_start,,1,5188317
command,main_thread,compiled_function_prefix,/root/cc-perf-native-recv-0909/gc-leaf-census-20260911/compile-v2/cc-diagnostic,perry_fn_cli_2_1_112_js__E,exact_start_and_symbol,83:74,1,5188054
startup,main_thread,other_application_symbol,/root/cc-perf-native-recv-0909/gc-leaf-census-20260911/compile-v2/cc-diagnostic,mi_theap_umalloc,no_pgcm_function_at_start,,1,5187454
command,main_thread,other_application_symbol,/root/cc-perf-native-recv-0909/gc-leaf-census-20260911/compile-v2/cc-diagnostic,<url::parser::Parser>::parse_host,no_pgcm_function_at_start,,1,5187175
command,main_thread,other_application_symbol,/root/cc-perf-native-recv-0909/gc-leaf-census-20260911/compile-v2/cc-diagnostic,_mi_page_free_collect,no_pgcm_function_at_start,,1,5186595
command,main_thread,other_application_symbol,/root/cc-perf-native-recv-0909/gc-leaf-census-20260911/compile-v2/cc-diagnostic,"<hashbrown::raw::RawTable<(usize, perry_runtime::closure::registry::ClosureBodyRecord)>>::reserve_rehash::<hashbrown::map::make_hasher<usize, perry_runtime::closure::registry::ClosureBodyRecord, perry_runtime::fast_hash::PtrHasher>::{closure#0}>",no_pgcm_function_at_start,,1,5186498
startup,main_thread,other_application_symbol,/root/cc-perf-native-recv-0909/gc-leaf-census-20260911/compile-v2/cc-diagnostic,"<hashbrown::raw::RawTable<(usize, alloc::vec::Vec<perry_runtime::typedarray_props::TypedArrayOwnProp>)>>::reserve_rehash::<hashbrown::map::make_hasher<usize, alloc::vec::Vec<perry_runtime::typedarray_props::TypedArrayOwnProp>, perry_runtime::fast_hash::PtrHasher>::{closure#0}>",no_pgcm_function_at_start,,1,5185933
between_phases,main_thread,compiled_function_prefix,/root/cc-perf-native-recv-0909/gc-leaf-census-20260911/compile-v2/cc-diagnostic,perry_fn_cli_2_1_112_js__aQ1,exact_start_and_symbol,40:18,1,5184181
between_phases,main_thread,other_application_symbol,/root/cc-perf-native-recv-0909/gc-leaf-census-20260911/compile-v2/cc-diagnostic,perry_runtime::url::search_params::shape_is_url_search_params,no_pgcm_function_at_start,,1,5183756
command,main_thread,compiled_function_prefix,/root/cc-perf-native-recv-0909/gc-leaf-census-20260911/compile-v2/cc-diagnostic,perry_fn_cli_2_1_112_js__US_,exact_start_and_symbol,58:63,1,5181330
startup,main_thread,other_application_symbol,/root/cc-perf-native-recv-0909/gc-leaf-census-20260911/compile-v2/cc-diagnostic,perry_runtime::object::field_get_set::enumeration::is_internal_runtime_key_bytes,no_pgcm_function_at_start,,1,5180715
between_phases,main_thread,other_application_symbol,/root/cc-perf-native-recv-0909/gc-leaf-census-20260911/compile-v2/cc-diagnostic,perry_runtime::gc::oldgen::invalidate_dead_old_arena_header,no_pgcm_function_at_start,,1,5180392
command,main_thread,runtime_helper_source_bound,/root/cc-perf-native-recv-0909/gc-leaf-census-20260911/compile-v2/cc-diagnostic,js_async_step_chain,no_pgcm_function_at_start,,1,5179799
startup,main_thread,compiled_function_prefix,/root/cc-perf-native-recv-0909/gc-leaf-census-20260911/compile-v2/cc-diagnostic,perry_closure_cli_2_1_112_js__86815,exact_start_and_symbol,23:13,1,5179765
between_phases,main_thread,runtime_helper_source_bound,/root/cc-perf-native-recv-0909/gc-leaf-census-20260911/compile-v2/cc-diagnostic,js_box_get_bits,no_pgcm_function_at_start,,1,5179411
command,main_thread,other_application_symbol,/root/cc-perf-native-recv-0909/gc-leaf-census-20260911/compile-v2/cc-diagnostic,perry_runtime::proxy::lookup,no_pgcm_function_at_start,,1,5178516
between_phases,main_thread,other_application_symbol,/root/cc-perf-native-recv-0909/gc-leaf-census-20260911/compile-v2/cc-diagnostic,perry_runtime::array::iterator::array_from_spread_value::{closure#0},no_pgcm_function_at_start,,1,5177435
command,main_thread,runtime_helper_source_bound,/root/cc-perf-native-recv-0909/gc-leaf-census-20260911/compile-v2/cc-diagnostic,js_closure_get_capture_bits,no_pgcm_function_at_start,,1,5177393
between_phases,main_thread,other_application_symbol,/root/cc-perf-native-recv-0909/gc-leaf-census-20260911/compile-v2/cc-diagnostic,perry_runtime::typedarray::jsvalue_to_f64,no_pgcm_function_at_start,,1,5177388
startup,main_thread,other_application_symbol,/root/cc-perf-native-recv-0909/gc-leaf-census-20260911/compile-v2/cc-diagnostic,perry_runtime::object::field_get_set::accessors::builtin_reflection_accessor_read,no_pgcm_function_at_start,,1,5176188
between_phases,main_thread,other_application_symbol,/root/cc-perf-native-recv-0909/gc-leaf-census-20260911/compile-v2/cc-diagnostic,perry_runtime::object::native_module::callable_exports::scan_builtin_closure_metadata_roots_mut,no_pgcm_function_at_start,,1,5175482
startup,main_thread,other_application_symbol,/root/cc-perf-native-recv-0909/gc-leaf-census-20260911/compile-v2/cc-diagnostic,perry_runtime::arena::page_meta::old_object_page_overlaps,no_pgcm_function_at_start,,1,5175321
startup,main_thread,other_application_symbol,/root/cc-perf-native-recv-0909/gc-leaf-census-20260911/compile-v2/cc-diagnostic,<regex_automata::nfa::thompson::compiler::Compiler>::c_at_least,no_pgcm_function_at_start,,1,5175282
startup,main_thread,other_application_symbol,/root/cc-perf-native-recv-0909/gc-leaf-census-20260911/compile-v2/cc-diagnostic,<perry_runtime::fast_hash::PtrHasher as core::hash::BuildHasher>::hash_one::<&perry_runtime::set::JSValueKey>,no_pgcm_function_at_start,,1,5175176
between_phases,main_thread,other_application_symbol,/root/cc-perf-native-recv-0909/gc-leaf-census-20260911/compile-v2/cc-diagnostic,perry_runtime::typed_feedback::registry,no_pgcm_function_at_start,,1,5173084
between_phases,main_thread,other_application_symbol,/root/cc-perf-native-recv-0909/gc-leaf-census-20260911/compile-v2/cc-diagnostic,perry_runtime::typed_feedback::object_key_matches_field,no_pgcm_function_at_start,,1,5172633
command,main_thread,other_application_symbol,/root/cc-perf-native-recv-0909/gc-leaf-census-20260911/compile-v2/cc-diagnostic,perry_runtime::object::native_module::nm_ee_dynamic_super,no_pgcm_function_at_start,,1,5172580
command,main_thread,other_application_symbol,/root/cc-perf-native-recv-0909/gc-leaf-census-20260911/compile-v2/cc-diagnostic,perry_runtime::path::normalize_str,no_pgcm_function_at_start,,1,5172492
between_phases,main_thread,other_application_symbol,/root/cc-perf-native-recv-0909/gc-leaf-census-20260911/compile-v2/cc-diagnostic,perry_runtime::typedarray_props::typed_array_addr_from_value,no_pgcm_function_at_start,,1,5171812
startup,main_thread,other_application_symbol,/root/cc-perf-native-recv-0909/gc-leaf-census-20260911/compile-v2/cc-diagnostic,perry_runtime::proxy::create_or_update_receiver_property,no_pgcm_function_at_start,,1,5171757
between_phases,main_thread,runtime_helper_source_bound,/root/cc-perf-native-recv-0909/gc-leaf-census-20260911/compile-v2/cc-diagnostic,js_eq,no_pgcm_function_at_start,,1,5171674
startup,main_thread,other_application_symbol,/root/cc-perf-native-recv-0909/gc-leaf-census-20260911/compile-v2/cc-diagnostic,"<hashbrown::map::HashMap<u32, perry_runtime::object::class_registry::state::ClassVTable, perry_runtime::fast_hash::PtrHasher>>::get::<u32>",no_pgcm_function_at_start,,1,5170892
startup,main_thread,other_application_symbol,/root/cc-perf-native-recv-0909/gc-leaf-census-20260911/compile-v2/cc-diagnostic,"<perry_runtime::object::class_image::ImageTable<std::sync::poison::rwlock::RwLock<core::option::Option<std::collections::hash::map::HashMap<u32, perry_runtime::object::class_registry::state::ClassVTable, perry_runtime::fast_hash::PtrHasher>>>>>::read",no_pgcm_function_at_start,,1,5170530
between_phases,main_thread,runtime_helper_source_bound,/root/cc-perf-native-recv-0909/gc-leaf-census-20260911/compile-v2/cc-diagnostic,js_typed_feedback_class_field_set_guard,no_pgcm_function_at_start,,1,5170414
startup,main_thread,other_application_symbol,/root/cc-perf-native-recv-0909/gc-leaf-census-20260911/compile-v2/cc-diagnostic,<regex_automata::meta::strategy::Pre<regex_automata::util::prefilter::memchr::Memchr2> as regex_automata::meta::strategy::Strategy>::search_half,no_pgcm_function_at_start,,1,5170084
command,main_thread,other_application_symbol,/root/cc-perf-native-recv-0909/gc-leaf-census-20260911/compile-v2/cc-diagnostic,<regex_automata::nfa::thompson::builder::Builder>::patch,no_pgcm_function_at_start,,1,5168656
startup,main_thread,other_application_symbol,/root/cc-perf-native-recv-0909/gc-leaf-census-20260911/compile-v2/cc-diagnostic,perry_runtime::object::prop_plan::store_plan_check,no_pgcm_function_at_start,,1,5168178
between_phases,main_thread,other_application_symbol,/root/cc-perf-native-recv-0909/gc-leaf-census-20260911/compile-v2/cc-diagnostic,perry_runtime::object::shapes::shape_descriptor_by_id,no_pgcm_function_at_start,,1,5167636
startup,main_thread,other_application_symbol,/root/cc-perf-native-recv-0909/gc-leaf-census-20260911/compile-v2/cc-diagnostic,perry_runtime::string::compare::js_string_key_matches_bytes,no_pgcm_function_at_start,,1,5167541
command,main_thread,other_application_symbol,/root/cc-perf-native-recv-0909/gc-leaf-census-20260911/compile-v2/cc-diagnostic,perry_runtime::error::recorded_stack_frame,no_pgcm_function_at_start,,1,5167109
startup,main_thread,other_application_symbol,/root/cc-perf-native-recv-0909/gc-leaf-census-20260911/compile-v2/cc-diagnostic,perry_runtime::proxy::reflect_value_is_object,no_pgcm_function_at_start,,1,5165922
startup,main_thread,other_application_symbol,/root/cc-perf-native-recv-0909/gc-leaf-census-20260911/compile-v2/cc-diagnostic,perry_runtime::object::native_call_method::common_methods::dispatch_common,no_pgcm_function_at_start,,1,5165753
command,main_thread,other_application_symbol,/root/cc-perf-native-recv-0909/gc-leaf-census-20260911/compile-v2/cc-diagnostic,perry_runtime::node_test::dispatch_object_method,no_pgcm_function_at_start,,1,5165301
between_phases,main_thread,other_application_symbol,/root/cc-perf-native-recv-0909/gc-leaf-census-20260911/compile-v2/cc-diagnostic,perry_runtime::object::object_is_regular,no_pgcm_function_at_start,,1,5165072
startup,main_thread,runtime_helper_source_bound,/root/cc-perf-native-recv-0909/gc-leaf-census-20260911/compile-v2/cc-diagnostic,perry_transition_cache_base,no_pgcm_function_at_start,,1,5164075
command,main_thread,other_application_symbol,/root/cc-perf-native-recv-0909/gc-leaf-census-20260911/compile-v2/cc-diagnostic,perry_runtime::object::spill::overflow_get,no_pgcm_function_at_start,,1,5163764
between_phases,main_thread,runtime_helper_source_bound,/root/cc-perf-native-recv-0909/gc-leaf-census-20260911/compile-v2/cc-diagnostic,js_typed_array_view,no_pgcm_function_at_start,,1,5162815
command,main_thread,other_application_symbol,/root/cc-perf-native-recv-0909/gc-leaf-census-20260911/compile-v2/cc-diagnostic,<perry_runtime::gc::roots::RuntimeRootVisitor>::visit_metadata_usize_slot,no_pgcm_function_at_start,,1,5161864
startup,main_thread,other_application_symbol,/root/cc-perf-native-recv-0909/gc-leaf-census-20260911/compile-v2/cc-diagnostic,perry_runtime::object::object_ops::keys_array::own_key_present_via_index,no_pgcm_function_at_start,,1,5161799
startup,main_thread,runtime_helper_source_bound,/root/cc-perf-native-recv-0909/gc-leaf-census-20260911/compile-v2/cc-diagnostic,js_closure_call4,no_pgcm_function_at_start,,1,5156870
between_phases,main_thread,other_application_symbol,/root/cc-perf-native-recv-0909/gc-leaf-census-20260911/compile-v2/cc-diagnostic,perry_runtime::object::side_table_roots::transition_entry_is_dead,no_pgcm_function_at_start,,1,5156485
command,main_thread,compiled_function_prefix,/root/cc-perf-native-recv-0909/gc-leaf-census-20260911/compile-v2/cc-diagnostic,perry_closure_cli_2_1_112_js__84392,exact_start_and_symbol,43:647,1,5152955
between_phases,main_thread,other_application_symbol,/root/cc-perf-native-recv-0909/gc-leaf-census-20260911/compile-v2/cc-diagnostic,perry_runtime::object::alloc::object_alloc_class_inline_keys_impl,no_pgcm_function_at_start,,1,5152134
between_phases,main_thread,other_application_symbol,/root/cc-perf-native-recv-0909/gc-leaf-census-20260911/compile-v2/cc-diagnostic,perry_runtime::object::keys_lookup::keys_find_slot_by_key_ptr,no_pgcm_function_at_start,,1,5150777
between_phases,main_thread,other_application_symbol,/root/cc-perf-native-recv-0909/gc-leaf-census-20260911/compile-v2/cc-diagnostic,perry_runtime::object::shapes::shape_object_kind_by_id,no_pgcm_function_at_start,,1,5150354
startup,foreign_pid,other_dso,/usr/bin/node,"unsigned short const* std::__find_if<unsigned short const*, __gnu_cxx::__ops::_Iter_pred<v8::internal::Utf16CharacterStream::AdvanceUntil<v8::internal::Scanner::ScanIdentifierOrKeywordInner()::{lambda(unsigned int)#1}>(v8::internal::Scanner::ScanIdentifierOrKeywordInner()::{lambda(unsigned int)#1})::{lambda(unsigned short)#1}> >(unsigned short const*, unsigned short const*, __gnu_cxx::__ops::_Iter_pred<v8::internal::Utf16CharacterStream::AdvanceUntil<v8::internal::Scanner::ScanIdentifierOrKeywordInner()::{lambda(unsigned int)#1}>(v8::internal::Scanner::ScanIdentifierOrKeywordInner()::{lambda(unsigned int)#1})::{lambda(unsigned short)#1}>, std::random_access_iterator_tag)",not_application_dso,,1,5147953
startup,main_thread,other_application_symbol,/root/cc-perf-native-recv-0909/gc-leaf-census-20260911/compile-v2/cc-diagnostic,fancy_regex::vm::run,no_pgcm_function_at_start,,1,5147521
between_phases,main_thread,other_application_symbol,/root/cc-perf-native-recv-0909/gc-leaf-census-20260911/compile-v2/cc-diagnostic,<perry_runtime::gc::roots::RuntimeRootVisitor>::visit_metadata_usize_slot,no_pgcm_function_at_start,,1,5146570
between_phases,main_thread,other_application_symbol,/root/cc-perf-native-recv-0909/gc-leaf-census-20260911/compile-v2/cc-diagnostic,perry_runtime::object::field_get_set::prototype_override::inherited_field_if_overridden,no_pgcm_function_at_start,,1,5145375
command,main_thread,other_application_symbol,/root/cc-perf-native-recv-0909/gc-leaf-census-20260911/compile-v2/cc-diagnostic,perry_runtime::array::header_gc_slots::store_array_slot_resolved,no_pgcm_function_at_start,,1,5144455
startup,main_thread,other_application_symbol,/root/cc-perf-native-recv-0909/gc-leaf-census-20260911/compile-v2/cc-diagnostic,perry_runtime::collection_iter_object::dispatch_map_iterator_method_emit::{closure#1},no_pgcm_function_at_start,,1,5143344
startup,main_thread,other_application_symbol,/root/cc-perf-native-recv-0909/gc-leaf-census-20260911/compile-v2/cc-diagnostic,perry_runtime::gc::policy::flush_deferred_gc_request,no_pgcm_function_at_start,,1,5142427
startup,main_thread,other_application_symbol,/root/cc-perf-native-recv-0909/gc-leaf-census-20260911/compile-v2/cc-diagnostic,<perry_runtime::gc::roots::runtime_handles::RuntimeHandleScope>::new,no_pgcm_function_at_start,,1,5141495
startup,main_thread,other_application_symbol,/root/cc-perf-native-recv-0909/gc-leaf-census-20260911/compile-v2/cc-diagnostic,perry_runtime::array::subclass::is_array_subclass_value,no_pgcm_function_at_start,,1,5139098
command,main_thread,runtime_helper_source_bound,/root/cc-perf-native-recv-0909/gc-leaf-census-20260911/compile-v2/cc-diagnostic,js_array_length,no_pgcm_function_at_start,,1,5138818
command,main_thread,runtime_helper_source_bound,/root/cc-perf-native-recv-0909/gc-leaf-census-20260911/compile-v2/cc-diagnostic,js_bool_box_alloc,no_pgcm_function_at_start,,1,5138037
command,main_thread,other_application_symbol,/root/cc-perf-native-recv-0909/gc-leaf-census-20260911/compile-v2/cc-diagnostic,perry_runtime::object::arguments::prune_dead_arguments_object_entries,no_pgcm_function_at_start,,1,5137599
between_phases,main_thread,other_application_symbol,/root/cc-perf-native-recv-0909/gc-leaf-census-20260911/compile-v2/cc-diagnostic,perry_runtime::object::arguments::arguments_object_set_field,no_pgcm_function_at_start,,1,5136207
startup,main_thread,other_application_symbol,/root/cc-perf-native-recv-0909/gc-leaf-census-20260911/compile-v2/cc-diagnostic,"perry_runtime::object::with_transition_cache::<perry_runtime::object::TransitionEntry, perry_runtime::object::transition_cache_lookup::{closure#0}>",no_pgcm_function_at_start,,1,5135172
between_phases,main_thread,other_application_symbol,/root/cc-perf-native-recv-0909/gc-leaf-census-20260911/compile-v2/cc-diagnostic,perry_runtime::object::array_tail_transition::prune_invalid_entries,no_pgcm_function_at_start,,1,5134691
startup,main_thread,compiled_function_prefix,/root/cc-perf-native-recv-0909/gc-leaf-census-20260911/compile-v2/cc-diagnostic,perry_fn_cli_2_1_112_js__M8,exact_start_and_symbol,74:304,1,5134402
startup,main_thread,other_application_symbol,/root/cc-perf-native-recv-0909/gc-leaf-census-20260911/compile-v2/cc-diagnostic,<regex_automata::meta::regex::Regex>::search_half,no_pgcm_function_at_start,,1,5133045
startup,main_thread,other_application_symbol,/root/cc-perf-native-recv-0909/gc-leaf-census-20260911/compile-v2/cc-diagnostic,perry_runtime::url::search_params::url_search_params_backing_of,no_pgcm_function_at_start,,1,5132041
between_phases,main_thread,other_application_symbol,/root/cc-perf-native-recv-0909/gc-leaf-census-20260911/compile-v2/cc-diagnostic,perry_runtime::object::field_set_by_name::fast_paths::object_set_field_by_name_transition_fast_impl_value,no_pgcm_function_at_start,,1,5123296
between_phases,main_thread,runtime_helper_source_bound,/root/cc-perf-native-recv-0909/gc-leaf-census-20260911/compile-v2/cc-diagnostic,js_object_get_field_ic_miss,no_pgcm_function_at_start,,1,5122951
command,main_thread,other_application_symbol,/root/cc-perf-native-recv-0909/gc-leaf-census-20260911/compile-v2/cc-diagnostic,perry_runtime::array::subclass::note_array_subclass_index_write,no_pgcm_function_at_start,,1,5122090
startup,main_thread,other_application_symbol,/root/cc-perf-native-recv-0909/gc-leaf-census-20260911/compile-v2/cc-diagnostic,perry_runtime::object::descriptor_state::clear_property_attrs,no_pgcm_function_at_start,,1,5120792
command,main_thread,runtime_helper_source_bound,/root/cc-perf-native-recv-0909/gc-leaf-census-20260911/compile-v2/cc-diagnostic,js_iterator_result_validate,no_pgcm_function_at_start,,1,5118798
command,main_thread,other_application_symbol,/root/cc-perf-native-recv-0909/gc-leaf-census-20260911/compile-v2/cc-diagnostic,perry_runtime::gc::barrier::mark_dirty_external_slot_page,no_pgcm_function_at_start,,1,5117138
startup,foreign_pid,other_dso,/usr/bin/node,"v8::internal::Scope::LookupInScopeInfo(v8::internal::AstRawString const*, v8::internal::Scope*)",not_application_dso,,1,5107554
command,main_thread,runtime_helper_source_bound,/root/cc-perf-native-recv-0909/gc-leaf-census-20260911/compile-v2/cc-diagnostic,js_class_field_set_ic,no_pgcm_function_at_start,,1,5105320
startup,main_thread,compiled_function_prefix,/root/cc-perf-native-recv-0909/gc-leaf-census-20260911/compile-v2/cc-diagnostic,perry_fn_cli_2_1_112_js__GW7,exact_start_and_symbol,8:0,1,5103335
startup,main_thread,other_application_symbol,/root/cc-perf-native-recv-0909/gc-leaf-census-20260911/compile-v2/cc-diagnostic,<regex_automata::dfa::remapper::Remapper>::remap::<regex_automata::dfa::dense::DFA<alloc::vec::Vec<u32>>>,no_pgcm_function_at_start,,1,5100674
startup,main_thread,runtime_helper_source_bound,/root/cc-perf-native-recv-0909/gc-leaf-census-20260911/compile-v2/cc-diagnostic,js_closure_alloc,no_pgcm_function_at_start,,1,5100034
startup,main_thread,other_application_symbol,/root/cc-perf-native-recv-0909/gc-leaf-census-20260911/compile-v2/cc-diagnostic,mi_theap_malloc_zero_aligned_at_overalloc,no_pgcm_function_at_start,,1,5099123
startup,main_thread,other_application_symbol,/root/cc-perf-native-recv-0909/gc-leaf-census-20260911/compile-v2/cc-diagnostic,<fancy_regex::vm::State>::pop,no_pgcm_function_at_start,,1,5091242
between_phases,main_thread,other_application_symbol,/root/cc-perf-native-recv-0909/gc-leaf-census-20260911/compile-v2/cc-diagnostic,perry_runtime::buffer::header::is_uint8array_buffer_slow,no_pgcm_function_at_start,,1,5091104
command,main_thread,runtime_helper_source_bound,/root/cc-perf-native-recv-0909/gc-leaf-census-20260911/compile-v2/cc-diagnostic,js_array_alloc_literal,no_pgcm_function_at_start,,1,5088979
between_phases,main_thread,other_application_symbol,/root/cc-perf-native-recv-0909/gc-leaf-census-20260911/compile-v2/cc-diagnostic,perry_runtime::gc::young_log::addr_is_minor_relevant,no_pgcm_function_at_start,,1,5086554
startup,main_thread,other_application_symbol,/root/cc-perf-native-recv-0909/gc-leaf-census-20260911/compile-v2/cc-diagnostic,<regex_automata::dfa::determinize::Runner>::maybe_add_state,no_pgcm_function_at_start,,1,5084737
startup,foreign_pid,other_dso,/usr/bin/node,"v8::internal::StringTable::Data::Resize(v8::internal::PtrComprCageBase, std::unique_ptr<v8::internal::StringTable::Data, std::default_delete<v8::internal::StringTable::Data> >, int)",not_application_dso,,1,5081466
between_phases,main_thread,other_application_symbol,/root/cc-perf-native-recv-0909/gc-leaf-census-20260911/compile-v2/cc-diagnostic,_mi_page_free,no_pgcm_function_at_start,,1,5079194
command,main_thread,other_application_symbol,/root/cc-perf-native-recv-0909/gc-leaf-census-20260911/compile-v2/cc-diagnostic,perry_runtime::gc::layout_slot_visit::visit_gc_layout_slot_descriptors.specialized.10,no_pgcm_function_at_start,,1,5072106
startup,main_thread,other_application_symbol,/root/cc-perf-native-recv-0909/gc-leaf-census-20260911/compile-v2/cc-diagnostic,perry_runtime::gc::layout::layout_rebuild_from_slots_with_policy,no_pgcm_function_at_start,,1,5070478
command,main_thread,other_application_symbol,/root/cc-perf-native-recv-0909/gc-leaf-census-20260911/compile-v2/cc-diagnostic,perry_runtime::symbol::is_registered_symbol_slow,no_pgcm_function_at_start,,1,5069576
command,main_thread,runtime_helper_source_bound,/root/cc-perf-native-recv-0909/gc-leaf-census-20260911/compile-v2/cc-diagnostic,js_box_alloc_bits,no_pgcm_function_at_start,,1,5068957
startup,main_thread,other_application_symbol,/root/cc-perf-native-recv-0909/gc-leaf-census-20260911/compile-v2/cc-diagnostic,perry_runtime::json::stringify::stringify_object_inner,no_pgcm_function_at_start,,1,5068085
startup,main_thread,runtime_helper_source_bound,/root/cc-perf-native-recv-0909/gc-leaf-census-20260911/compile-v2/cc-diagnostic,js_closure_set_box_capture_ptr,no_pgcm_function_at_start,,1,5062019
command,main_thread,compiled_function_prefix,/root/cc-perf-native-recv-0909/gc-leaf-census-20260911/compile-v2/cc-diagnostic,perry_method_cli_2_1_112_js__iE8__class_expr_6712___readdirp,exact_start_and_symbol,68:72,1,5057852
startup,main_thread,other_application_symbol,/root/cc-perf-native-recv-0909/gc-leaf-census-20260911/compile-v2/cc-diagnostic,perry_runtime::object::native_module::nm_own_keys_array_opt,no_pgcm_function_at_start,,1,5057307
startup,main_thread,other_application_symbol,/root/cc-perf-native-recv-0909/gc-leaf-census-20260911/compile-v2/cc-diagnostic,<std::hash::random::RandomState as core::hash::BuildHasher>::hash_one::<&usize>,no_pgcm_function_at_start,,1,5055250
startup,main_thread,compiled_function_prefix,/root/cc-perf-native-recv-0909/gc-leaf-census-20260911/compile-v2/cc-diagnostic,perry_fn_cli_2_1_112_js__Ox_,exact_start_and_symbol,64:1,1,5054894
startup,main_thread,other_application_symbol,/root/cc-perf-native-recv-0909/gc-leaf-census-20260911/compile-v2/cc-diagnostic,perry_runtime::typed_feedback::object_shape,no_pgcm_function_at_start,,5,5054508
command,main_thread,other_application_symbol,/root/cc-perf-native-recv-0909/gc-leaf-census-20260911/compile-v2/cc-diagnostic,perry_runtime::closure::dynamic_props::closure_get_dynamic_prop,no_pgcm_function_at_start,,1,5052782
startup,main_thread,other_application_symbol,/root/cc-perf-native-recv-0909/gc-leaf-census-20260911/compile-v2/cc-diagnostic,<regex_syntax::ast::parse::ParserI<&mut regex_syntax::ast::parse::Parser>>::push_group,no_pgcm_function_at_start,,1,5051143
between_phases,main_thread,other_application_symbol,/root/cc-perf-native-recv-0909/gc-leaf-census-20260911/compile-v2/cc-diagnostic,perry_runtime::object::class_meta_registry::get_parent_class_id,no_pgcm_function_at_start,,1,5048466
between_phases,main_thread,other_application_symbol,/root/cc-perf-native-recv-0909/gc-leaf-census-20260911/compile-v2/cc-diagnostic,perry_runtime::object::live_slots::object_live_slot_count,no_pgcm_function_at_start,,1,5046896
startup,main_thread,other_application_symbol,/root/cc-perf-native-recv-0909/gc-leaf-census-20260911/compile-v2/cc-diagnostic,"<hashbrown::map::HashMap<(usize, alloc::string::String), perry_runtime::object::descriptor_state::AccessorDescriptor, perry_runtime::fast_hash::FastKeyHasher>>::insert",no_pgcm_function_at_start,,1,5046590
command,main_thread,other_application_symbol,/root/cc-perf-native-recv-0909/gc-leaf-census-20260911/compile-v2/cc-diagnostic,perry_runtime::string::string_storage_alloc,no_pgcm_function_at_start,,1,5043744
startup,main_thread,runtime_helper_source_bound,/root/cc-perf-native-recv-0909/gc-leaf-census-20260911/compile-v2/cc-diagnostic,js_box_alloc_bits,no_pgcm_function_at_start,,1,5035182
startup,main_thread,other_application_symbol,/root/cc-perf-native-recv-0909/gc-leaf-census-20260911/compile-v2/cc-diagnostic,<perry_runtime::gc::roots::RuntimeRootVisitor>::visit_nanbox_f64_slot,no_pgcm_function_at_start,,1,5035005
startup,main_thread,other_application_symbol,/root/cc-perf-native-recv-0909/gc-leaf-census-20260911/compile-v2/cc-diagnostic,perry_runtime::object::field_get_set::prototype_override::inherited_field_if_overridden,no_pgcm_function_at_start,,1,5028813
between_phases,main_thread,other_application_symbol,/root/cc-perf-native-recv-0909/gc-leaf-census-20260911/compile-v2/cc-diagnostic,perry_runtime::array::iter_object::dispatch_array_iterator_method_inner,no_pgcm_function_at_start,,1,5027993
startup,main_thread,other_application_symbol,/root/cc-perf-native-recv-0909/gc-leaf-census-20260911/compile-v2/cc-diagnostic,perry_runtime::proxy::lookup,no_pgcm_function_at_start,,1,5024771
command,main_thread,other_application_symbol,/root/cc-perf-native-recv-0909/gc-leaf-census-20260911/compile-v2/cc-diagnostic,<regex_syntax::ast::parse::ParserI<&mut regex_syntax::ast::parse::Parser>>::char,no_pgcm_function_at_start,,1,5024763
between_phases,main_thread,runtime_helper_source_bound,/root/cc-perf-native-recv-0909/gc-leaf-census-20260911/compile-v2/cc-diagnostic,js_get_global_this_builtin_value,no_pgcm_function_at_start,,1,5023456
between_phases,main_thread,other_application_symbol,/root/cc-perf-native-recv-0909/gc-leaf-census-20260911/compile-v2/cc-diagnostic,perry_runtime::proxy::ordinary_set_with_receiver,no_pgcm_function_at_start,,1,5022827
between_phases,main_thread,other_application_symbol,/root/cc-perf-native-recv-0909/gc-leaf-census-20260911/compile-v2/cc-diagnostic,perry_runtime::object::descriptor_state::gc_scan::scan_descriptor_roots_mut,no_pgcm_function_at_start,,1,5022633
command,main_thread,runtime_helper_source_bound,/root/cc-perf-native-recv-0909/gc-leaf-census-20260911/compile-v2/cc-diagnostic,js_number_coerce,no_pgcm_function_at_start,,1,5018025
startup,main_thread,runtime_helper_source_bound,/root/cc-perf-native-recv-0909/gc-leaf-census-20260911/compile-v2/cc-diagnostic,js_register_closure_strict_function,no_pgcm_function_at_start,,1,5017235
startup,main_thread,other_application_symbol,/root/cc-perf-native-recv-0909/gc-leaf-census-20260911/compile-v2/cc-diagnostic,perry_runtime::object::descriptor_state::set_property_attrs,no_pgcm_function_at_start,,1,5014910
startup,main_thread,other_application_symbol,/root/cc-perf-native-recv-0909/gc-leaf-census-20260911/compile-v2/cc-diagnostic,perry_runtime::object::class_registry::state::class_decl_prototype_value,no_pgcm_function_at_start,,1,5013850
startup,foreign_pid,other_dso,/usr/bin/node,v8::internal::ParserBase<v8::internal::Parser>::ParsePrimaryExpression(),not_application_dso,,1,5011899
between_phases,main_thread,other_application_symbol,/root/cc-perf-native-recv-0909/gc-leaf-census-20260911/compile-v2/cc-diagnostic,perry_runtime::object::class_registry::parent_static::is_registered_class_prototype_object,no_pgcm_function_at_start,,1,5011569
between_phases,foreign_pid,other_dso,/usr/bin/node,Builtins_ArrayPrototypePush,not_application_dso,,1,5009031
startup,main_thread,other_application_symbol,/root/cc-perf-native-recv-0909/gc-leaf-census-20260911/compile-v2/cc-diagnostic,perry_runtime::iter_result::emit_iter_result_cached,no_pgcm_function_at_start,,1,5008967
startup,foreign_pid,other_dso,/usr/bin/node,"v8::internal::JSDisposableStackBase::DisposeResources(v8::internal::Isolate*, v8::internal::DirectHandle<v8::internal::JSDisposableStackBase>, v8::internal::DisposableStackResourcesType)",not_application_dso,,1,5002257
startup,main_thread,runtime_helper_source_bound,/root/cc-perf-native-recv-0909/gc-leaf-census-20260911/compile-v2/cc-diagnostic,js_closure_call0,no_pgcm_function_at_start,,1,4998629
startup,main_thread,other_application_symbol,/root/cc-perf-native-recv-0909/gc-leaf-census-20260911/compile-v2/cc-diagnostic,perry_runtime::object::class_registry::parent_static::is_registered_class_prototype_object,no_pgcm_function_at_start,,1,4996649
startup,foreign_pid,other_dso,/usr/bin/node,v8::internal::interpreter::BytecodeArrayWriter::EmitBytecode(v8::internal::interpreter::BytecodeNode const*),not_application_dso,,1,4993982
between_phases,main_thread,other_application_symbol,/root/cc-perf-native-recv-0909/gc-leaf-census-20260911/compile-v2/cc-diagnostic,perry_runtime::object::field_set_by_name::tail::set_field_by_name_object_tail,no_pgcm_function_at_start,,1,4989694
startup,foreign_pid,other_dso,/usr/bin/node,"v8::internal::StoreIC::Store(v8::internal::Handle<v8::internal::Union<v8::internal::Smi, v8::internal::HeapNumber, v8::internal::BigInt, v8::internal::String, v8::internal::Symbol, v8::internal::Boolean, v8::internal::Null, v8::internal::Undefined, v8::internal::JSReceiver> >, v8::internal::Handle<v8::internal::Name>, v8::internal::DirectHandle<v8::internal::Object>, v8::internal::StoreOrigin)",not_application_dso,,1,4988113
startup,main_thread,other_application_symbol,/root/cc-perf-native-recv-0909/gc-leaf-census-20260911/compile-v2/cc-diagnostic,perry_runtime::object::native_module::callable_exports::bound_native_callable_module_and_method,no_pgcm_function_at_start,,1,4984879
startup,main_thread,other_application_symbol,/root/cc-perf-native-recv-0909/gc-leaf-census-20260911/compile-v2/cc-diagnostic,<perry_runtime::gc::roots::RuntimeRootVisitor>::visit_metadata_usize_slot,no_pgcm_function_at_start,,1,4982799
startup,main_thread,other_application_symbol,/root/cc-perf-native-recv-0909/gc-leaf-census-20260911/compile-v2/cc-diagnostic,perry_runtime::event_target::event_target_value_read,no_pgcm_function_at_start,,1,4975508
between_phases,main_thread,other_application_symbol,/root/cc-perf-native-recv-0909/gc-leaf-census-20260911/compile-v2/cc-diagnostic,"<std::hash::random::RandomState as core::hash::BuildHasher>::hash_one::<&(u32, alloc::string::String)>",no_pgcm_function_at_start,,1,4971749
command,main_thread,runtime_helper_source_bound,/root/cc-perf-native-recv-0909/gc-leaf-census-20260911/compile-v2/cc-diagnostic,js_closure_call1_receiverless,no_pgcm_function_at_start,,1,4968769
startup,main_thread,other_application_symbol,/root/cc-perf-native-recv-0909/gc-leaf-census-20260911/compile-v2/cc-diagnostic,<perry_runtime::object::shapes::shapes_store::IdList>::append_unchecked,no_pgcm_function_at_start,,1,4953380
startup,main_thread,other_application_symbol,/root/cc-perf-native-recv-0909/gc-leaf-census-20260911/compile-v2/cc-diagnostic,<regex_automata::nfa::thompson::nfa::Inner>::add,no_pgcm_function_at_start,,1,4952427
between_phases,foreign_pid,other_dso,/usr/bin/node,icu_78::StringPiece::StringPiece(char const*),not_application_dso,,1,4947643
startup,foreign_pid,other_dso,/usr/bin/node,"int v8::internal::Deserializer<v8::internal::Isolate>::ReadSingleBytecodeData<v8::internal::SlotAccessorForHeapObject>(unsigned char, v8::internal::SlotAccessorForHeapObject)",not_application_dso,,1,4946667
startup,main_thread,other_application_symbol,/root/cc-perf-native-recv-0909/gc-leaf-census-20260911/compile-v2/cc-diagnostic,perry_runtime::typedarray::typed_array_fast_index_get,no_pgcm_function_at_start,,1,4945700
command,main_thread,other_application_symbol,/root/cc-perf-native-recv-0909/gc-leaf-census-20260911/compile-v2/cc-diagnostic,regex_automata::util::determinize::epsilon_closure,no_pgcm_function_at_start,,1,4944704
startup,main_thread,other_application_symbol,/root/cc-perf-native-recv-0909/gc-leaf-census-20260911/compile-v2/cc-diagnostic,<perry_runtime::gc::roots::runtime_handles::RuntimeHandleScope>::root_nanbox_u64,no_pgcm_function_at_start,,1,4941312
between_phases,main_thread,other_application_symbol,/root/cc-perf-native-recv-0909/gc-leaf-census-20260911/compile-v2/cc-diagnostic,perry_runtime::object::side_table_roots::scan_shape_cache_roots_mut,no_pgcm_function_at_start,,1,4937132
startup,main_thread,other_application_symbol,/root/cc-perf-native-recv-0909/gc-leaf-census-20260911/compile-v2/cc-diagnostic,core::ptr::drop_glue::<regex_automata::nfa::thompson::compiler::Compiler>,no_pgcm_function_at_start,,1,4934480
command,main_thread,other_application_symbol,/root/cc-perf-native-recv-0909/gc-leaf-census-20260911/compile-v2/cc-diagnostic,perry_runtime::string::string_copy_range,no_pgcm_function_at_start,,1,4933860
startup,main_thread,other_application_symbol,/root/cc-perf-native-recv-0909/gc-leaf-census-20260911/compile-v2/cc-diagnostic,<perry_runtime::gc::roots::stack_maps::StackMapIndex>::match_records,no_pgcm_function_at_start,,1,4931392
startup,foreign_pid,other_dso,/usr/bin/node,"v8::internal::Handle<v8::internal::ScopeInfo> v8::internal::ScopeInfo::Create<v8::internal::Isolate>(v8::internal::Isolate*, v8::internal::Zone*, v8::internal::Scope*, v8::internal::MaybeDirectHandle<v8::internal::ScopeInfo>)",not_application_dso,,1,4930993
startup,main_thread,runtime_helper_source_bound,/root/cc-perf-native-recv-0909/gc-leaf-census-20260911/compile-v2/cc-diagnostic,js_for_in_keys_value,no_pgcm_function_at_start,,1,4926687
startup,main_thread,other_application_symbol,/root/cc-perf-native-recv-0909/gc-leaf-census-20260911/compile-v2/cc-diagnostic,perry_runtime::object::arguments::arguments_object_set_field,no_pgcm_function_at_start,,1,4926188
startup,main_thread,other_application_symbol,/root/cc-perf-native-recv-0909/gc-leaf-census-20260911/compile-v2/cc-diagnostic,perry_runtime::exception::try_push_with_kind,no_pgcm_function_at_start,,1,4925798
startup,main_thread,compiled_function_prefix,/root/cc-perf-native-recv-0909/gc-leaf-census-20260911/compile-v2/cc-diagnostic,perry_closure_cli_2_1_112_js__13783,exact_start_and_symbol,8:598,1,4919405
startup,foreign_pid,other_dso,/usr/bin/node,"v8::internal::DescriptorArray::Set(v8::internal::InternalIndex, v8::internal::Tagged<v8::internal::Name>, v8::internal::Tagged<v8::internal::MaybeWeak<v8::internal::Object> >, v8::internal::PropertyDetails)",not_application_dso,,1,4897465
startup,foreign_pid,other_dso,/usr/bin/node,"v8::internal::HashTable<v8::internal::NameToIndexHashTable, v8::internal::NameToIndexShape>::Rehash(v8::internal::PtrComprCageBase)",not_application_dso,,1,4895523
startup,main_thread,runtime_helper_source_bound,/root/cc-perf-native-recv-0909/gc-leaf-census-20260911/compile-v2/cc-diagnostic,js_register_closure_async_function,no_pgcm_function_at_start,,1,4888584
between_phases,foreign_pid,other_dso,/usr/bin/node,strlen@plt,not_application_dso,,1,4880613
startup,main_thread,other_application_symbol,/root/cc-perf-native-recv-0909/gc-leaf-census-20260911/compile-v2/cc-diagnostic,perry_runtime::object::side_table_roots::transition_entry_is_dead,no_pgcm_function_at_start,,1,4880516
command,main_thread,other_application_symbol,/root/cc-perf-native-recv-0909/gc-leaf-census-20260911/compile-v2/cc-diagnostic,"<hashbrown::map::HashMap<usize, perry_runtime::gc::layout::slot_mask::LayoutSlotMask, perry_runtime::fast_hash::PtrHasher>>::remove::<usize>",no_pgcm_function_at_start,,1,4878274
startup,main_thread,other_application_symbol,/root/cc-perf-native-recv-0909/gc-leaf-census-20260911/compile-v2/cc-diagnostic,perry_runtime::wasi::is_wasi_instance,no_pgcm_function_at_start,,1,4869316
startup,foreign_pid,other_dso,/usr/bin/node,Builtins_CallFunctionTemplate_Generic,not_application_dso,,1,4866809
between_phases,main_thread,other_application_symbol,/root/cc-perf-native-recv-0909/gc-leaf-census-20260911/compile-v2/cc-diagnostic,perry_runtime::string::short_ascii_sso_bits,no_pgcm_function_at_start,,1,4863963
startup,main_thread,other_application_symbol,/root/cc-perf-native-recv-0909/gc-leaf-census-20260911/compile-v2/cc-diagnostic,perry_runtime::process::env_misc::process_env_has_field,no_pgcm_function_at_start,,1,4852818
between_phases,foreign_pid,other_dso,/usr/bin/node,Builtins_CallFunction_ReceiverIsAny,not_application_dso,,1,4840999
startup,foreign_pid,other_dso,/usr/bin/node,v8::internal::ParserBase<v8::internal::Parser>::ParseObjectLiteral(),not_application_dso,,1,4838973
startup,main_thread,other_application_symbol,/root/cc-perf-native-recv-0909/gc-leaf-census-20260911/compile-v2/cc-diagnostic,perry_runtime::object::side_table_roots::scan_shape_cache_roots_mut,no_pgcm_function_at_start,,1,4837553
startup,main_thread,other_application_symbol,/root/cc-perf-native-recv-0909/gc-leaf-census-20260911/compile-v2/cc-diagnostic,perry_runtime::object::descriptor_state::class_instance_set_may_intercept,no_pgcm_function_at_start,,1,4834365
startup,main_thread,other_application_symbol,/root/cc-perf-native-recv-0909/gc-leaf-census-20260911/compile-v2/cc-diagnostic,perry_runtime::promise::set_promise_callback_context,no_pgcm_function_at_start,,1,4813821
startup,main_thread,other_application_symbol,/root/cc-perf-native-recv-0909/gc-leaf-census-20260911/compile-v2/cc-diagnostic,mi_page_queue_remove,no_pgcm_function_at_start,,1,4806403
startup,foreign_pid,other_dso,/usr/bin/node,v8::internal::ParserBase<v8::internal::Parser>::ParsePropertyOrPrivatePropertyName(),not_application_dso,,1,4803382
startup,main_thread,runtime_helper_source_bound,/root/cc-perf-native-recv-0909/gc-leaf-census-20260911/compile-v2/cc-diagnostic,js_object_set_field,no_pgcm_function_at_start,,1,4779885
between_phases,main_thread,other_application_symbol,/root/cc-perf-native-recv-0909/gc-leaf-census-20260911/compile-v2/cc-diagnostic,perry_runtime::fs::read_file_bytes_with_options,no_pgcm_function_at_start,,1,4779663
between_phases,foreign_pid,other_dso,/usr/lib/x86_64-linux-gnu/libc.so.6,__strlen_evex,not_application_dso,,1,4771863
command,main_thread,other_application_symbol,/root/cc-perf-native-recv-0909/gc-leaf-census-20260911/compile-v2/cc-diagnostic,perry_runtime::object::class_registry::construct::lookup_prototype_method,no_pgcm_function_at_start,,1,4764849
startup,foreign_pid,other_dso,/usr/bin/node,"v8::internal::Assembler::arithmetic_op(unsigned char, v8::internal::Register, v8::internal::Register, int)",not_application_dso,,1,4763113
between_phases,main_thread,other_application_symbol,/root/cc-perf-native-recv-0909/gc-leaf-census-20260911/compile-v2/cc-diagnostic,perry_runtime::regex::repeat_matcher::compile,no_pgcm_function_at_start,,1,4759879
startup,foreign_pid,other_dso,/usr/bin/node,node::url::BindingData::Parse(v8::FunctionCallbackInfo<v8::Value> const&),not_application_dso,,1,4757200
startup,main_thread,other_application_symbol,/root/cc-perf-native-recv-0909/gc-leaf-census-20260911/compile-v2/cc-diagnostic,mi_page_free_list_extend,no_pgcm_function_at_start,,3,4743875
startup,foreign_pid,other_dso,/usr/lib/x86_64-linux-gnu/libc.so.6,__memcmp_evex_movbe,not_application_dso,,1,4728873
startup,foreign_pid,other_dso,/usr/bin/node,"int v8::internal::Deserializer<v8::internal::Isolate>::WriteHeapPointer<v8::internal::SlotAccessorForHeapObject>(v8::internal::SlotAccessorForHeapObject, v8::internal::DirectHandle<v8::internal::HeapObject>, v8::internal::Deserializer<v8::internal::Isolate>::ReferenceDescriptor, v8::internal::WriteBarrierMode)",not_application_dso,,1,4724767
startup,main_thread,other_application_symbol,/root/cc-perf-native-recv-0909/gc-leaf-census-20260911/compile-v2/cc-diagnostic,perry_runtime::map::js_map_set::{closure#0},no_pgcm_function_at_start,,1,4712198
between_phases,main_thread,other_application_symbol,/root/cc-perf-native-recv-0909/gc-leaf-census-20260911/compile-v2/cc-diagnostic,perry_runtime::object::prop_plan::read_plan_lookup,no_pgcm_function_at_start,,1,4710481
between_phases,main_thread,other_application_symbol,/root/cc-perf-native-recv-0909/gc-leaf-census-20260911/compile-v2/cc-diagnostic,mi_theap_malloc_zero_aligned_at_generic,no_pgcm_function_at_start,,1,4703261
startup,main_thread,runtime_helper_source_bound,/root/cc-perf-native-recv-0909/gc-leaf-census-20260911/compile-v2/cc-diagnostic,js_string_concat_box,no_pgcm_function_at_start,,1,4703012
between_phases,main_thread,runtime_helper_source_bound,/root/cc-perf-native-recv-0909/gc-leaf-census-20260911/compile-v2/cc-diagnostic,js_register_closure_arity,no_pgcm_function_at_start,,1,4693510
startup,main_thread,other_application_symbol,/root/cc-perf-native-recv-0909/gc-leaf-census-20260911/compile-v2/cc-diagnostic,<regex_syntax::hir::interval::IntervalSet<regex_syntax::hir::ClassUnicodeRange>>::canonicalize,no_pgcm_function_at_start,,1,4692305
startup,foreign_pid,other_dso,/usr/bin/node,v8::internal::interpreter::BytecodeLabels::New(),not_application_dso,,1,4679800
command,main_thread,compiled_function_prefix,/root/cc-perf-native-recv-0909/gc-leaf-census-20260911/compile-v2/cc-diagnostic,perry_closure_cli_2_1_112_js__37050,exact_start_and_symbol,103:78,1,4672796
startup,main_thread,other_application_symbol,/root/cc-perf-native-recv-0909/gc-leaf-census-20260911/compile-v2/cc-diagnostic,<regex_automata::dfa::dense::Builder>::build_from_nfa,no_pgcm_function_at_start,,1,4666044
startup,main_thread,other_application_symbol,/root/cc-perf-native-recv-0909/gc-leaf-census-20260911/compile-v2/cc-diagnostic,perry_runtime::gc::verify::remember_retained_old_to_young_slots,no_pgcm_function_at_start,,1,4657891
startup,foreign_pid,other_dso,/usr/bin/node,"v8::internal::interpreter::BytecodeRegisterOptimizer::BytecodeRegisterOptimizer(v8::internal::Zone*, v8::internal::interpreter::BytecodeRegisterAllocator*, int, int, v8::internal::interpreter::BytecodeRegisterOptimizer::BytecodeWriter*)",not_application_dso,,1,4654966
startup,main_thread,other_application_symbol,/root/cc-perf-native-recv-0909/gc-leaf-census-20260911/compile-v2/cc-diagnostic,perry_runtime::arena::page_meta::register_old_block_pages::{closure#0},no_pgcm_function_at_start,,1,4654790
between_phases,foreign_pid,other_dso,/usr/bin/node,"v8::internal::Call::Call(v8::internal::Zone*, v8::internal::Expression*, v8::internal::ScopedList<v8::internal::Expression*, void*> const&, int, bool, int, bool)",not_application_dso,,1,4654569
between_phases,foreign_pid,other_dso,/usr/bin/node,Builtins_ArrayMap,not_application_dso,,1,4642365
startup,main_thread,runtime_helper_source_bound,/root/cc-perf-native-recv-0909/gc-leaf-census-20260911/compile-v2/cc-diagnostic,js_array_push_f64,no_pgcm_function_at_start,,1,4642225
startup,main_thread,other_application_symbol,/root/cc-perf-native-recv-0909/gc-leaf-census-20260911/compile-v2/cc-diagnostic,perry_runtime::object::class_registry::construct::extends_target_must_throw,no_pgcm_function_at_start,,1,4634822
between_phases,main_thread,other_application_symbol,/root/cc-perf-native-recv-0909/gc-leaf-census-20260911/compile-v2/cc-diagnostic,<perry_runtime::gc::roots::RuntimeRootVisitor>::visit_nanbox_f64_slot,no_pgcm_function_at_start,,1,4632860
between_phases,foreign_pid,other_dso,/usr/bin/node,Builtins_CallWithArrayLike,not_application_dso,,1,4626564
between_phases,foreign_pid,other_dso,/usr/bin/node,"v8::internal::FactoryBase<v8::internal::Factory>::AllocateRawOneByteInternalizedString(int, unsigned int)",not_application_dso,,1,4625706
startup,main_thread,other_application_symbol,/root/cc-perf-native-recv-0909/gc-leaf-census-20260911/compile-v2/cc-diagnostic,<regex_automata::dfa::onepass::InternalBuilder>::compile_transition,no_pgcm_function_at_start,,1,4624367
between_phases,main_thread,other_application_symbol,/root/cc-perf-native-recv-0909/gc-leaf-census-20260911/compile-v2/cc-diagnostic,<perry_runtime::object::shapes::shapes_store::ShapeSlab>::insert,no_pgcm_function_at_start,,1,4621797
between_phases,foreign_pid,other_dso,/usr/bin/node,"unsigned short const* std::__find_if<unsigned short const*, __gnu_cxx::__ops::_Iter_pred<v8::internal::Utf16CharacterStream::AdvanceUntil<v8::internal::Scanner::ScanIdentifierOrKeywordInner()::{lambda(unsigned int)#1}>(v8::internal::Scanner::ScanIdentifierOrKeywordInner()::{lambda(unsigned int)#1})::{lambda(unsigned short)#1}> >(unsigned short const*, unsigned short const*, __gnu_cxx::__ops::_Iter_pred<v8::internal::Utf16CharacterStream::AdvanceUntil<v8::internal::Scanner::ScanIdentifierOrKeywordInner()::{lambda(unsigned int)#1}>(v8::internal::Scanner::ScanIdentifierOrKeywordInner()::{lambda(unsigned int)#1})::{lambda(unsigned short)#1}>, std::random_access_iterator_tag)",not_application_dso,,1,4618048
startup,foreign_pid,other_dso,/usr/bin/node,Builtins_DefineNamedOwnIC,not_application_dso,,1,4617270
between_phases,foreign_pid,other_dso,/usr/bin/node,"v8::internal::ChoiceNode::Emit(v8::internal::RegExpCompiler*, v8::internal::Trace*)",not_application_dso,,1,4613375
between_phases,foreign_pid,other_dso,/usr/bin/node,"(anonymous namespace)::init_resb_result(UResourceDataEntry*, unsigned int, char const*, int, UResourceDataEntry*, char const*, int, UResourceBundle*, UErrorCode*)",not_application_dso,,1,4607988
between_phases,foreign_pid,other_dso,/usr/bin/node,"v8::internal::JSObject::FastPropertyAt(v8::internal::Isolate*, v8::internal::DirectHandle<v8::internal::JSObject>, v8::internal::Representation, v8::internal::FieldIndex)",not_application_dso,,1,4607036
startup,main_thread,runtime_helper_source_bound,/root/cc-perf-native-recv-0909/gc-leaf-census-20260911/compile-v2/cc-diagnostic,js_get_string_pointer_unified,no_pgcm_function_at_start,,1,4602020
between_phases,foreign_pid,other_dso,/usr/bin/node,void v8::internal::LookupIterator::Start<false>(),not_application_dso,,1,4599986
between_phases,foreign_pid,other_dso,/usr/bin/node,v8::internal::Scope::GetReceiverScope(),not_application_dso,,1,4598652
between_phases,foreign_pid,other_dso,/usr/bin/node,"v8::internal::BaseConsumedPreparseData<v8::internal::Tagged<v8::internal::PreparseData> >::GetDataForSkippableFunction(v8::internal::Zone*, int, int*, int*, int*, int*, bool*, v8::internal::LanguageMode*)",not_application_dso,,1,4598284
between_phases,main_thread,other_application_symbol,/root/cc-perf-native-recv-0909/gc-leaf-census-20260911/compile-v2/cc-diagnostic,perry_runtime::timer::timer_has_ref_state,no_pgcm_function_at_start,,2,4592135
startup,main_thread,other_application_symbol,/root/cc-perf-native-recv-0909/gc-leaf-census-20260911/compile-v2/cc-diagnostic,"<&mut perry_runtime::gc::copying::run_copied_minor_attempt::{closure#0} as core::ops::function::FnMut<(perry_runtime::gc::roots::MutableRootSlot,)>>::call_mut",no_pgcm_function_at_start,,1,4589588
startup,main_thread,runtime_helper_source_bound,/root/cc-perf-native-recv-0909/gc-leaf-census-20260911/compile-v2/cc-diagnostic,js_write_barrier_slot,no_pgcm_function_at_start,,1,4586750
between_phases,foreign_pid,other_dso,/usr/bin/node,v8::internal::interpreter::ConstantArrayBuilder::CreateReservedEntry(v8::internal::interpreter::OperandSize),not_application_dso,,1,4586091
startup,foreign_pid,other_dso,/usr/bin/node,"v8::internal::Assembler::emit_mov(v8::internal::Operand, v8::internal::Register, int)",not_application_dso,,1,4586091
between_phases,foreign_pid,other_dso,/usr/bin/node,"v8::internal::VariableProxy::BindTo(v8::internal::Variable*, v8::internal::VariableProxy::BindingMode)",not_application_dso,,1,4582157
startup,main_thread,other_application_symbol,/root/cc-perf-native-recv-0909/gc-leaf-census-20260911/compile-v2/cc-diagnostic,<core::hash::sip::Hasher<core::hash::sip::Sip13Rounds> as core::hash::Hasher>::write,no_pgcm_function_at_start,,1,4580027
between_phases,main_thread,compiled_function_prefix,/root/cc-perf-native-recv-0909/gc-leaf-census-20260911/compile-v2/cc-diagnostic,perry_closure_cli_2_1_112_js__17034,exact_start_and_symbol,93:126,1,4576382
startup,main_thread,other_application_symbol,/root/cc-perf-native-recv-0909/gc-leaf-census-20260911/compile-v2/cc-diagnostic,perry_runtime::regex::exec_array::materialize_exec_match,no_pgcm_function_at_start,,1,4571095
between_phases,foreign_pid,other_dso,/usr/bin/node,v8::internal::JSReceiver::GetPropertyAttributes(v8::internal::LookupIterator*),not_application_dso,,1,4567845
startup,main_thread,other_application_symbol,/root/cc-perf-native-recv-0909/gc-leaf-census-20260911/compile-v2/cc-diagnostic,regress::optimizer::contains_capture_groups,no_pgcm_function_at_start,,1,4541372
between_phases,foreign_pid,other_dso,/usr/bin/node,Builtins_StringPrototypeSlice,not_application_dso,,1,4535969
between_phases,foreign_pid,other_dso,/usr/bin/node,uv_mutex_unlock,not_application_dso,,2,4532189
startup,foreign_pid,other_dso,/usr/bin/node,Builtins_ArrayForEach,not_application_dso,,1,4524677
startup,main_thread,other_application_symbol,/root/cc-perf-native-recv-0909/gc-leaf-census-20260911/compile-v2/cc-diagnostic,"<regress::api::Regex>::from_unicode::<core::iter::adapters::map::Map<core::str::iter::Chars, <u32 as core::convert::From<char>>::from>, &str>",no_pgcm_function_at_start,,1,4524190
startup,main_thread,other_application_symbol,/root/cc-perf-native-recv-0909/gc-leaf-census-20260911/compile-v2/cc-diagnostic,<std::hash::random::RandomState as core::hash::BuildHasher>::hash_one::<&regex_automata::util::determinize::state::State>,no_pgcm_function_at_start,,1,4504998
between_phases,foreign_pid,other_dso,/usr/bin/node,"v8::internal::Handle<v8::internal::FeedbackMetadata> v8::internal::FeedbackMetadata::New<v8::internal::Isolate>(v8::internal::Isolate*, v8::internal::FeedbackVectorSpec const*)",not_application_dso,,1,4497368
startup,main_thread,other_application_symbol,/root/cc-perf-native-recv-0909/gc-leaf-census-20260911/compile-v2/cc-diagnostic,<regex_syntax::hir::literal::PreferenceTrie>::minimize::{closure#0},no_pgcm_function_at_start,,1,4495723
between_phases,foreign_pid,other_dso,/usr/bin/node,v8::internal::IncrementalStringBuilder::AppendString(v8::internal::DirectHandle<v8::internal::String>),not_application_dso,,1,4480270
between_phases,main_thread,other_application_symbol,/root/cc-perf-native-recv-0909/gc-leaf-census-20260911/compile-v2/cc-diagnostic,perry_runtime::closure::dynamic_props::is_closure_ptr,no_pgcm_function_at_start,,1,4471912
startup,main_thread,runtime_helper_source_bound,/root/cc-perf-native-recv-0909/gc-leaf-census-20260911/compile-v2/cc-diagnostic,js_object_get_index_polymorphic,no_pgcm_function_at_start,,1,4459200
startup,main_thread,other_application_symbol,/root/cc-perf-native-recv-0909/gc-leaf-census-20260911/compile-v2/cc-diagnostic,perry_runtime::object::native_module::build_bound_method_closure_with_private_brand,no_pgcm_function_at_start,,1,4457544
command,main_thread,other_application_symbol,/root/cc-perf-native-recv-0909/gc-leaf-census-20260911/compile-v2/cc-diagnostic,perry_runtime::arena::allocators::arena_alloc_gc_old,no_pgcm_function_at_start,,1,4443272
startup,main_thread,other_application_symbol,/root/cc-perf-native-recv-0909/gc-leaf-census-20260911/compile-v2/cc-diagnostic,regex_automata::meta::strategy::new,no_pgcm_function_at_start,,1,4430874
startup,main_thread,compiled_function_prefix,/root/cc-perf-native-recv-0909/gc-leaf-census-20260911/compile-v2/cc-diagnostic,perry_closure_cli_2_1_112_js__10694,exact_start_and_symbol,51:372,1,4421408
startup,foreign_pid,other_dso,/usr/bin/node,"node::CompileCacheHandler::GetOrInsert(v8::Local<v8::String>, v8::Local<v8::String>, node::CachedCodeType)",not_application_dso,,1,4418318
startup,main_thread,runtime_helper_source_bound,/root/cc-perf-native-recv-0909/gc-leaf-census-20260911/compile-v2/cc-diagnostic,js_array_length,no_pgcm_function_at_start,,1,4416973
startup,foreign_pid,other_dso,/usr/bin/node,v8::internal::DescriptorArray::SortImpl(int),not_application_dso,,1,4401988
between_phases,foreign_pid,other_dso,/usr/bin/node,"v8::internal::Trace::FindAffectedRegisters(v8::internal::DynamicBitSet*, v8::internal::Zone*)",not_application_dso,,1,4393500
between_phases,main_thread,other_application_symbol,/root/cc-perf-native-recv-0909/gc-leaf-census-20260911/compile-v2/cc-diagnostic,perry_runtime::string::compare::js_string_key_matches_bytes,no_pgcm_function_at_start,,1,4388743
startup,foreign_pid,other_dso,/usr/lib/x86_64-linux-gnu/libatomic.so.1.2.0,__atomic_compare_exchange,not_application_dso,,1,4377264
startup,main_thread,runtime_helper_source_bound,/root/cc-perf-native-recv-0909/gc-leaf-census-20260911/compile-v2/cc-diagnostic,js_object_get_prototype_of,no_pgcm_function_at_start,,1,4360348
between_phases,main_thread,other_application_symbol,/root/cc-perf-native-recv-0909/gc-leaf-census-20260911/compile-v2/cc-diagnostic,perry_runtime::object::shapes::shape_descriptor_ensure_with_holes,no_pgcm_function_at_start,,1,4354244
startup,main_thread,other_application_symbol,/root/cc-perf-native-recv-0909/gc-leaf-census-20260911/compile-v2/cc-diagnostic,perry_runtime::arena::page_meta::flush_deferred_old_page_registrations_batch,no_pgcm_function_at_start,,1,4337652
startup,main_thread,other_application_symbol,/root/cc-perf-native-recv-0909/gc-leaf-census-20260911/compile-v2/cc-diagnostic,perry_runtime::object::field_set_by_name::fast_paths::object_set_field_by_name_transition_fast_impl_value,no_pgcm_function_at_start,,1,4336407
startup,main_thread,other_application_symbol,/root/cc-perf-native-recv-0909/gc-leaf-census-20260911/compile-v2/cc-diagnostic,regex_automata::util::determinize::epsilon_closure,no_pgcm_function_at_start,,1,4311223
startup,main_thread,runtime_helper_source_bound,/root/cc-perf-native-recv-0909/gc-leaf-census-20260911/compile-v2/cc-diagnostic,js_object_has_property,no_pgcm_function_at_start,,1,4297593
between_phases,main_thread,other_application_symbol,/root/cc-perf-native-recv-0909/gc-leaf-census-20260911/compile-v2/cc-diagnostic,"<hashbrown::raw::RawTable<(u64, perry_runtime::object::shapes::shapes_store::IdList)>>::shrink_to::<hashbrown::map::make_hasher<u64, perry_runtime::object::shapes::shapes_store::IdList, perry_runtime::fast_hash::PtrHasher>::{closure#0}>",no_pgcm_function_at_start,,1,4286794
startup,main_thread,other_application_symbol,/root/cc-perf-native-recv-0909/gc-leaf-census-20260911/compile-v2/cc-diagnostic,<std::hash::random::RandomState as core::hash::BuildHasher>::hash_one::<&[u8]>,no_pgcm_function_at_start,,1,4280780
startup,foreign_pid,other_dso,/usr/bin/node,std::filesystem::__cxx11::path::_M_split_cmpts(),not_application_dso,,1,4249629
startup,foreign_pid,other_dso,/usr/bin/node,"v8::internal::interpreter::BytecodeArrayBuilder::LoadKeyedProperty(v8::internal::interpreter::Register, int)",not_application_dso,,1,4233176
startup,foreign_pid,other_dso,/usr/bin/node,Builtins_StringPrototypeCharCodeAt,not_application_dso,,1,4218134
between_phases,foreign_pid,other_dso,/usr/bin/node,"v8::internal::AlternativeGenerationList::AlternativeGenerationList(int, v8::internal::Zone*)",not_application_dso,,1,4213475
startup,main_thread,other_application_symbol,/root/cc-perf-native-recv-0909/gc-leaf-census-20260911/compile-v2/cc-diagnostic,perry_runtime::url::url_class::is_url_object_shape,no_pgcm_function_at_start,,1,4209379
between_phases,main_thread,other_application_symbol,/root/cc-perf-native-recv-0909/gc-leaf-census-20260911/compile-v2/cc-diagnostic,perry_runtime::async_hooks::is_async_resource_handle,no_pgcm_function_at_start,,1,4205629
startup,main_thread,other_application_symbol,/root/cc-perf-native-recv-0909/gc-leaf-census-20260911/compile-v2/cc-diagnostic,<regex_syntax::ast::parse::ParserI<&mut regex_syntax::ast::parse::Parser>>::char,no_pgcm_function_at_start,,1,4200959
command,main_thread,other_application_symbol,/root/cc-perf-native-recv-0909/gc-leaf-census-20260911/compile-v2/cc-diagnostic,"core::slice::sort::unstable::quicksort::quicksort::<usize, <usize as core::cmp::PartialOrd>::lt>",no_pgcm_function_at_start,,1,4199181
startup,foreign_pid,other_dso,/usr/bin/node,"v8::internal::Runtime_GetProperty(int, unsigned long*, v8::internal::Isolate*)",not_application_dso,,1,4196905
between_phases,foreign_pid,other_dso,/usr/bin/node,res_getTableItemByIndex_78,not_application_dso,,1,4186896
between_phases,foreign_pid,other_dso,/usr/bin/node,"unsigned int v8::internal::StringHasher::HashSequentialString<unsigned char>(unsigned char const*, unsigned int, v8::internal::HashSeed)",not_application_dso,,1,4171264
startup,main_thread,runtime_helper_source_bound,/root/cc-perf-native-recv-0909/gc-leaf-census-20260911/compile-v2/cc-diagnostic,js_put_value_set_dyn_ic,no_pgcm_function_at_start,,1,4158316
startup,foreign_pid,other_dso,/usr/bin/node,"v8::internal::Factory::CodeBuilder::CodeBuilder(v8::internal::Isolate*, v8::internal::CodeDesc const&, v8::internal::CodeKind)",not_application_dso,,1,4140991
between_phases,foreign_pid,other_dso,/usr/bin/node,"v8::internal::TransitionsAccessor::SearchTransition(v8::internal::Tagged<v8::internal::Name>, v8::internal::PropertyKind, v8::internal::PropertyAttributes)",not_application_dso,,1,4129997
between_phases,foreign_pid,other_dso,/usr/bin/node,v8::internal::(anonymous namespace)::RegExpParserImpl<unsigned char>::ParseCharacterClass(v8::internal::(anonymous namespace)::RegExpBuilder const*),not_application_dso,,1,4128654
between_phases,main_thread,other_application_symbol,/root/cc-perf-native-recv-0909/gc-leaf-census-20260911/compile-v2/cc-diagnostic,mi_abandoned_page_try_reclaim,no_pgcm_function_at_start,,1,4113531
startup,main_thread,other_application_symbol,/root/cc-perf-native-recv-0909/gc-leaf-census-20260911/compile-v2/cc-diagnostic,perry_runtime::object::native_module::callable_exports::builtin_closure_length,no_pgcm_function_at_start,,1,4099174
between_phases,foreign_pid,other_dso,/usr/lib/x86_64-linux-gnu/libstdc++.so.6.0.33,"std::_Rb_tree_insert_and_rebalance(bool, std::_Rb_tree_node_base*, std::_Rb_tree_node_base*, std::_Rb_tree_node_base&)",not_application_dso,,1,4068748
between_phases,foreign_pid,other_dso,/usr/bin/node,uv__fs_work,not_application_dso,,1,4068278
between_phases,foreign_pid,other_dso,/usr/bin/node,Builtins_LdaUndefinedHandler,not_application_dso,,1,4066665
between_phases,foreign_pid,other_dso,/usr/bin/node,v8::internal::interpreter::BytecodeArrayWriter::Write(v8::internal::interpreter::BytecodeNode*),not_application_dso,,1,4065678
between_phases,foreign_pid,other_dso,/usr/bin/node,Builtins_Decrement_Baseline,not_application_dso,,1,4043475
startup,main_thread,other_application_symbol,/root/cc-perf-native-recv-0909/gc-leaf-census-20260911/compile-v2/cc-diagnostic,"<perry_runtime::gc::roots::runtime_handles::RuntimeHandle>::across_mut::<perry_runtime::string::StringHeader, ((), *mut perry_runtime::object::ObjectHeader), perry_runtime::object::object_ops::define_property::js_object_define_property::{closure#61}>",no_pgcm_function_at_start,,1,4040798
startup,foreign_pid,other_dso,/usr/bin/node,Builtins_LoadICGenericBaseline,not_application_dso,,1,4026621
between_phases,foreign_pid,other_dso,/usr/bin/node,Builtins_InterpreterEntryTrampoline,not_application_dso,,1,4025654
between_phases,foreign_pid,other_dso,/usr/bin/node,"v8::internal::JSObject::DefineOwnPropertyIgnoreAttributes(v8::internal::LookupIterator*, v8::internal::DirectHandle<v8::internal::Object>, v8::internal::PropertyAttributes, v8::Maybe<v8::internal::ShouldThrow>, v8::internal::JSObject::AccessorInfoHandling, v8::internal::EnforceDefineSemantics, v8::internal::StoreOrigin, v8::internal::MaybeDirectHandle<v8::internal::Object>)",not_application_dso,,1,4003923
between_phases,main_thread,other_application_symbol,/root/cc-perf-native-recv-0909/gc-leaf-census-20260911/compile-v2/cc-diagnostic,perry_runtime::object::field_get_set::accessors::builtin_reflection_accessor_read,no_pgcm_function_at_start,,1,4003258
startup,main_thread,other_application_symbol,/root/cc-perf-native-recv-0909/gc-leaf-census-20260911/compile-v2/cc-diagnostic,perry_runtime::object::class_registry::class_meta::class_name_for_id,no_pgcm_function_at_start,,1,3986510
startup,foreign_pid,other_dso,/usr/bin/node,"void std::__chunk_insertion_sort<v8::internal::RegExpTree**, long, __gnu_cxx::__ops::_Iter_comp_iter<v8::internal::ZoneList<v8::internal::RegExpTree*>::StableSort<int (*)(v8::internal::RegExpTree* const*, v8::internal::RegExpTree* const*)>(int (*)(v8::internal::RegExpTree* const*, v8::internal::RegExpTree* const*), unsigned long, unsigned long)::{lambda(v8::internal::RegExpTree* const&, v8::internal::RegExpTree* const&)#1}> >(v8::internal::RegExpTree**, v8::internal::RegExpTree**, long, __gnu_cxx::__ops::_Iter_comp_iter<v8::internal::ZoneList<v8::internal::RegExpTree*>::StableSort<int (*)(v8::internal::RegExpTree* const*, v8::internal::RegExpTree* const*)>(int (*)(v8::internal::RegExpTree* const*, v8::internal::RegExpTree* const*), unsigned long, unsigned long)::{lambda(v8::internal::RegExpTree* const&, v8::internal::RegExpTree* const&)#1}>)",not_application_dso,,1,3980426
startup,main_thread,other_application_symbol,/root/cc-perf-native-recv-0909/gc-leaf-census-20260911/compile-v2/cc-diagnostic,perry_runtime::object::class_registry::parent_static::class_dynamic_static_accessor_setter_apply,no_pgcm_function_at_start,,1,3960301
between_phases,foreign_pid,other_dso,/usr/bin/node,"v8::ScriptCompiler::CompileFunction(v8::Local<v8::Context>, v8::ScriptCompiler::Source*, unsigned long, v8::Local<v8::String>*, unsigned long, v8::Local<v8::Object>*, v8::ScriptCompiler::CompileOptions, v8::ScriptCompiler::NoCacheReason)",not_application_dso,,1,3948124
startup,foreign_pid,other_dso,/usr/bin/node,"void v8::internal::interpreter::BytecodeGenerator::AllocateDeferredConstants<v8::internal::Isolate>(v8::internal::Isolate*, v8::internal::Handle<v8::internal::Script>)",not_application_dso,,1,3944038
startup,main_thread,other_application_symbol,/root/cc-perf-native-recv-0909/gc-leaf-census-20260911/compile-v2/cc-diagnostic,"<hashbrown::raw::RawTable<(usize, perry_runtime::closure::dynamic_props::ClosureProps)>>::reserve_rehash::<hashbrown::map::make_hasher<usize, perry_runtime::closure::dynamic_props::ClosureProps, perry_runtime::fast_hash::PtrHasher>::{closure#0}>",no_pgcm_function_at_start,,1,3934116
between_phases,foreign_pid,other_dso,/usr/lib/x86_64-linux-gnu/libc.so.6,malloc,not_application_dso,,3,3926823
startup,foreign_pid,other_dso,/usr/bin/node,"v8::internal::IsCompiledScope::IsCompiledScope(v8::internal::Tagged<v8::internal::SharedFunctionInfo>, v8::internal::Isolate*)",not_application_dso,,1,3901395
between_phases,foreign_pid,other_dso,/usr/bin/node,Builtins_MapConstructor,not_application_dso,,1,3885952
startup,main_thread,other_application_symbol,/root/cc-perf-native-recv-0909/gc-leaf-census-20260911/compile-v2/cc-diagnostic,perry_runtime::array::indexing_support::keys_array_slot,no_pgcm_function_at_start,,1,3884246
between_phases,foreign_pid,other_dso,/usr/bin/node,Builtins_BitwiseOrSmi_Baseline,not_application_dso,,1,3883155
between_phases,foreign_pid,other_dso,/usr/bin/node,Builtins_CallIteratorWithFeedback,not_application_dso,,1,3875644
between_phases,main_thread,other_application_symbol,/root/cc-perf-native-recv-0909/gc-leaf-census-20260911/compile-v2/cc-diagnostic,"<<core::io::error::Error>::from_raw_os_error::FUNCTIONS::{closure#0} as core::ops::function::FnOnce<(i32, &mut core::fmt::Formatter)>>::call_once",no_pgcm_function_at_start,,1,3869587
between_phases,foreign_pid,other_dso,/usr/bin/node,v8::internal::Heap::WeakenDescriptorArrays(v8::internal::GlobalHandleVector<v8::internal::DescriptorArray>),not_application_dso,,1,3862827
startup,main_thread,other_application_symbol,/root/cc-perf-native-recv-0909/gc-leaf-census-20260911/compile-v2/cc-diagnostic,<regex_syntax::ast::parse::ParserI<&mut regex_syntax::ast::parse::Parser>>::pop_group,no_pgcm_function_at_start,,1,3848991
between_phases,foreign_pid,other_dso,/usr/bin/node,"v8::internal::JSReceiver::GetOwnPropertyDescriptor(v8::internal::LookupIterator*, v8::internal::PropertyDescriptor*)",not_application_dso,,1,3842688
startup,main_thread,runtime_helper_source_bound,/root/cc-perf-native-recv-0909/gc-leaf-census-20260911/compile-v2/cc-diagnostic,js_class_register_capture_values,no_pgcm_function_at_start,,1,3838515
between_phases,main_thread,compiled_function_prefix,/root/cc-perf-native-recv-0909/gc-leaf-census-20260911/compile-v2/cc-diagnostic,perry_closure_cli_2_1_112_js__42900,exact_start_and_symbol,58:15,1,3827358
between_phases,foreign_pid,other_dso,/usr/bin/node,"v8::internal::DescriptorArray::Initialize(v8::internal::Tagged<v8::internal::EnumCache>, v8::internal::Tagged<v8::internal::HeapObject>, int, int, unsigned int)",not_application_dso,,1,3815969
between_phases,foreign_pid,other_dso,/usr/bin/node,Builtins_GreaterThan_Baseline,not_application_dso,,1,3810144
between_phases,foreign_pid,other_dso,/usr/bin/node,v8::internal::AstRawString::AsArrayIndex(unsigned int*) const,not_application_dso,,1,3785058
startup,main_thread,runtime_helper_source_bound,/root/cc-perf-native-recv-0909/gc-leaf-census-20260911/compile-v2/cc-diagnostic,js_object_get_field_by_name_f64,no_pgcm_function_at_start,,1,3782718
between_phases,foreign_pid,other_dso,/usr/bin/node,v8::internal::DescriptorArray::SortImpl(int),not_application_dso,,1,3779826
between_phases,foreign_pid,other_dso,/usr/bin/node,node::options_parser::GetCLIOptionsValues(v8::FunctionCallbackInfo<v8::Value> const&),not_application_dso,,1,3755700
between_phases,foreign_pid,other_dso,/usr/bin/node,v8::internal::Scope::AllocateVariablesRecursively(),not_application_dso,,1,3743549
startup,main_thread,other_application_symbol,/root/cc-perf-native-recv-0909/gc-leaf-census-20260911/compile-v2/cc-diagnostic,perry_runtime::gc::barrier_store::runtime_write_barrier_gc_slot,no_pgcm_function_at_start,,1,3727622
between_phases,foreign_pid,other_dso,/usr/bin/node,"v8::internal::Compiler::Compile(v8::internal::Isolate*, v8::internal::DirectHandle<v8::internal::JSFunction>, v8::internal::Compiler::ClearExceptionFlag, v8::internal::IsCompiledScope*)",not_application_dso,,1,3722142
startup,main_thread,other_application_symbol,/root/cc-perf-native-recv-0909/gc-leaf-census-20260911/compile-v2/cc-diagnostic,"<perry_runtime::gc::roots::runtime_handles::RuntimeHandle>::across_mut::<perry_runtime::json_tape::LazyArrayHeader, (), perry_runtime::json_tape::reparse_materialize::{closure#1}>",no_pgcm_function_at_start,,1,3710207
between_phases,foreign_pid,other_dso,/usr/bin/node,"v8::internal::JSDispatchTable::IsCompatibleCode(v8::internal::Tagged<v8::internal::Code>, unsigned short)",not_application_dso,,1,3706447
startup,main_thread,other_application_symbol,/root/cc-perf-native-recv-0909/gc-leaf-census-20260911/compile-v2/cc-diagnostic,"<hashbrown::map::HashMap<alloc::string::String, f64, std::hash::random::RandomState>>::insert",no_pgcm_function_at_start,,1,3701038
between_phases,foreign_pid,other_dso,/usr/lib/x86_64-linux-gnu/libc.so.6,read,not_application_dso,,1,3680068
between_phases,main_thread,runtime_helper_source_bound,/root/cc-perf-native-recv-0909/gc-leaf-census-20260911/compile-v2/cc-diagnostic,js_closure_call0,no_pgcm_function_at_start,,1,3654325
between_phases,main_thread,runtime_helper_source_bound,/root/cc-perf-native-recv-0909/gc-leaf-census-20260911/compile-v2/cc-diagnostic,js_box_alloc_bits,no_pgcm_function_at_start,,1,3653451
between_phases,foreign_pid,other_dso,/usr/bin/node,"v8::internal::LookupIterator::State v8::internal::LookupIterator::LookupInSpecialHolder<false>(v8::internal::Tagged<v8::internal::Map>, v8::internal::Tagged<v8::internal::JSReceiver>)",not_application_dso,,1,3639371
startup,main_thread,other_application_symbol,/root/cc-perf-native-recv-0909/gc-leaf-census-20260911/compile-v2/cc-diagnostic,perry_runtime::closure::dynamic_props::closure_set_dynamic_prop,no_pgcm_function_at_start,,1,3626749
startup,main_thread,compiled_function_prefix,/root/cc-perf-native-recv-0909/gc-leaf-census-20260911/compile-v2/cc-diagnostic,perry_fn_cli_2_1_112_js__u__5f__5f_perry_5f_entry_5f_chunk_5f_cli_5f_2_2e_1_2e_112_2e_js_5f_44,exact_start_and_symbol,82:3,1,3622371
between_phases,foreign_pid,other_dso,/usr/bin/node,Builtins_GetNamedPropertyHandler,not_application_dso,,1,3620103
between_phases,foreign_pid,other_dso,/usr/bin/node,"v8::internal::IC::UpdatePolymorphicIC(v8::internal::DirectHandle<v8::internal::Name>, v8::internal::MaybeObjectDirectHandle const&)",not_application_dso,,1,3608678
between_phases,foreign_pid,other_dso,/usr/bin/node,v8::internal::interpreter::BytecodeGenerator::VisitReturnStatement(v8::internal::ReturnStatement*),not_application_dso,,1,3606979
between_phases,foreign_pid,other_dso,/usr/bin/node,"v8::internal::TransitionArray::BinarySearchName(v8::internal::Tagged<v8::internal::Name>, int*)",not_application_dso,,1,3601030
between_phases,main_thread,other_application_symbol,/root/cc-perf-native-recv-0909/gc-leaf-census-20260911/compile-v2/cc-diagnostic,perry_runtime::builtins::globals::drain_queued_microtasks_count,no_pgcm_function_at_start,,1,3551214
between_phases,main_thread,other_application_symbol,/root/cc-perf-native-recv-0909/gc-leaf-census-20260911/compile-v2/cc-diagnostic,perry_runtime::object::descriptor_state::set_builtin_property_attrs,no_pgcm_function_at_start,,1,3463495
between_phases,main_thread,other_application_symbol,/root/cc-perf-native-recv-0909/gc-leaf-census-20260911/compile-v2/cc-diagnostic,"perry_runtime::exception::arm_trap_and_run::invoke::<perry_runtime::promise::combinators::combinator_iterable_to_array_caught::{closure#0}, f64>",no_pgcm_function_at_start,,1,3457338
startup,main_thread,other_application_symbol,/root/cc-perf-native-recv-0909/gc-leaf-census-20260911/compile-v2/cc-diagnostic,<perry_runtime::arena::walk::ArenaObjectCursor>::next_budgeted,no_pgcm_function_at_start,,1,3437586
startup,main_thread,other_application_symbol,/root/cc-perf-native-recv-0909/gc-leaf-census-20260911/compile-v2/cc-diagnostic,<perry_runtime::gc::verify::OldToYoungRememberedRebuildState>::step,no_pgcm_function_at_start,,1,3437586
between_phases,main_thread,other_application_symbol,/root/cc-perf-native-recv-0909/gc-leaf-census-20260911/compile-v2/cc-diagnostic,cli_2_1_112_js____AnonShape_f69c5f839bfd4799_constructor,exact_start_and_symbol,28:396,1,3304602
between_phases,main_thread,other_application_symbol,/root/cc-perf-native-recv-0909/gc-leaf-census-20260911/compile-v2/cc-diagnostic,<perry_runtime::object::shapes::shapes_store::IdList>::remove_inline,no_pgcm_function_at_start,,1,3177442
startup,main_thread,other_application_symbol,/root/cc-perf-native-recv-0909/gc-leaf-census-20260911/compile-v2/cc-diagnostic,perry_runtime::closure::dynamic_props::function_prototype_fallback_target,no_pgcm_function_at_start,,1,3137668
between_phases,main_thread,other_application_symbol,/root/cc-perf-native-recv-0909/gc-leaf-census-20260911/compile-v2/cc-diagnostic,"perry_runtime::exception::arm_trap_and_run::invoke::<perry_runtime::fs::dir_glob_watch::watch::promise_value_fs::{closure#0}, f64>",no_pgcm_function_at_start,,1,3041820
between_phases,main_thread,other_application_symbol,/root/cc-perf-native-recv-0909/gc-leaf-census-20260911/compile-v2/cc-diagnostic,<perry_runtime::object::shapes::shapes_slot_list::SlotIndex>::insert,no_pgcm_function_at_start,,1,2990730
between_phases,main_thread,other_application_symbol,/root/cc-perf-native-recv-0909/gc-leaf-census-20260911/compile-v2/cc-diagnostic,perry_runtime::gc::layout::layout_rebuild_from_slots_with_policy,no_pgcm_function_at_start,,1,2881383
startup,foreign_pid,other_dso,/usr/bin/node,v8::internal::Builtins::SandboxingModeOf(v8::internal::Builtin),not_application_dso,,1,2807412
between_phases,main_thread,other_application_symbol,/root/cc-perf-native-recv-0909/gc-leaf-census-20260911/compile-v2/cc-diagnostic,perry_runtime::object::native_call_method::primitive_methods::dispatch_primitive,no_pgcm_function_at_start,,1,2652320
between_phases,main_thread,other_dso,/usr/lib/x86_64-linux-gnu/libc.so.6,clock_gettime@@GLIBC_2.17,not_application_dso,,1,2469092
startup,main_thread,other_application_symbol,/root/cc-perf-native-recv-0909/gc-leaf-census-20260911/compile-v2/cc-diagnostic,perry_runtime::builtins::fn_metadata::registered_name_string,no_pgcm_function_at_start,,1,2355327
between_phases,foreign_pid,other_dso,/usr/bin/node,"heap::base::SlotCallbackResult v8::internal::Scavenger::ScavengeObject<v8::internal::FullHeapObjectSlot>(v8::internal::FullHeapObjectSlot, v8::internal::Tagged<v8::internal::HeapObject>)",not_application_dso,,3,2328342
between_phases,main_thread,other_application_symbol,/root/cc-perf-native-recv-0909/gc-leaf-census-20260911/compile-v2/cc-diagnostic,perry_runtime::typed_feedback::guards::class_setter_in_chain,no_pgcm_function_at_start,,1,2171506
between_phases,main_thread,other_application_symbol,/root/cc-perf-native-recv-0909/gc-leaf-census-20260911/compile-v2/cc-diagnostic,perry_runtime::async_hooks::init_resource_with_trigger,no_pgcm_function_at_start,,1,2158755
between_phases,main_thread,other_application_symbol,/root/cc-perf-native-recv-0909/gc-leaf-census-20260911/compile-v2/cc-diagnostic,<alloc::string::String>::from_utf8_lossy,no_pgcm_function_at_start,,1,2116593
between_phases,main_thread,other_application_symbol,/root/cc-perf-native-recv-0909/gc-leaf-census-20260911/compile-v2/cc-diagnostic,"<alloc::vec::Vec<perry_runtime::gc::roots::runtime_handles::RuntimeHandle>>::extend_trusted::<core::iter::adapters::map::Map<core::slice::iter::Iter<i64>, perry_stdlib::readline::pump::js_readline_process_pending::{closure#11}>>",no_pgcm_function_at_start,,1,2086251
between_phases,foreign_pid,other_dso,/usr/bin/node,"v8::internal::maglev::ProcessResult v8::internal::maglev::NodeMultiProcessor<v8::internal::maglev::DeadNodeSweepingProcessor, v8::internal::maglev::ValueLocationConstraintProcessor, v8::internal::maglev::MaxCallDepthProcessor, v8::internal::maglev::LiveRangeAndNextUseProcessor, v8::internal::maglev::DecompressedUseMarkingProcessor>::Process<v8::internal::maglev::LoadTypedArrayLength>(v8::internal::maglev::LoadTypedArrayLength*, v8::internal::maglev::ProcessingState const&)",not_application_dso,,1,1968742
command,main_thread,runtime_helper_source_bound,/root/cc-perf-native-recv-0909/gc-leaf-census-20260911/compile-v2/cc-diagnostic,js_string_append_known_heap,no_pgcm_function_at_start,,1,1945983
between_phases,foreign_pid,other_dso,/usr/bin/node,v8::base::Mutex::Unlock(),not_application_dso,,1,1448585
startup,main_thread,other_application_symbol,/root/cc-perf-native-recv-0909/gc-leaf-census-20260911/compile-v2/cc-diagnostic,trunc,no_pgcm_function_at_start,,1,906060
between_phases,foreign_pid,other_dso,/usr/bin/node,"v8::internal::maglev::(anonymous namespace)::MaglevCodeGeneratingNodeProcessor::EmitBlockEndGapMoves(v8::internal::maglev::UnconditionalControlNode*, v8::internal::maglev::ProcessingState const&)",not_application_dso,,1,504880
between_phases,foreign_pid,unknown_symbol,/usr/bin/env,[unknown],not_application_dso,,1,408781
startup,foreign_pid,other_dso,/usr/bin/node,OPENSSL_LH_free,not_application_dso,,1,302826
between_phases,foreign_pid,unknown_symbol,[unknown],[unknown],not_application_dso,,11,288494
between_phases,foreign_pid,other_dso,/usr/bin/node,"void v8::internal::JSFunction::BodyDescriptor::IterateBody<v8::internal::ScavengerCopiedObjectVisitor>(v8::internal::Tagged<v8::internal::Map>, v8::internal::Tagged<v8::internal::HeapObject>, int, v8::internal::ScavengerCopiedObjectVisitor*)",not_application_dso,,1,279826
startup,main_thread,other_application_symbol,/root/cc-perf-native-recv-0909/gc-leaf-census-20260911/compile-v2/cc-diagnostic,"<hashbrown::raw::RawTable<(u64, (*mut perry_runtime::array::header::ArrayHeader, *mut perry_runtime::array::header::ArrayHeader))>>::reserve_rehash::<hashbrown::map::make_hasher<u64, (*mut perry_runtime::array::header::ArrayHeader, *mut perry_runtime::array::header::ArrayHeader), std::hash::random::RandomState>::{closure#0}>",no_pgcm_function_at_start,,1,278295
between_phases,foreign_pid,other_dso,/usr/bin/node,v8::internal::baseline::BaselineCompiler::VisitLdaCurrentContextSlotNoCell(),not_application_dso,,1,259271
between_phases,foreign_pid,other_dso,/usr/lib/x86_64-linux-gnu/libc.so.6,_int_free,not_application_dso,,1,259271
between_phases,foreign_pid,other_dso,/usr/bin/node,v8::internal::RelocIteratorBase<v8::internal::WritableRelocInfo>::next(),not_application_dso,,1,258476
between_phases,foreign_pid,other_dso,/usr/bin/node,"v8::internal::maglev::StraightForwardRegisterAllocator::UpdateUse(v8::internal::maglev::ValueNode*, v8::internal::maglev::InputLocation*)",not_application_dso,,1,258476
between_phases,foreign_pid,other_dso,/usr/lib/x86_64-linux-gnu/ld-linux-x86-64.so.2,do_lookup_x,not_application_dso,,1,183207
between_phases,main_thread,other_application_symbol,/root/cc-perf-native-recv-0909/gc-leaf-census-20260911/compile-v2/cc-diagnostic,perry_runtime::object::class_registry::class_meta::is_anon_shape_class_id,no_pgcm_function_at_start,,1,171757
between_phases,foreign_pid,other_dso,/usr/bin/node,"v8::internal::Zone::Zone(v8::internal::AccountingAllocator*, char const*)",not_application_dso,,1,166169
startup,foreign_pid,other_dso,/usr/lib/x86_64-linux-gnu/ld-linux-x86-64.so.2,_dl_lookup_symbol_x,not_application_dso,,1,149165
startup,foreign_pid,other_dso,/usr/bin/node,std::_Rb_tree_decrement(std::_Rb_tree_node_base const*)@plt,not_application_dso,,1,145526
startup,main_thread,runtime_helper_source_bound,/root/cc-perf-native-recv-0909/gc-leaf-census-20260911/compile-v2/cc-diagnostic,js_closure_call2,no_pgcm_function_at_start,,1,127449
startup,main_thread,other_application_symbol,/root/cc-perf-native-recv-0909/gc-leaf-census-20260911/compile-v2/cc-diagnostic,perry_runtime::proxy::key_to_rust_string::{closure#0},no_pgcm_function_at_start,,1,57386
startup,main_thread,other_dso,/usr/bin/python3.12,PyList_New,not_application_dso,,1,51990
between_phases,foreign_pid,other_dso,/usr/lib/x86_64-linux-gnu/libc.so.6,pthread_cond_wait@@GLIBC_2.3.2,not_application_dso,,16,12410
between_phases,other_target_thread,unknown_symbol,[unknown],[unknown],not_application_dso,,13,11175
between_phases,foreign_pid,other_dso,/usr/lib/x86_64-linux-gnu/libc.so.6,arena_get2.part.0,not_application_dso,,1,5962
between_phases,other_target_thread,other_application_symbol,/root/cc-perf-native-recv-0909/gc-leaf-census-20260911/compile-v2/cc-diagnostic,mi_theap_malloc_aligned,no_pgcm_function_at_start,,1,5917
between_phases,foreign_pid,unknown_symbol,/usr/bin/dash,[unknown],not_application_dso,,3,5117
between_phases,foreign_pid,other_dso,/usr/bin/node,"v8::internal::LocalIsolate::LocalIsolate(v8::internal::Isolate*, v8::internal::ThreadKind)",not_application_dso,,1,4964
between_phases,foreign_pid,other_dso,/usr/bin/node,"v8::base::SmallVector<int, 1ul, std::allocator<int> >::operator=(v8::base::SmallVector<int, 1ul, std::allocator<int> >&&)",not_application_dso,,2,4865
between_phases,other_target_thread,other_dso,/usr/lib/x86_64-linux-gnu/libc.so.6,__GI___pthread_enable_asynccancel,not_application_dso,,1,4836
between_phases,foreign_pid,other_dso,/usr/bin/node,v8::internal::interpreter::BytecodeArrayRandomIterator::UpdateOffsetFromIndex(),not_application_dso,,1,4699
between_phases,foreign_pid,unknown_symbol,/usr/lib/x86_64-linux-gnu/libproc2.so.0.0.2,[unknown],not_application_dso,,4,4544
between_phases,other_target_thread,other_application_symbol,/root/cc-perf-native-recv-0909/gc-leaf-census-20260911/compile-v2/cc-diagnostic,"<std::thread::lifecycle::spawn_unchecked<perry_runtime::child_process::reactor::cp_spawn_reader<alloc::boxed::Box<dyn alloc::io::read::Read + core::marker::Send>>::{closure#0}, ()>::{closure#1} as core::ops::function::FnOnce<()>>::call_once::{shim:vtable#0}",no_pgcm_function_at_start,,1,4427
between_phases,foreign_pid,other_dso,/usr/lib/x86_64-linux-gnu/libc.so.6,__malloc_arena_thread_freeres,not_application_dso,,1,4168
between_phases,foreign_pid,other_dso,/usr/bin/node,v8::internal::baseline::ConcurrentBaselineCompiler::JobDispatcher::Run(v8::JobDelegate*),not_application_dso,,1,4146
between_phases,other_target_thread,other_dso,/usr/lib/x86_64-linux-gnu/libc.so.6,__memmove_avx512_unaligned_erms,not_application_dso,,2,3666
startup,main_thread,other_application_symbol,/root/cc-perf-native-recv-0909/gc-leaf-census-20260911/compile-v2/cc-diagnostic,_mi_prim_clock_now,no_pgcm_function_at_start,,1,3591
startup,foreign_pid,other_dso,/usr/lib/x86_64-linux-gnu/libc.so.6,pthread_mutex_lock@@GLIBC_2.2.5,not_application_dso,,1,3576
between_phases,foreign_pid,other_dso,/usr/lib/x86_64-linux-gnu/libc.so.6,pthread_mutex_lock@@GLIBC_2.2.5,not_application_dso,,4,3484
startup,main_thread,unknown_symbol,[vdso],[unknown],not_application_dso,,1,3439
between_phases,foreign_pid,other_dso,/usr/lib/x86_64-linux-gnu/libc.so.6,__GI___futex_abstimed_wait_cancelable64,not_application_dso,,3,3307
between_phases,foreign_pid,other_dso,/usr/bin/node,absl::DebugOnlyDeadlockCheck(absl::Mutex*),not_application_dso,,1,2831
startup,other_target_thread,other_dso,/usr/lib/x86_64-linux-gnu/libc.so.6,pthread_setspecific@GLIBC_2.2.5,not_application_dso,,1,2684
startup,foreign_pid,unknown_symbol,/usr/bin/dash,[unknown],not_application_dso,,3,2682
between_phases,other_target_thread,other_application_symbol,/root/cc-perf-native-recv-0909/gc-leaf-census-20260911/compile-v2/cc-diagnostic,mi_good_size,no_pgcm_function_at_start,,1,2558
startup,foreign_pid,other_dso,/usr/bin/node,uv__io_poll_check,not_application_dso,,1,1994
startup,other_target_thread,other_dso,/usr/lib/x86_64-linux-gnu/libc.so.6,__strchrnul_evex,not_application_dso,,1,1942
startup,main_thread,other_application_symbol,/root/cc-perf-native-recv-0909/gc-leaf-census-20260911/compile-v2/cc-diagnostic,<std::sys::process::unix::common::Command>::spawn,no_pgcm_function_at_start,,1,1896
between_phases,foreign_pid,other_dso,/usr/lib/x86_64-linux-gnu/libc.so.6,__printf_buffer_write,not_application_dso,,1,1869
startup,other_target_thread,other_dso,/usr/lib/x86_64-linux-gnu/libc.so.6,__ctype_init,not_application_dso,,5,1631
startup,foreign_pid,other_dso,/usr/lib/x86_64-linux-gnu/libc.so.6,__memmove_avx512_unaligned_erms,not_application_dso,,1,1595
between_phases,foreign_pid,other_dso,/usr/lib/x86_64-linux-gnu/libc.so.6,__strchrnul_ifunc@plt,not_application_dso,,1,1399
between_phases,foreign_pid,other_dso,/usr/lib/x86_64-linux-gnu/libc.so.6,__strchrnul_evex,not_application_dso,,2,1231
startup,foreign_pid,other_dso,/usr/lib/x86_64-linux-gnu/libc.so.6,__spawni_child,not_application_dso,,7,1151
startup,main_thread,unknown_symbol,/usr/bin/python3.12,[unknown],not_application_dso,,2,1060
between_phases,other_target_thread,other_dso,/usr/lib/x86_64-linux-gnu/libc.so.6,__GI___pthread_disable_asynccancel,not_application_dso,,5,340
between_phases,foreign_pid,other_dso,/usr/bin/node,node::(anonymous namespace)::PlatformWorkerThread(void*),not_application_dso,,6,181
between_phases,other_target_thread,other_dso,/usr/lib/x86_64-linux-gnu/libc.so.6,read,not_application_dso,,2,175
between_phases,other_target_thread,other_dso,/usr/lib/x86_64-linux-gnu/libc.so.6,__printf_buffer,not_application_dso,,3,128
between_phases,foreign_pid,other_dso,/usr/lib/x86_64-linux-gnu/libc.so.6,pthread_cond_signal@@GLIBC_2.3.2,not_application_dso,,3,113
between_phases,foreign_pid,other_dso,/usr/lib/x86_64-linux-gnu/libc.so.6,__GI___lll_lock_wake,not_application_dso,,1,72
between_phases,foreign_pid,other_dso,/usr/lib/x86_64-linux-gnu/libc.so.6,__sigsetmask,not_application_dso,,1,68
startup,foreign_pid,other_dso,/usr/lib/x86_64-linux-gnu/libc.so.6,__printf_buffer,not_application_dso,,3,65
between_phases,foreign_pid,other_dso,/usr/bin/node,"v8::base::SmallVector<int, 1ul, std::allocator<int> >::FreeStorage()",not_application_dso,,1,62
between_phases,foreign_pid,other_dso,/usr/bin/node,v8::internal::Zone::Expand(unsigned long),not_application_dso,,1,61
between_phases,other_target_thread,other_application_symbol,/root/cc-perf-native-recv-0909/gc-leaf-census-20260911/compile-v2/cc-diagnostic,"std::sys::backtrace::__rust_begin_short_backtrace::<perry_runtime::child_process::reactor::cp_spawn_reader<alloc::boxed::Box<dyn alloc::io::read::Read + core::marker::Send>>::{closure#0}, ()>",no_pgcm_function_at_start,,3,61
between_phases,foreign_pid,other_dso,/usr/bin/node,worker,not_application_dso,,2,58
between_phases,other_target_thread,other_application_symbol,/root/cc-perf-native-recv-0909/gc-leaf-census-20260911/compile-v2/cc-diagnostic,perry_runtime::child_process::reactor::cp_push_event,no_pgcm_function_at_start,,1,54
startup,foreign_pid,other_dso,/usr/bin/node,uv__threadpool_cleanup,not_application_dso,,1,52
startup,main_thread,other_application_symbol,/root/cc-perf-native-recv-0909/gc-leaf-census-20260911/compile-v2/cc-diagnostic,_mi_malloc_generic,no_pgcm_function_at_start,,1,50
between_phases,other_target_thread,other_dso,/usr/lib/x86_64-linux-gnu/libc.so.6,__strchrnul_evex,not_application_dso,,1,49
startup,foreign_pid,other_dso,/usr/lib/x86_64-linux-gnu/libc.so.6,__sigsetmask,not_application_dso,,1,49
startup,main_thread,other_application_symbol,/root/cc-perf-native-recv-0909/gc-leaf-census-20260911/compile-v2/cc-diagnostic,perry_runtime::object::field_get_set::ic_miss::pic_prime_get,no_pgcm_function_at_start,,1,49
startup,other_target_thread,other_dso,/usr/lib/x86_64-linux-gnu/libc.so.6,__memmove_avx512_unaligned_erms,not_application_dso,,1,48
between_phases,foreign_pid,other_dso,/usr/lib/x86_64-linux-gnu/libc.so.6,pthread_join@@GLIBC_2.34,not_application_dso,,1,46
startup,foreign_pid,other_dso,/usr/bin/node,uv__hrtime,not_application_dso,,1,38
between_phases,foreign_pid,other_dso,/usr/lib/x86_64-linux-gnu/libc.so.6,__spawni_child,not_application_dso,,2,32
startup,main_thread,other_application_symbol,/root/cc-perf-native-recv-0909/gc-leaf-census-20260911/compile-v2/cc-diagnostic,mi_page_fresh_alloc,no_pgcm_function_at_start,,2,31
between_phases,foreign_pid,other_dso,/usr/lib/x86_64-linux-gnu/libc.so.6,name_stack_maps,not_application_dso,,1,28
between_phases,foreign_pid,other_dso,/usr/lib/x86_64-linux-gnu/libc.so.6,__vsnprintf_internal,not_application_dso,,1,26
startup,main_thread,other_dso,/usr/bin/python3.12,PyErr_CheckSignals,not_application_dso,,2,26
startup,main_thread,other_dso,/usr/lib/x86_64-linux-gnu/ld-linux-x86-64.so.2,_dl_start,not_application_dso,,2,26
startup,other_target_thread,other_dso,/usr/lib/x86_64-linux-gnu/libc.so.6,start_thread,not_application_dso,,5,5
between_phases,other_target_thread,other_dso,/usr/lib/x86_64-linux-gnu/libc.so.6,__ctype_init,not_application_dso,,4,4
between_phases,foreign_pid,other_dso,/usr/lib/x86_64-linux-gnu/libc.so.6,__GI___pthread_disable_asynccancel,not_application_dso,,3,3
between_phases,foreign_pid,other_dso,/usr/lib/x86_64-linux-gnu/libc.so.6,__ctype_init,not_application_dso,,3,3
between_phases,foreign_pid,other_dso,/usr/lib/x86_64-linux-gnu/libc.so.6,start_thread,not_application_dso,,3,3
between_phases,other_target_thread,other_application_symbol,/root/cc-perf-native-recv-0909/gc-leaf-census-20260911/compile-v2/cc-diagnostic,<std::process::ChildStdout as alloc::io::read::Read>::read,no_pgcm_function_at_start,,3,3
between_phases,other_target_thread,other_dso,/usr/lib/x86_64-linux-gnu/libc.so.6,start_thread,not_application_dso,,3,3
between_phases,foreign_pid,other_dso,/usr/bin/node,"v8::internal::maglev::(anonymous namespace)::ParallelMoveResolver<v8::internal::Register, false>::EmitMoves(v8::internal::Register)",not_application_dso,,2,2
between_phases,foreign_pid,other_dso,/usr/lib/x86_64-linux-gnu/libc.so.6,__pthread_mutex_cond_lock,not_application_dso,,2,2
startup,foreign_pid,other_dso,/usr/lib/x86_64-linux-gnu/libc.so.6,__ctype_init,not_application_dso,,2,2
startup,foreign_pid,other_dso,/usr/lib/x86_64-linux-gnu/libc.so.6,__pthread_clockjoin_ex,not_application_dso,,2,2
startup,main_thread,other_application_symbol,/root/cc-perf-native-recv-0909/gc-leaf-census-20260911/compile-v2/cc-diagnostic,_mi_page_init,no_pgcm_function_at_start,,2,2
startup,main_thread,other_dso,/usr/lib/x86_64-linux-gnu/libc.so.6,__GI___pthread_disable_asynccancel,not_application_dso,,2,2
between_phases,foreign_pid,other_dso,/usr/bin/node,uv__threadpool_cleanup,not_application_dso,,1,1
between_phases,foreign_pid,other_dso,/usr/bin/node,uv_mutex_lock,not_application_dso,,1,1
between_phases,foreign_pid,other_dso,/usr/bin/node,v8::internal::AccountingAllocator::AllocateSegment(unsigned long),not_application_dso,,1,1
between_phases,foreign_pid,other_dso,/usr/lib/x86_64-linux-gnu/libc.so.6,__GI___nptl_deallocate_stack,not_application_dso,,1,1
between_phases,foreign_pid,other_dso,/usr/lib/x86_64-linux-gnu/libc.so.6,__pthread_clockjoin_ex,not_application_dso,,1,1
between_phases,foreign_pid,other_dso,/usr/lib/x86_64-linux-gnu/libc.so.6,__vfork,not_application_dso,,1,1
between_phases,foreign_pid,other_dso,/usr/lib/x86_64-linux-gnu/libc.so.6,_int_malloc,not_application_dso,,1,1
startup,foreign_pid,other_dso,/usr/bin/node,uv__io_poll,not_application_dso,,1,1
startup,foreign_pid,other_dso,/usr/lib/x86_64-linux-gnu/libc.so.6,__GI___nptl_free_tcb,not_application_dso,,1,1
startup,foreign_pid,other_dso,/usr/lib/x86_64-linux-gnu/libc.so.6,__GI___pthread_disable_asynccancel,not_application_dso,,1,1
startup,foreign_pid,other_dso,/usr/lib/x86_64-linux-gnu/libc.so.6,__errno_location,not_application_dso,,1,1
startup,foreign_pid,other_dso,/usr/lib/x86_64-linux-gnu/libc.so.6,__vfork,not_application_dso,,1,1
startup,foreign_pid,other_dso,/usr/lib/x86_64-linux-gnu/libc.so.6,pthread_sigmask@GLIBC_2.2.5,not_application_dso,,1,1
startup,foreign_pid,other_dso,/usr/lib/x86_64-linux-gnu/libc.so.6,start_thread,not_application_dso,,1,1
startup,main_thread,other_application_symbol,/root/cc-perf-native-recv-0909/gc-leaf-census-20260911/compile-v2/cc-diagnostic,mi_arenas_page_regular_alloc,no_pgcm_function_at_start,,1,1
startup,main_thread,other_application_symbol,/root/cc-perf-native-recv-0909/gc-leaf-census-20260911/compile-v2/cc-diagnostic,perry_runtime::child_process::sync_run::cp_run_to_completion,no_pgcm_function_at_start,,1,1
startup,main_thread,other_application_symbol,/root/cc-perf-native-recv-0909/gc-leaf-census-20260911/compile-v2/cc-diagnostic,perry_runtime::object::field_get_set::ic_slot::pic_slot_publish::<[i64; 12]>,no_pgcm_function_at_start,,1,1
startup,main_thread,other_dso,/usr/lib/x86_64-linux-gnu/libc.so.6,__GI___pthread_self,not_application_dso,,1,1
startup,main_thread,other_dso,/usr/lib/x86_64-linux-gnu/libc.so.6,__GI___wait4,not_application_dso,,1,1
startup,main_thread,other_dso,/usr/lib/x86_64-linux-gnu/libc.so.6,__spawnix,not_application_dso,,1,1
startup,main_thread,other_dso,/usr/lib/x86_64-linux-gnu/libc.so.6,clock_nanosleep@GLIBC_2.2.5,not_application_dso,,1,1
startup,other_target_thread,other_dso,/usr/lib/x86_64-linux-gnu/libc.so.6,__printf_buffer,not_application_dso,,1,1
startup,other_target_thread,other_dso,/usr/lib/x86_64-linux-gnu/libc.so.6,clone3,not_application_dso,,1,1
