helper,audit_status,current_effect,allocation_class,perry_heap_allocation,may_collect,may_reenter_js,reason,proof,runtime_locations,declaration_locations,literal_direct_call_locations,declaration_occurrences,literal_direct_call_occurrences,dynamic_calls,dynamic_window,dynamic_binary_sha256,post-opt_callsites,post-opt_statepoints,post-opt_gc_live_operands,post-rs4gc_callsites,post-rs4gc_statepoints,post-rs4gc_gc_live_operands,pre-rs4gc_callsites,pre-rs4gc_statepoints,pre-rs4gc_gc_live_operands
js_abort_controller_new,unreviewed,Unknown,unclear,unclear,unclear,unclear,Not transitively audited in this finite first pass; declaration or literal call spelling alone is not effect evidence.,,crates/perry-runtime/src/url/abort.rs:123,crates/perry-codegen/src/runtime_decls/strings_part2.rs:1296,crates/perry-codegen/src/lower_call/builtin.rs:1864,1,1,,,,83,82,384,83,82,384,85,0,0
js_abort_signal_abort,unreviewed,Unknown,unclear,unclear,unclear,unclear,Not transitively audited in this finite first pass; declaration or literal call spelling alone is not effect evidence.,,crates/perry-runtime/src/url/abort.rs:591,crates/perry-codegen/src/runtime_decls/strings_part2.rs:1303,crates/perry-codegen/src/expr/static_method.rs:103,1,1,,,,1,1,0,1,1,0,1,0,0
js_abort_signal_any,unreviewed,Unknown,unclear,unclear,unclear,unclear,Not transitively audited in this finite first pass; declaration or literal call spelling alone is not effect evidence.,,crates/perry-runtime/src/url/abort.rs:645,crates/perry-codegen/src/runtime_decls/strings_part2.rs:1304,crates/perry-codegen/src/expr/static_method.rs:115,1,1,,,,1,1,1,1,1,1,1,0,0
js_abort_signal_timeout,unreviewed,Unknown,unclear,unclear,unclear,unclear,Not transitively audited in this finite first pass; declaration or literal call spelling alone is not effect evidence.,,crates/perry-runtime/src/url/abort.rs:564,crates/perry-codegen/src/runtime_decls/strings_part2.rs:1301,crates/perry-codegen/src/expr/static_method.rs:92,1,1,,,,21,21,73,21,21,73,21,0,0
js_arguments_object_alloc,unreviewed,Unknown,unclear,unclear,unclear,unclear,Not transitively audited in this finite first pass; declaration or literal call spelling alone is not effect evidence.,,crates/perry-runtime/src/object/arguments.rs:162,crates/perry-codegen/src/runtime_decls/strings.rs:1099,crates/perry-codegen/src/codegen/arguments.rs:102,1,1,,,,179,179,517,179,179,517,179,0,0
js_array_alloc,unreviewed,Unknown,unclear,unclear,unclear,unclear,Not transitively audited in this finite first pass; declaration or literal call spelling alone is not effect evidence.,,crates/perry-runtime/src/array/alloc.rs:37,crates/perry-codegen/src/gc_call_effects.rs:1054;crates/perry-codegen/src/runtime_decls/arrays.rs:19,crates/perry-codegen/src/expr/array_literal.rs:73;crates/perry-codegen/src/expr/call_spread.rs:79;crates/perry-codegen/src/expr/logical_collections.rs:1004;crates/perry-codegen/src/expr/logical_collections.rs:1054;crates/perry-codegen/src/expr/objects_arrays_lit.rs:91;crates/perry-codegen/src/expr/static_field_meta.rs:203;crates/perry-codegen/src/expr/static_field_meta.rs:596;crates/perry-codegen/src/expr/static_method.rs:204;crates/perry-codegen/src/expr/super_method.rs:172;crates/perry-codegen/src/expr/this_super_call.rs:220;crates/perry-codegen/src/gc_call_effects.rs:974;crates/perry-codegen/src/gc_call_effects.rs:1066;crates/perry-codegen/src/lower_call/native/mod.rs:344;crates/perry-codegen/src/lower_call/native_module_dispatch.rs:113;crates/perry-codegen/src/lower_call/native_module_dispatch.rs:186;crates/perry-codegen/src/lower_call/new_ctor_args.rs:278;crates/perry-codegen/src/lower_call/property_get/dynamic_dispatch.rs:109;crates/perry-codegen/src/lower_call/property_get/static_dispatch.rs:193;crates/perry-codegen/src/lower_call/property_get/static_dispatch.rs:220;crates/perry-codegen/src/rooting/temp_root.rs:284,2,20,,,,8478,8244,57321,8510,8276,57477,8532,0,0
js_array_alloc_with_length,unreviewed,Unknown,unclear,unclear,unclear,unclear,Not transitively audited in this finite first pass; declaration or literal call spelling alone is not effect evidence.,,crates/perry-runtime/src/array/alloc.rs:120,crates/perry-codegen/src/runtime_decls/objects.rs:386,crates/perry-codegen/src/expr/bigint_set.rs:444,1,1,,,,133,133,615,133,133,615,133,0,0
js_array_at,unreviewed,Unknown,unclear,unclear,unclear,unclear,Not transitively audited in this finite first pass; declaration or literal call spelling alone is not effect evidence.,,crates/perry-runtime/src/array/iter_methods.rs:840,crates/perry-codegen/src/runtime_decls/strings.rs:1177,crates/perry-codegen/src/expr/os_uri_dates.rs:391;crates/perry-codegen/src/lower_array_method.rs:805,1,2,,,,71,65,349,71,65,349,71,0,0
js_array_buffer_new_value,unreviewed,Unknown,unclear,unclear,unclear,unclear,Not transitively audited in this finite first pass; declaration or literal call spelling alone is not effect evidence.,,crates/perry-runtime/src/buffer/from.rs:799,crates/perry-codegen/src/runtime_decls/strings_part2.rs:683,,1,0,,,,28,27,47,28,27,47,28,0,0
js_array_clone_for_spread,unreviewed,Unknown,unclear,unclear,unclear,unclear,Not transitively audited in this finite first pass; declaration or literal call spelling alone is not effect evidence.,,crates/perry-runtime/src/array/flat_clone.rs:414,crates/perry-codegen/src/runtime_decls/arrays.rs:314,crates/perry-codegen/src/expr/objects_arrays_lit.rs:61,1,1,,,,323,307,993,323,307,993,323,0,0
js_array_concat,unreviewed,Unknown,unclear,unclear,unclear,unclear,Not transitively audited in this finite first pass; declaration or literal call spelling alone is not effect evidence.,,crates/perry-runtime/src/array/concat_reverse.rs:79,crates/perry-codegen/src/runtime_decls/strings.rs:365,crates/perry-codegen/src/expr/array_push.rs:667;crates/perry-codegen/src/expr/array_push.rs:1524,1,2,,,,357,350,1183,357,350,1183,358,0,0
js_array_concat_variadic,unreviewed,Unknown,unclear,unclear,unclear,unclear,Not transitively audited in this finite first pass; declaration or literal call spelling alone is not effect evidence.,,crates/perry-runtime/src/array/from_concat.rs:213,crates/perry-codegen/src/runtime_decls/arrays.rs:254,crates/perry-codegen/src/lower_array_method.rs:320,1,1,,,,116,116,1657,116,116,1657,116,0,0
js_array_constructor_single,unreviewed,Unknown,unclear,unclear,unclear,unclear,Not transitively audited in this finite first pass; declaration or literal call spelling alone is not effect evidence.,,crates/perry-runtime/src/array/alloc.rs:176,crates/perry-codegen/src/runtime_decls/arrays.rs:33,crates/perry-codegen/src/lower_call/builtin.rs:1130,1,1,,,,120,120,602,120,120,602,120,0,0
js_array_copy_within,unreviewed,Unknown,unclear,unclear,unclear,unclear,Not transitively audited in this finite first pass; declaration or literal call spelling alone is not effect evidence.,,crates/perry-runtime/src/array/immutable.rs:341,crates/perry-codegen/src/runtime_decls/strings.rs:1304,crates/perry-codegen/src/expr/os_uri_dates.rs:269;crates/perry-codegen/src/lower_array_method.rs:388,1,2,,,,6,6,40,6,6,40,6,0,0
js_array_declare_all_pointer_elements,unreviewed,CannotCollect,unclear,unclear,unclear,unclear,Not transitively audited in this finite first pass; declaration or literal call spelling alone is not effect evidence.,,crates/perry-runtime/src/array/header.rs:1863,crates/perry-codegen/src/runtime_decls/arrays.rs:101,crates/perry-codegen/src/expr/helpers.rs:391,1,1,,,,150,6,30,150,6,30,150,0,0
js_array_entries_iter_obj,unreviewed,Unknown,unclear,unclear,unclear,unclear,Not transitively audited in this finite first pass; declaration or literal call spelling alone is not effect evidence.,,crates/perry-runtime/src/array/iter_object.rs:620,crates/perry-codegen/src/runtime_decls/strings_part2.rs:947,crates/perry-codegen/src/expr/arrays_finds.rs:1411;crates/perry-codegen/src/lower_array_method.rs:1034,1,2,,,,8,8,26,8,8,26,8,0,0
js_array_every,unreviewed,Unknown,unclear,unclear,unclear,unclear,Not transitively audited in this finite first pass; declaration or literal call spelling alone is not effect evidence.,,crates/perry-runtime/src/array/iter_methods.rs:1047,crates/perry-codegen/src/runtime_decls/strings_part2.rs:694,crates/perry-codegen/src/expr/logical_collections.rs:610,1,1,,,,28,28,139,28,28,139,28,0,0
js_array_fill,unreviewed,Unknown,unclear,unclear,unclear,unclear,Not transitively audited in this finite first pass; declaration or literal call spelling alone is not effect evidence.,,crates/perry-runtime/src/array/concat_reverse.rs:452,crates/perry-codegen/src/runtime_decls/arrays.rs:219,crates/perry-codegen/src/lower_array_method.rs:861,1,1,,,,36,36,275,36,36,275,36,0,0
js_array_fill_range,unreviewed,Unknown,unclear,unclear,unclear,unclear,Not transitively audited in this finite first pass; declaration or literal call spelling alone is not effect evidence.,,crates/perry-runtime/src/array/concat_reverse.rs:492,crates/perry-codegen/src/runtime_decls/arrays.rs:220,crates/perry-codegen/src/lower_array_method.rs:877,1,1,,,,1,1,3,1,1,3,2,0,0
js_array_filter,unreviewed,Unknown,unclear,unclear,unclear,unclear,Not transitively audited in this finite first pass; declaration or literal call spelling alone is not effect evidence.,,crates/perry-runtime/src/array/iter_methods.rs:509,crates/perry-codegen/src/runtime_decls/strings.rs:364,crates/perry-codegen/src/expr/logical_collections.rs:434;crates/perry-codegen/src/lower_array_method.rs:650,1,2,,,,422,417,1552,422,417,1552,422,0,0
js_array_find,unreviewed,Unknown,unclear,unclear,unclear,unclear,Not transitively audited in this finite first pass; declaration or literal call spelling alone is not effect evidence.,,crates/perry-runtime/src/array/iter_methods.rs:604,crates/perry-codegen/src/runtime_decls/strings_part2.rs:688,crates/perry-codegen/src/expr/arrays_finds.rs:505;crates/perry-codegen/src/lower_array_method.rs:463,1,2,,,,92,92,261,92,92,261,92,0,0
js_array_findIndex,unreviewed,Unknown,unclear,unclear,unclear,unclear,Not transitively audited in this finite first pass; declaration or literal call spelling alone is not effect evidence.,,crates/perry-runtime/src/array/iter_methods.rs:668,crates/perry-codegen/src/runtime_decls/strings_part2.rs:689,crates/perry-codegen/src/expr/arrays_finds.rs:516;crates/perry-codegen/src/lower_array_method.rs:493,1,2,,,,15,15,44,15,15,44,15,0,0
js_array_find_last,unreviewed,Unknown,unclear,unclear,unclear,unclear,Not transitively audited in this finite first pass; declaration or literal call spelling alone is not effect evidence.,,crates/perry-runtime/src/array/iter_methods.rs:737,crates/perry-codegen/src/runtime_decls/strings_part2.rs:690,crates/perry-codegen/src/expr/arrays_finds.rs:527;crates/perry-codegen/src/lower_array_method.rs:507,1,2,,,,17,15,31,17,15,31,17,0,0
js_array_find_last_index,unreviewed,Unknown,unclear,unclear,unclear,unclear,Not transitively audited in this finite first pass; declaration or literal call spelling alone is not effect evidence.,,crates/perry-runtime/src/array/iter_methods.rs:788,crates/perry-codegen/src/runtime_decls/strings_part2.rs:691,crates/perry-codegen/src/expr/arrays_finds.rs:538;crates/perry-codegen/src/lower_array_method.rs:520,1,2,,,,3,1,6,3,1,6,3,0,0
js_array_flat,unreviewed,Unknown,unclear,unclear,unclear,unclear,Not transitively audited in this finite first pass; declaration or literal call spelling alone is not effect evidence.,,crates/perry-runtime/src/array/flat_clone.rs:358,crates/perry-codegen/src/runtime_decls/strings.rs:1286,crates/perry-codegen/src/expr/string_regex_proc.rs:305;crates/perry-codegen/src/lower_array_method.rs:409,1,2,,,,19,19,70,19,19,70,19,0,0
js_array_flatMap,unreviewed,Unknown,unclear,unclear,unclear,unclear,Not transitively audited in this finite first pass; declaration or literal call spelling alone is not effect evidence.,,crates/perry-runtime/src/array/iter_methods.rs:1120,crates/perry-codegen/src/runtime_decls/strings.rs:1288,crates/perry-codegen/src/expr/string_regex_proc.rs:315;crates/perry-codegen/src/lower_array_method.rs:429,1,2,,,,68,66,167,68,66,167,68,0,0
js_array_forEach,unreviewed,Unknown,unclear,unclear,unclear,unclear,Not transitively audited in this finite first pass; declaration or literal call spelling alone is not effect evidence.,,crates/perry-runtime/src/array/iter_methods.rs:218,crates/perry-codegen/src/runtime_decls/arrays.rs:218,crates/perry-codegen/src/expr/misc_methods.rs:657;crates/perry-codegen/src/lower_array_method.rs:681,1,2,,,,190,190,345,190,190,345,191,0,0
js_array_from_mapped,unreviewed,Unknown,unclear,unclear,unclear,unclear,Not transitively audited in this finite first pass; declaration or literal call spelling alone is not effect evidence.,,crates/perry-runtime/src/array/from_concat.rs:168,crates/perry-codegen/src/runtime_decls/arrays.rs:251,crates/perry-codegen/src/expr/instance_misc1.rs:917,1,1,,,,25,25,51,25,25,51,25,0,0
js_array_from_value,unreviewed,Unknown,unclear,unclear,unclear,unclear,Not transitively audited in this finite first pass; declaration or literal call spelling alone is not effect evidence.,,crates/perry-runtime/src/array/from_concat.rs:76,crates/perry-codegen/src/runtime_decls/arrays.rs:242,crates/perry-codegen/src/expr/instance_misc1.rs:821;crates/perry-codegen/src/expr/instance_misc1.rs:932,1,2,,,,188,186,763,188,186,763,188,0,0
js_array_from_values,unreviewed,Unknown,unclear,unclear,unclear,unclear,Not transitively audited in this finite first pass; declaration or literal call spelling alone is not effect evidence.,,crates/perry-runtime/src/array/alloc.rs:534,crates/perry-codegen/src/runtime_decls/arrays.rs:39,crates/perry-codegen/src/expr/array_literal.rs:118,1,1,,,,25158,11940,371103,25160,11939,371103,25180,0,0
js_array_get_f64,reviewed,Unknown,may allocate,may,may,may,"Descriptor, hole/out-of-bounds prototype or polymorphic fallback reaches generic property access. Even unchecked/numeric exports retain fallback branches. No global leaf classification from their dense hot paths.",array/indexing.rs:355-650; array/indexing_support.rs:15-24; proxy/get.rs:7-77,crates/perry-runtime/src/array/indexing.rs:450,crates/perry-codegen/src/runtime_decls/arrays.rs:52,crates/perry-codegen/src/expr/call_spread.rs:216;crates/perry-codegen/src/expr/call_spread.rs:251;crates/perry-codegen/src/expr/index_get.rs:1080;crates/perry-codegen/src/expr/this_super_call.rs:316;crates/perry-codegen/src/expr/this_super_call.rs:323;crates/perry-codegen/src/expr/this_super_call.rs:391;crates/perry-codegen/src/expr/this_super_call.rs:425;crates/perry-codegen/src/expr/this_super_call.rs:455;crates/perry-codegen/src/expr/this_super_call.rs:458,1,9,,,,27,27,47,27,27,47,27,0,0
js_array_get_index_or_string,unreviewed,Unknown,unclear,unclear,unclear,unclear,Not transitively audited in this finite first pass; declaration or literal call spelling alone is not effect evidence.,,crates/perry-runtime/src/array/indexing_keyed.rs:145,crates/perry-codegen/src/runtime_decls/arrays.rs:58,crates/perry-codegen/src/expr/index_get.rs:313;crates/perry-codegen/src/expr/index_get.rs:565,1,2,,,,1079,1079,5653,1085,1085,5680,1088,0,0
js_array_includes_jsvalue,unreviewed,Unknown,unclear,unclear,unclear,unclear,Not transitively audited in this finite first pass; declaration or literal call spelling alone is not effect evidence.,,crates/perry-runtime/src/array/search.rs:299,crates/perry-codegen/src/runtime_decls/strings.rs:1223,crates/perry-codegen/src/expr/instance_misc1.rs:1338;crates/perry-codegen/src/lower_array_method.rs:711,1,2,,,,223,197,708,222,196,708,222,0,0
js_array_indexOf_jsvalue,reviewed,AllocNoReentry,may allocate,may,may,may,from_index_to_integer invokes ToNumber; exotic element loop uses array_spec_has_index/get; BigInt typed-array read can construct BigInt. Strict equality itself does not eliminate these effects. Existing AllocNoReentry rationale does not cover current body.,"array/search.rs:25-32,83-177",crates/perry-runtime/src/array/search.rs:112,crates/perry-codegen/src/runtime_decls/strings.rs:1216,crates/perry-codegen/src/expr/misc_methods.rs:603;crates/perry-codegen/src/lower_array_method.rs:756,1,2,,,,62,62,290,62,62,290,62,0,0
js_array_is_array,reviewed,Unknown,may allocate,may,may,unclear,Explicit Proxy unwrap rejects revoked proxies through an allocating TypeError. Its ordinary header probe is insufficient as whole-export proof; no callable trap is required for this counterexample.,array/is_array.rs:6-80; proxy.rs:567-582; collection_iter.rs:146-150,crates/perry-runtime/src/array/is_array.rs:6,crates/perry-codegen/src/runtime_decls/arrays.rs:106,crates/perry-codegen/src/expr/array_methods.rs:128,1,1,,,,996,989,3778,996,989,3778,1006,0,0
js_array_join_value,unreviewed,Unknown,unclear,unclear,unclear,unclear,Not transitively audited in this finite first pass; declaration or literal call spelling alone is not effect evidence.,,crates/perry-runtime/src/array/join.rs:767,crates/perry-codegen/src/runtime_decls/arrays.rs:217,crates/perry-codegen/src/expr/logical_collections.rs:633;crates/perry-codegen/src/lower_array_method.rs:224,1,2,,,,650,647,2677,650,647,2679,651,0,0
js_array_last_index_of_jsvalue,unreviewed,Unknown,unclear,unclear,unclear,unclear,Not transitively audited in this finite first pass; declaration or literal call spelling alone is not effect evidence.,,crates/perry-runtime/src/array/search.rs:185,crates/perry-codegen/src/runtime_decls/strings.rs:1217,crates/perry-codegen/src/expr/misc_methods.rs:635;crates/perry-codegen/src/lower_array_method.rs:787,1,2,,,,3,3,6,3,3,6,3,0,0
js_array_length,reviewed,AllocNoReentry,may allocate,may,may,may,"Proxy arm allocates length key, calls js_proxy_get then js_number_coerce; ordinary object arm calls by-name getter/coercion. Typed pointer spelling does not exclude those expressly supported arms. Existing AllocNoReentry rationale is stale for the complete export.","array/indexing.rs:194-345,349-351; array/header.rs:984-999; proxy/get.rs:7-77",crates/perry-runtime/src/array/indexing.rs:194,crates/perry-codegen/src/runtime_decls/arrays.rs:102,crates/perry-codegen/src/expr/array_push.rs:344;crates/perry-codegen/src/expr/arrays_finds.rs:1393;crates/perry-codegen/src/expr/this_super_call.rs:284;crates/perry-codegen/src/lower_array_method.rs:938;crates/perry-codegen/src/lower_call/native/native_instance_branch.rs:292;crates/perry-codegen/src/lower_call/native/native_instance_branch.rs:368;crates/perry-codegen/src/lower_call/native/native_instance_branch.rs:450;crates/perry-codegen/src/stmt/loops.rs:323,1,8,,,,1631,1611,7458,1631,1611,7458,1658,0,0
js_array_like_to_array,unreviewed,Unknown,unclear,unclear,unclear,unclear,Not transitively audited in this finite first pass; declaration or literal call spelling alone is not effect evidence.,,crates/perry-runtime/src/object/arguments.rs:625,crates/perry-codegen/src/runtime_decls/strings.rs:1101,crates/perry-codegen/src/expr/call_spread.rs:111;crates/perry-codegen/src/expr/call_spread.rs:209;crates/perry-codegen/src/expr/call_spread.rs:231;crates/perry-codegen/src/expr/call_spread.rs:244;crates/perry-codegen/src/expr/call_spread.rs:563;crates/perry-codegen/src/expr/logical_collections.rs:1033;crates/perry-codegen/src/expr/logical_collections.rs:1078,1,7,,,,238,238,1177,238,238,1177,238,0,0
js_array_live_head,unreviewed,CannotCollect,unclear,unclear,unclear,unclear,Not transitively audited in this finite first pass; declaration or literal call spelling alone is not effect evidence.,,crates/perry-runtime/src/array/indexing_support.rs:48,crates/perry-codegen/src/runtime_decls/arrays.rs:183,crates/perry-codegen/src/expr/logical_collections.rs:210,1,1,,,,53,21,81,53,21,81,53,0,0
js_array_map,unreviewed,Unknown,unclear,unclear,unclear,unclear,Not transitively audited in this finite first pass; declaration or literal call spelling alone is not effect evidence.,,crates/perry-runtime/src/array/iter_methods.rs:317,crates/perry-codegen/src/runtime_decls/strings.rs:362,crates/perry-codegen/src/expr/math_simple.rs:528;crates/perry-codegen/src/lower_array_method.rs:619,1,2,,,,497,491,1972,497,491,1972,497,0,0
js_array_mark_arguments_object,unreviewed,Unknown,unclear,unclear,unclear,unclear,Not transitively audited in this finite first pass; declaration or literal call spelling alone is not effect evidence.,,crates/perry-runtime/src/array/header.rs:1374,crates/perry-codegen/src/runtime_decls/arrays.rs:87,crates/perry-codegen/src/expr/static_method.rs:220;crates/perry-codegen/src/expr/super_method.rs:179;crates/perry-codegen/src/lower_call/mod.rs:359;crates/perry-codegen/src/lower_call/property_get/dynamic_dispatch.rs:116;crates/perry-codegen/src/lower_call/property_get/static_dispatch.rs:201,1,5,,,,7,7,23,7,7,23,7,0,0
js_array_note_numeric_write,unreviewed,CannotCollect,unclear,unclear,unclear,unclear,Not transitively audited in this finite first pass; declaration or literal call spelling alone is not effect evidence.,,crates/perry-runtime/src/array/header.rs:1783,crates/perry-codegen/src/runtime_decls/arrays.rs:96,crates/perry-codegen/src/expr/write_barrier.rs:476,1,1,,,,2238,550,3814,2238,550,3814,2300,0,0
js_array_numeric_value_to_raw_f64,unreviewed,CannotCollect,unclear,unclear,unclear,unclear,Not transitively audited in this finite first pass; declaration or literal call spelling alone is not effect evidence.,,crates/perry-runtime/src/array/header.rs:1161,crates/perry-codegen/src/runtime_decls/arrays.rs:91,crates/perry-codegen/src/expr/index.rs:20;crates/perry-codegen/src/expr/index_set.rs:59;crates/perry-codegen/src/expr/property_set.rs:66;crates/perry-codegen/src/lower_call/scalar_method.rs:740,1,4,,,,28,0,0,28,0,0,28,0,0
js_array_pop_f64,unreviewed,Unknown,unclear,unclear,unclear,unclear,Not transitively audited in this finite first pass; declaration or literal call spelling alone is not effect evidence.,,crates/perry-runtime/src/array/push_pop.rs:1059,crates/perry-codegen/src/runtime_decls/arrays.rs:215,crates/perry-codegen/src/expr/array_pop.rs:211;crates/perry-codegen/src/expr/math_simple.rs:496,1,2,,,,44,44,273,44,44,273,44,0,0
js_array_push_f64,reviewed,AllocNoReentry,may allocate,may,may,may,"Complete routes include Proxy get/set, array-like object method/set paths, descriptor-aware fallback and grow allocation. In-capacity ordinary-array fast arm is not whole-export evidence. Existing AllocNoReentry needs callsite contract proof.","array/push_pop.rs:654-708,764-928",crates/perry-runtime/src/array/push_pop.rs:654,crates/perry-codegen/src/runtime_decls/arrays.rs:44,crates/perry-codegen/src/expr/static_field_meta.rs:207;crates/perry-codegen/src/expr/static_method.rs:213;crates/perry-codegen/src/expr/super_method.rs:175;crates/perry-codegen/src/expr/this_super_call.rs:225;crates/perry-codegen/src/lower_call/native/mod.rs:348;crates/perry-codegen/src/lower_call/native/native_instance_branch.rs:363;crates/perry-codegen/src/lower_call/native/native_instance_branch.rs:387;crates/perry-codegen/src/lower_call/native_module_dispatch.rs:116;crates/perry-codegen/src/lower_call/new_ctor_args.rs:280;crates/perry-codegen/src/lower_call/property_get/dynamic_dispatch.rs:112;crates/perry-codegen/src/lower_call/property_get/static_dispatch.rs:197;crates/perry-codegen/src/lower_call/property_get/static_dispatch.rs:225;crates/perry-codegen/src/rooting/temp_root.rs:260,1,13,,,,7774,7727,41696,7774,7727,41696,7796,0,0
js_array_push_f64_spec,reviewed,Unknown,may allocate,may,may,may,"Complete routes include Proxy get/set, array-like object method/set paths, descriptor-aware fallback and grow allocation. In-capacity ordinary-array fast arm is not whole-export evidence. Existing AllocNoReentry needs callsite contract proof.","array/push_pop.rs:654-708,764-928",crates/perry-runtime/src/array/push_pop.rs:855,crates/perry-codegen/src/runtime_decls/arrays.rs:46,crates/perry-codegen/src/expr/array_push.rs:626;crates/perry-codegen/src/expr/array_push.rs:997;crates/perry-codegen/src/expr/array_push.rs:1204;crates/perry-codegen/src/expr/array_push.rs:1460;crates/perry-codegen/src/expr/array_push.rs:1481,1,5,,,,6005,5972,23222,6005,5972,23222,6133,0,0
js_array_push_guard,unreviewed,Unknown,unclear,unclear,unclear,unclear,Not transitively audited in this finite first pass; declaration or literal call spelling alone is not effect evidence.,,crates/perry-runtime/src/array/push_pop.rs:106,crates/perry-codegen/src/runtime_decls/arrays.rs:47,crates/perry-codegen/src/lower_call/native/native_instance_branch.rs:361;crates/perry-codegen/src/lower_call/native/native_instance_branch.rs:383,1,2,,,,41,41,142,41,41,142,41,0,0
js_array_push_hole,unreviewed,Unknown,unclear,unclear,unclear,unclear,Not transitively audited in this finite first pass; declaration or literal call spelling alone is not effect evidence.,,crates/perry-runtime/src/array/push_pop.rs:930,crates/perry-codegen/src/runtime_decls/arrays.rs:48,,1,0,,,,132,132,485,132,132,485,132,0,0
js_array_push_spread_f64,unreviewed,Unknown,unclear,unclear,unclear,unclear,Not transitively audited in this finite first pass; declaration or literal call spelling alone is not effect evidence.,,crates/perry-runtime/src/array/push_pop.rs:1001,crates/perry-codegen/src/runtime_decls/arrays.rs:51,crates/perry-codegen/src/lower_call/native/native_instance_branch.rs:239,1,1,,,,5,5,13,5,5,13,5,0,0
js_array_reduce,unreviewed,Unknown,unclear,unclear,unclear,unclear,Not transitively audited in this finite first pass; declaration or literal call spelling alone is not effect evidence.,,crates/perry-runtime/src/array/iter_methods.rs:1201,crates/perry-codegen/src/runtime_decls/strings.rs:1281,crates/perry-codegen/src/lower_array_method.rs:547,1,1,,,,87,87,239,87,87,239,87,0,0
js_array_reduce_right,unreviewed,Unknown,unclear,unclear,unclear,unclear,Not transitively audited in this finite first pass; declaration or literal call spelling alone is not effect evidence.,,crates/perry-runtime/src/array/reduce_right.rs:19,crates/perry-codegen/src/runtime_decls/strings.rs:1282,crates/perry-codegen/src/lower_array_method.rs:578,1,1,,,,2,2,2,2,2,2,2,0,0
js_array_refresh_local_head,unreviewed,Unknown,unclear,unclear,unclear,unclear,Not transitively audited in this finite first pass; declaration or literal call spelling alone is not effect evidence.,,crates/perry-runtime/src/array/header.rs:1336,crates/perry-codegen/src/runtime_decls/arrays.rs:95,crates/perry-codegen/src/expr/element_shape_guard.rs:211;crates/perry-codegen/src/expr/index.rs:373;crates/perry-codegen/src/expr/index_get/guarded_array.rs:443,1,3,,,,211,200,2262,211,200,2262,218,0,0
js_array_reverse,unreviewed,Unknown,unclear,unclear,unclear,unclear,Not transitively audited in this finite first pass; declaration or literal call spelling alone is not effect evidence.,,crates/perry-runtime/src/array/concat_reverse.rs:202,crates/perry-codegen/src/runtime_decls/strings.rs:1284,crates/perry-codegen/src/lower_array_method.rs:361,1,1,,,,33,33,93,33,33,93,33,0,0
js_array_set_f64,unreviewed,Unknown,unclear,unclear,unclear,unclear,Not transitively audited in this finite first pass; declaration or literal call spelling alone is not effect evidence.,,crates/perry-runtime/src/array/indexing.rs:755,crates/perry-codegen/src/runtime_decls/arrays.rs:60,crates/perry-codegen/src/expr/static_field_meta.rs:560,1,1,,,,103,92,2045,103,92,2045,103,0,0
js_array_set_f64_extend_strict,unreviewed,Unknown,unclear,unclear,unclear,unclear,Not transitively audited in this finite first pass; declaration or literal call spelling alone is not effect evidence.,,crates/perry-runtime/src/array/indexing.rs:1149,crates/perry-codegen/src/runtime_decls/arrays.rs:65,crates/perry-codegen/src/expr/index.rs:776,1,1,,,,193,182,2127,193,182,2127,200,0,0
js_array_set_f64_unchecked,unreviewed,Unknown,unclear,unclear,unclear,unclear,Not transitively audited in this finite first pass; declaration or literal call spelling alone is not effect evidence.,,crates/perry-runtime/src/array/indexing.rs:666,crates/perry-codegen/src/runtime_decls/objects.rs:388,crates/perry-codegen/src/expr/bigint_set.rs:448,1,1,,,,265,265,2213,265,265,2213,265,0,0
js_array_set_length_strict,unreviewed,Unknown,unclear,unclear,unclear,unclear,Not transitively audited in this finite first pass; declaration or literal call spelling alone is not effect evidence.,,crates/perry-runtime/src/array/push_pop.rs:1285,crates/perry-codegen/src/runtime_decls/arrays.rs:229,crates/perry-codegen/src/expr/property_set.rs:455,1,1,,,,29,29,48,29,29,48,30,0,0
js_array_shift_f64,unreviewed,Unknown,unclear,unclear,unclear,unclear,Not transitively audited in this finite first pass; declaration or literal call spelling alone is not effect evidence.,,crates/perry-runtime/src/array/push_pop.rs:1520,crates/perry-codegen/src/runtime_decls/strings.rs:439,crates/perry-codegen/src/expr/logical_collections.rs:1143;crates/perry-codegen/src/lower_array_method.rs:846,1,2,,,,31,31,91,31,31,91,31,0,0
js_array_slice_values,reviewed,AllocNoReentry,may allocate,may,may,may,slice_values coerces raw start/end using js_number_coerce then constructs result. slice additionally has typed-array and exotic element routes. Keep complete export may-GC independent of existing AllocNoReentry entry.,array/splice_slice.rs:165-288,crates/perry-runtime/src/array/splice_slice.rs:196,crates/perry-codegen/src/runtime_decls/strings.rs:438,crates/perry-codegen/src/expr/logical_collections.rs:1129;crates/perry-codegen/src/lower_array_method.rs:830,1,2,,,,110,110,407,110,110,409,110,0,0
js_array_some,unreviewed,Unknown,unclear,unclear,unclear,unclear,Not transitively audited in this finite first pass; declaration or literal call spelling alone is not effect evidence.,,crates/perry-runtime/src/array/iter_methods.rs:887,crates/perry-codegen/src/runtime_decls/strings_part2.rs:692,crates/perry-codegen/src/expr/logical_collections.rs:594,1,1,,,,70,66,232,70,66,232,70,0,0
js_array_some_captureless,unreviewed,Unknown,unclear,unclear,unclear,unclear,Not transitively audited in this finite first pass; declaration or literal call spelling alone is not effect evidence.,,crates/perry-runtime/src/array/iter_methods.rs:965,crates/perry-codegen/src/runtime_decls/strings_part2.rs:693,crates/perry-codegen/src/expr/logical_collections.rs:292,1,1,,,,53,53,220,53,53,220,53,0,0
js_array_sort_default,unreviewed,Unknown,unclear,unclear,unclear,unclear,Not transitively audited in this finite first pass; declaration or literal call spelling alone is not effect evidence.,,crates/perry-runtime/src/array/sort.rs:553,crates/perry-codegen/src/runtime_decls/strings.rs:1283,crates/perry-codegen/src/lower_array_method.rs:340,1,1,,,,44,44,154,44,44,154,44,0,0
js_array_sort_with_comparator,unreviewed,Unknown,unclear,unclear,unclear,unclear,Not transitively audited in this finite first pass; declaration or literal call spelling alone is not effect evidence.,,crates/perry-runtime/src/array/sort.rs:670,crates/perry-codegen/src/runtime_decls/strings.rs:1289,crates/perry-codegen/src/expr/bigint_set.rs:513;crates/perry-codegen/src/lower_array_method.rs:350,1,2,,,,167,167,766,167,167,766,167,0,0
js_array_splice,unreviewed,Unknown,unclear,unclear,unclear,unclear,Not transitively audited in this finite first pass; declaration or literal call spelling alone is not effect evidence.,,crates/perry-runtime/src/array/splice_slice.rs:14,crates/perry-codegen/src/runtime_decls/strings.rs:1277,crates/perry-codegen/src/expr/instance_misc1.rs:1425;crates/perry-codegen/src/lower_array_method.rs:996,1,2,,,,59,51,109,58,50,109,58,0,0
js_array_splice_delete_count,reviewed,Unknown,may allocate,may,may,may,Nonnumeric input takes js_number_coerce; object coercion can invoke JS and exceptions allocate. A scalar result does not imply a scalar-only call.,string/char_ops.rs:21-57; array/splice_slice.rs:165-193; builtins/numbers.rs:436-640,crates/perry-runtime/src/array/splice_slice.rs:179,crates/perry-codegen/src/runtime_decls/strings.rs:1278,crates/perry-codegen/src/expr/instance_misc1.rs:1403;crates/perry-codegen/src/expr/instance_misc1.rs:1405;crates/perry-codegen/src/lower_array_method.rs:981;crates/perry-codegen/src/lower_array_method.rs:983,1,4,,,,118,102,297,116,100,297,116,0,0
js_array_spread_append,unreviewed,Unknown,unclear,unclear,unclear,unclear,Not transitively audited in this finite first pass; declaration or literal call spelling alone is not effect evidence.,,crates/perry-runtime/src/array/iterator.rs:1219,crates/perry-codegen/src/runtime_decls/arrays.rs:315,crates/perry-codegen/src/expr/this_super_call.rs:244,1,1,,,,1857,1807,9134,1897,1847,9318,1901,0,0
js_array_subclass_init_args,unreviewed,Unknown,unclear,unclear,unclear,unclear,Not transitively audited in this finite first pass; declaration or literal call spelling alone is not effect evidence.,,crates/perry-runtime/src/node_stream_constructors/builders.rs:214,crates/perry-codegen/src/runtime_decls/stdlib_ffi/streams_events.rs:17,crates/perry-codegen/src/expr/this_super_call.rs:288;crates/perry-codegen/src/expr/write_barrier.rs:1217;crates/perry-codegen/src/lower_call/new_helpers.rs:198,1,3,,,,2,2,3,2,2,3,2,0,0
js_array_unshift_f64,unreviewed,Unknown,unclear,unclear,unclear,unclear,Not transitively audited in this finite first pass; declaration or literal call spelling alone is not effect evidence.,,crates/perry-runtime/src/array/push_pop.rs:1644,crates/perry-codegen/src/runtime_decls/strings_part2.rs:939,crates/perry-codegen/src/expr/arrays_finds.rs:1379,1,1,,,,25,25,96,25,25,96,25,0,0
js_array_unshift_variadic,unreviewed,Unknown,unclear,unclear,unclear,unclear,Not transitively audited in this finite first pass; declaration or literal call spelling alone is not effect evidence.,,crates/perry-runtime/src/array/push_pop.rs:1704,crates/perry-codegen/src/runtime_decls/strings_part2.rs:941,crates/perry-codegen/src/lower_array_method.rs:921,1,1,,,,2,2,4,2,2,4,2,0,0
js_arraylike_filter,unreviewed,Unknown,unclear,unclear,unclear,unclear,Not transitively audited in this finite first pass; declaration or literal call spelling alone is not effect evidence.,,crates/perry-runtime/src/array/generic.rs:775,,crates/perry-codegen/src/lower_array_method.rs:633,0,1,,,,1,1,0,1,1,0,1,0,0
js_arraylike_forEach,unreviewed,Unknown,unclear,unclear,unclear,unclear,Not transitively audited in this finite first pass; declaration or literal call spelling alone is not effect evidence.,,crates/perry-runtime/src/array/generic.rs:694,,crates/perry-codegen/src/lower_array_method.rs:664,0,1,,,,1,1,1,1,1,1,1,0,0
js_arraylike_indexOf,unreviewed,Unknown,unclear,unclear,unclear,unclear,Not transitively audited in this finite first pass; declaration or literal call spelling alone is not effect evidence.,,crates/perry-runtime/src/array/generic.rs:1083,crates/perry-codegen/src/runtime_decls/arrays.rs:281,,1,0,,,,2,2,3,2,2,3,2,0,0
js_arraylike_join,unreviewed,Unknown,unclear,unclear,unclear,unclear,Not transitively audited in this finite first pass; declaration or literal call spelling alone is not effect evidence.,,crates/perry-runtime/src/array/generic.rs:1226,crates/perry-codegen/src/runtime_decls/arrays.rs:297,crates/perry-codegen/src/expr/logical_collections.rs:746,1,1,,,,1,1,1,1,1,1,1,0,0
js_arraylike_map,unreviewed,Unknown,unclear,unclear,unclear,unclear,Not transitively audited in this finite first pass; declaration or literal call spelling alone is not effect evidence.,,crates/perry-runtime/src/array/generic.rs:727,,crates/perry-codegen/src/lower_array_method.rs:596,0,1,,,,1,1,3,1,1,3,1,0,0
js_arraylike_slice,unreviewed,Unknown,unclear,unclear,unclear,unclear,Not transitively audited in this finite first pass; declaration or literal call spelling alone is not effect evidence.,,crates/perry-runtime/src/array/generic.rs:1239,crates/perry-codegen/src/runtime_decls/arrays.rs:299,crates/perry-codegen/src/expr/logical_collections.rs:771,1,1,,,,25,25,62,25,25,62,25,0,0
js_arraylike_splice,unreviewed,Unknown,unclear,unclear,unclear,unclear,Not transitively audited in this finite first pass; declaration or literal call spelling alone is not effect evidence.,,crates/perry-runtime/src/array/generic_object.rs:461,crates/perry-codegen/src/runtime_decls/arrays.rs:305,,1,0,,,,2,2,5,2,2,5,2,0,0
js_assimilate_thenable,unreviewed,Unknown,unclear,unclear,unclear,unclear,Not transitively audited in this finite first pass; declaration or literal call spelling alone is not effect evidence.,,crates/perry-runtime/src/promise/combinators.rs:1253,crates/perry-codegen/src/runtime_decls/strings_part2.rs:715,crates/perry-codegen/src/expr/fs_await.rs:85,1,1,,,,337,289,323,337,289,323,337,0,0
js_async_first_call,unreviewed,Unknown,unclear,unclear,unclear,unclear,Not transitively audited in this finite first pass; declaration or literal call spelling alone is not effect evidence.,,crates/perry-runtime/src/promise/async_step.rs:876,crates/perry-codegen/src/runtime_decls/stdlib_ffi/language_core.rs:309,crates/perry-codegen/src/expr/misc_methods.rs:997,1,1,,,,3206,3206,0,3206,3206,0,3206,0,0
js_async_fn_result,unreviewed,Unknown,unclear,unclear,unclear,unclear,Not transitively audited in this finite first pass; declaration or literal call spelling alone is not effect evidence.,,crates/perry-runtime/src/promise/async_step.rs:720,crates/perry-codegen/src/runtime_decls/strings_part2.rs:908,crates/perry-codegen/src/stmt/mod.rs:325,1,1,,,,1164,995,40,1163,994,40,1163,0,0
js_async_generator_resume,unreviewed,Unknown,unclear,unclear,unclear,unclear,Not transitively audited in this finite first pass; declaration or literal call spelling alone is not effect evidence.,,crates/perry-runtime/src/promise/async_step.rs:929,crates/perry-codegen/src/runtime_decls/stdlib_ffi/language_core.rs:313,crates/perry-codegen/src/expr/misc_methods.rs:1016,1,1,,,,201,201,3,201,201,3,201,0,0
js_async_step_chain,unreviewed,Unknown,unclear,unclear,unclear,unclear,Not transitively audited in this finite first pass; declaration or literal call spelling alone is not effect evidence.,,crates/perry-runtime/src/promise/async_step.rs:449,crates/perry-codegen/src/runtime_decls/stdlib_ffi/language_core.rs:296,crates/perry-codegen/src/expr/misc_methods.rs:948,1,1,,,,4023,3808,676,4023,3808,676,4023,0,0
js_async_step_done,unreviewed,Unknown,unclear,unclear,unclear,unclear,Not transitively audited in this finite first pass; declaration or literal call spelling alone is not effect evidence.,,crates/perry-runtime/src/promise/async_step.rs:734,crates/perry-codegen/src/runtime_decls/stdlib_ffi/language_core.rs:301,crates/perry-codegen/src/expr/misc_methods.rs:972,1,1,,,,4525,4303,1185,4525,4303,1185,5074,0,0
js_atob,unreviewed,Unknown,unclear,unclear,unclear,unclear,Not transitively audited in this finite first pass; declaration or literal call spelling alone is not effect evidence.,,crates/perry-runtime/src/string/base64_codec.rs:31,crates/perry-codegen/src/runtime_decls/strings_part2.rs:435,crates/perry-codegen/src/expr/string_regex_proc.rs:291,1,1,,,,9,9,9,9,9,9,9,0,0
js_atomics_load,unreviewed,Unknown,unclear,unclear,unclear,unclear,Not transitively audited in this finite first pass; declaration or literal call spelling alone is not effect evidence.,,crates/perry-runtime/src/atomics.rs:468,crates/perry-codegen/src/runtime_decls/stdlib_ffi/language_core.rs:48,,1,0,,,,1,1,1,1,1,1,1,0,0
js_atomics_store,unreviewed,Unknown,unclear,unclear,unclear,unclear,Not transitively audited in this finite first pass; declaration or literal call spelling alone is not effect evidence.,,crates/perry-runtime/src/atomics.rs:487,crates/perry-codegen/src/runtime_decls/stdlib_ffi/language_core.rs:50,,1,0,,,,1,1,0,1,1,0,1,0,0
js_await_any_promise,unreviewed,Unknown,unclear,unclear,unclear,unclear,Not transitively audited in this finite first pass; declaration or literal call spelling alone is not effect evidence.,,crates/perry-runtime/src/promise/combinators.rs:1225,crates/perry-codegen/src/runtime_decls/strings_part2.rs:770,crates/perry-codegen/src/expr/fs_await.rs:89,1,1,,,,337,289,323,337,289,323,337,0,0
js_await_loop_tick_timers,unreviewed,Unknown,unclear,unclear,unclear,unclear,Not transitively audited in this finite first pass; declaration or literal call spelling alone is not effect evidence.,,crates/perry-runtime/src/timer.rs:460,crates/perry-codegen/src/runtime_decls/strings_part2.rs:723,crates/perry-codegen/src/expr/fs_await.rs:207,1,1,,,,337,289,612,337,289,612,337,0,0
js_bigint_as_int_n_call,unreviewed,Unknown,unclear,unclear,unclear,unclear,Not transitively audited in this finite first pass; declaration or literal call spelling alone is not effect evidence.,,crates/perry-runtime/src/object/global_this/bigint_promise.rs:331,crates/perry-codegen/src/runtime_decls/strings.rs:926,,1,0,,,,4,4,10,4,4,10,4,0,0
js_bigint_as_uint_n_call,unreviewed,Unknown,unclear,unclear,unclear,unclear,Not transitively audited in this finite first pass; declaration or literal call spelling alone is not effect evidence.,,crates/perry-runtime/src/object/global_this/bigint_promise.rs:337,crates/perry-codegen/src/runtime_decls/strings.rs:927,,1,0,,,,2,2,3,2,2,3,2,0,0
js_bigint_from_f64,unreviewed,Unknown,unclear,unclear,unclear,unclear,Not transitively audited in this finite first pass; declaration or literal call spelling alone is not effect evidence.,,crates/perry-runtime/src/bigint/convert.rs:87,crates/perry-codegen/src/runtime_decls/strings.rs:1350,crates/perry-codegen/src/expr/bigint_set.rs:496,1,1,,,,60,60,145,60,60,145,60,0,0
js_bigint_from_i128_parts,unreviewed,Unknown,unclear,unclear,unclear,unclear,Not transitively audited in this finite first pass; declaration or literal call spelling alone is not effect evidence.,,crates/perry-runtime/src/bigint/convert.rs:60,crates/perry-codegen/src/runtime_decls/strings.rs:1351,crates/perry-codegen/src/expr/binary.rs:941;crates/perry-codegen/src/native_value/materialize.rs:257,1,2,,,,13,13,36,13,13,36,13,0,0
js_blob_new,unreviewed,Unknown,unclear,unclear,unclear,unclear,Not transitively audited in this finite first pass; declaration or literal call spelling alone is not effect evidence.,,crates/perry-runtime/src/stdlib_stubs.rs:183,crates/perry-codegen/src/runtime_decls/strings_part2.rs:1084,crates/perry-codegen/src/lower_call/builtin.rs:1290,1,1,,,,5,5,9,5,5,9,5,0,0
js_bool_box_alloc,reviewed,CannotCollect,may allocate,no,no,no,Uses std::alloc::alloc for raw fixed-size non-Perry cells and native TLS registry insertion; optional JSValue root barrier only marks/enqueues. No MALLOC_STATE object allocation or generated JS invocation.,"box.rs:669-783; gc_call_effects.rs:213-250 (existing audit authority, corroborated allocation body)",crates/perry-runtime/src/box.rs:752,crates/perry-codegen/src/runtime_decls/strings.rs:1096,crates/perry-codegen/src/stmt/mod.rs:698,1,1,,,,6686,0,0,6686,0,0,6686,0,0
js_bool_box_release,unreviewed,CannotCollect,unclear,unclear,unclear,unclear,Not transitively audited in this finite first pass; declaration or literal call spelling alone is not effect evidence.,,crates/perry-runtime/src/box.rs:887,crates/perry-codegen/src/runtime_decls/strings.rs:1095,,1,0,,,,12760,0,0,12760,0,0,12760,0,0
js_box_alloc_bits,reviewed,CannotCollect,may allocate,no,no,no,Uses std::alloc::alloc for raw fixed-size non-Perry cells and native TLS registry insertion; optional JSValue root barrier only marks/enqueues. No MALLOC_STATE object allocation or generated JS invocation.,"box.rs:669-783; gc_call_effects.rs:213-250 (existing audit authority, corroborated allocation body)",crates/perry-runtime/src/box.rs:669,crates/perry-codegen/src/function/precise_roots.rs:331;crates/perry-codegen/src/runtime_decls/strings.rs:1080,crates/perry-codegen/src/codegen/arguments.rs:45;crates/perry-codegen/src/function/precise_roots.rs:350;crates/perry-codegen/src/lower_call/new_ctor_args.rs:93;crates/perry-codegen/src/stmt/let_stmt.rs:1259;crates/perry-codegen/src/stmt/mod.rs:716,2,5,,,,56618,558,1788,56618,558,1788,56621,0,0
js_box_capture_cell_ptr,unreviewed,Unknown,unclear,unclear,unclear,unclear,Not transitively audited in this finite first pass; declaration or literal call spelling alone is not effect evidence.,,crates/perry-runtime/src/box.rs:1077,crates/perry-codegen/src/runtime_decls/strings.rs:1362,crates/perry-codegen/src/codegen/closure.rs:1041,1,1,,,,8709,8707,26500,8709,8707,26503,8709,0,0
js_box_get_bits,reviewed,Unknown,may allocate,may,may,unwinds,TDZ path creates message string and ReferenceError then js_throw. Read wrapper/trusted registry premise does not remove TDZ. NONCOLLECTING inventory is not proof; current direct effect correctly stays Unknown.,box.rs:972-1102; error.rs:1088-1098,crates/perry-runtime/src/box.rs:972,crates/perry-codegen/src/runtime_decls/strings.rs:1081,crates/perry-codegen/src/codegen/helpers.rs:1823;crates/perry-codegen/src/expr/i32_fast_path.rs:1584;crates/perry-codegen/src/lower_string_concat.rs:64;crates/perry-codegen/src/lower_string_concat.rs:77,1,4,,,,149761,144020,638225,149933,144190,638717,149999,0,0
js_box_get_bits_named,reviewed,Unknown,may allocate,may,may,unwinds,TDZ path creates message string and ReferenceError then js_throw. Read wrapper/trusted registry premise does not remove TDZ. NONCOLLECTING inventory is not proof; current direct effect correctly stays Unknown.,box.rs:972-1102; error.rs:1088-1098,crates/perry-runtime/src/box.rs:979,crates/perry-codegen/src/runtime_decls/strings.rs:1082,,1,0,,,,719,695,4603,721,697,4607,721,0,0
js_box_get_bits_trusted,reviewed,Unknown,may allocate,may,may,unwinds,TDZ path creates message string and ReferenceError then js_throw. Read wrapper/trusted registry premise does not remove TDZ. NONCOLLECTING inventory is not proof; current direct effect correctly stays Unknown.,box.rs:972-1102; error.rs:1088-1098,crates/perry-runtime/src/box.rs:1087,crates/perry-codegen/src/runtime_decls/strings.rs:1084,,1,0,,,,23849,23846,90763,23851,23848,90798,23923,0,0
js_box_get_bits_trusted_named,reviewed,Unknown,may allocate,may,may,unwinds,TDZ path creates message string and ReferenceError then js_throw. Read wrapper/trusted registry premise does not remove TDZ. NONCOLLECTING inventory is not proof; current direct effect correctly stays Unknown.,box.rs:972-1102; error.rs:1088-1098,crates/perry-runtime/src/box.rs:1096,crates/perry-codegen/src/runtime_decls/strings.rs:1085,,1,0,,,,361,361,1040,361,361,1040,361,0,0
js_box_release,unreviewed,CannotCollect,unclear,unclear,unclear,unclear,Not transitively audited in this finite first pass; declaration or literal call spelling alone is not effect evidence.,,crates/perry-runtime/src/box.rs:801,crates/perry-codegen/src/runtime_decls/strings.rs:1093,,1,0,,,,74584,0,0,74584,0,0,74584,0,0
js_box_set,unreviewed,Unknown,unclear,unclear,unclear,unclear,Not transitively audited in this finite first pass; declaration or literal call spelling alone is not effect evidence.,,crates/perry-runtime/src/box.rs:1241,crates/perry-codegen/src/runtime_decls/strings.rs:1089,crates/perry-codegen/src/lower_call/capture_writeback.rs:120,1,1,,,,4,4,12,4,4,12,4,0,0
js_box_set_bits,unreviewed,CannotCollect,unclear,unclear,unclear,unclear,Not transitively audited in this finite first pass; declaration or literal call spelling alone is not effect evidence.,,crates/perry-runtime/src/box.rs:1195,crates/perry-codegen/src/function/precise_roots.rs:332;crates/perry-codegen/src/runtime_decls/strings.rs:1083,crates/perry-codegen/src/expr/array_push.rs:390;crates/perry-codegen/src/expr/array_push.rs:400;crates/perry-codegen/src/expr/instance_misc1.rs:151;crates/perry-codegen/src/expr/instance_misc1.rs:166;crates/perry-codegen/src/expr/literals_vars.rs:851;crates/perry-codegen/src/expr/literals_vars.rs:1110;crates/perry-codegen/src/function/precise_roots.rs:351;crates/perry-codegen/src/lower_array_method.rs:86;crates/perry-codegen/src/lower_array_method.rs:93;crates/perry-codegen/src/lower_string_concat.rs:94;crates/perry-codegen/src/lower_string_concat.rs:112;crates/perry-codegen/src/stmt/let_stmt.rs:406;crates/perry-codegen/src/stmt/let_stmt.rs:1236;crates/perry-codegen/src/stmt/let_stmt.rs:1250;crates/perry-codegen/src/stmt/let_stmt.rs:1297,2,15,,,,85284,51564,168500,85496,51564,168500,85580,0,0
js_boxed_string_new,unreviewed,Unknown,unclear,unclear,unclear,unclear,Not transitively audited in this finite first pass; declaration or literal call spelling alone is not effect evidence.,,crates/perry-runtime/src/builtins/formatting/boxed_primitives.rs:325,crates/perry-codegen/src/runtime_decls/strings.rs:837,crates/perry-codegen/src/expr/arrays_finds.rs:448,1,1,,,,1,1,2,1,1,2,1,0,0
js_btoa,unreviewed,Unknown,unclear,unclear,unclear,unclear,Not transitively audited in this finite first pass; declaration or literal call spelling alone is not effect evidence.,,crates/perry-runtime/src/string/base64_codec.rs:73,crates/perry-codegen/src/runtime_decls/strings_part2.rs:436,crates/perry-codegen/src/expr/string_regex_proc.rs:298,1,1,,,,8,8,20,8,8,20,8,0,0
js_buffer_alloc,unreviewed,Unknown,unclear,unclear,unclear,unclear,Not transitively audited in this finite first pass; declaration or literal call spelling alone is not effect evidence.,,crates/perry-runtime/src/buffer/from.rs:999,crates/perry-codegen/src/runtime_decls/strings_part2.rs:677,crates/perry-codegen/src/expr/env_clones.rs:370,1,1,,,,51,51,156,51,51,156,51,0,0
js_buffer_alloc_fill_value,unreviewed,Unknown,unclear,unclear,unclear,unclear,Not transitively audited in this finite first pass; declaration or literal call spelling alone is not effect evidence.,,crates/perry-runtime/src/buffer/from.rs:1014,crates/perry-codegen/src/runtime_decls/strings_part2.rs:678,crates/perry-codegen/src/expr/env_clones.rs:363,1,1,,,,1,1,2,1,1,2,1,0,0
js_buffer_alloc_unsafe,unreviewed,Unknown,unclear,unclear,unclear,unclear,Not transitively audited in this finite first pass; declaration or literal call spelling alone is not effect evidence.,,crates/perry-runtime/src/buffer/from.rs:1218,crates/perry-codegen/src/runtime_decls/stdlib_ffi/third_party.rs:243,crates/perry-codegen/src/expr/env_clones.rs:296,1,1,,,,48,48,187,48,48,187,48,0,0
js_buffer_byte_length_value,unreviewed,Unknown,unclear,unclear,unclear,unclear,Not transitively audited in this finite first pass; declaration or literal call spelling alone is not effect evidence.,,crates/perry-runtime/src/buffer/query.rs:251,crates/perry-codegen/src/runtime_decls/stdlib_ffi/third_party.rs:245,crates/perry-codegen/src/expr/env_clones.rs:313,1,1,,,,45,45,184,45,45,184,45,0,0
js_buffer_concat,unreviewed,Unknown,unclear,unclear,unclear,unclear,Not transitively audited in this finite first pass; declaration or literal call spelling alone is not effect evidence.,,crates/perry-runtime/src/buffer/from.rs:1345,crates/perry-codegen/src/runtime_decls/stdlib_ffi/third_party.rs:246,crates/perry-codegen/src/expr/array_methods.rs:191,1,1,,,,57,57,106,57,57,106,57,0,0
js_buffer_concat_with_length,unreviewed,Unknown,unclear,unclear,unclear,unclear,Not transitively audited in this finite first pass; declaration or literal call spelling alone is not effect evidence.,,crates/perry-runtime/src/buffer/from.rs:1351,crates/perry-codegen/src/runtime_decls/stdlib_ffi/third_party.rs:247,crates/perry-codegen/src/expr/array_methods.rs:203,1,1,,,,9,9,24,9,9,24,9,0,0
js_buffer_from_arraybuffer_slice,unreviewed,Unknown,unclear,unclear,unclear,unclear,Not transitively audited in this finite first pass; declaration or literal call spelling alone is not effect evidence.,,crates/perry-runtime/src/buffer/from.rs:435,crates/perry-codegen/src/runtime_decls/strings_part2.rs:828,crates/perry-codegen/src/expr/env_clones.rs:278,1,1,,,,10,10,60,10,10,60,10,0,0
js_buffer_from_value,unreviewed,Unknown,unclear,unclear,unclear,unclear,Not transitively audited in this finite first pass; declaration or literal call spelling alone is not effect evidence.,,crates/perry-runtime/src/buffer/from.rs:297,crates/perry-codegen/src/runtime_decls/stdlib_ffi/third_party.rs:254,crates/perry-codegen/src/expr/env_clones.rs:255,1,1,,,,217,216,645,217,216,645,222,0,0
js_buffer_is_encoding,unreviewed,Unknown,unclear,unclear,unclear,unclear,Not transitively audited in this finite first pass; declaration or literal call spelling alone is not effect evidence.,,crates/perry-runtime/src/buffer/query.rs:122,crates/perry-codegen/src/runtime_decls/stdlib_ffi/third_party.rs:258,crates/perry-codegen/src/expr/array_methods.rs:287,1,1,,,,2,2,6,2,2,6,2,0,0
js_buffer_is_node_buffer,unreviewed,Unknown,unclear,unclear,unclear,unclear,Not transitively audited in this finite first pass; declaration or literal call spelling alone is not effect evidence.,,crates/perry-runtime/src/buffer/query.rs:100,crates/perry-codegen/src/runtime_decls/stdlib_ffi/third_party.rs:257,crates/perry-codegen/src/expr/array_methods.rs:279,1,1,,,,45,45,141,45,45,141,47,0,0
js_buffer_validate_concat_list,unreviewed,Unknown,unclear,unclear,unclear,unclear,Not transitively audited in this finite first pass; declaration or literal call spelling alone is not effect evidence.,,crates/perry-runtime/src/buffer/validate.rs:115,crates/perry-codegen/src/runtime_decls/stdlib_ffi/third_party.rs:250,crates/perry-codegen/src/expr/array_methods.rs:190;crates/perry-codegen/src/expr/array_methods.rs:202,1,2,,,,66,66,131,66,66,131,66,0,0
js_buffer_validate_size,unreviewed,Unknown,unclear,unclear,unclear,unclear,Not transitively audited in this finite first pass; declaration or literal call spelling alone is not effect evidence.,,crates/perry-runtime/src/buffer/validate.rs:69,crates/perry-codegen/src/runtime_decls/stdlib_ffi/third_party.rs:249,crates/perry-codegen/src/expr/env_clones.rs:295;crates/perry-codegen/src/expr/env_clones.rs:335,1,2,,,,100,100,345,100,100,345,100,0,0
js_build_class_keys_array,unreviewed,Unknown,unclear,unclear,unclear,unclear,Not transitively audited in this finite first pass; declaration or literal call spelling alone is not effect evidence.,,crates/perry-runtime/src/object/alloc.rs:425,crates/perry-codegen/src/runtime_decls/strings.rs:1141,crates/perry-codegen/src/codegen/string_pool.rs:552,1,1,,,,17957,0,0,17957,0,0,17957,0,0
js_bun_ffi_has_active_threadsafe_callbacks,unreviewed,Unknown,unclear,unclear,unclear,unclear,Not transitively audited in this finite first pass; declaration or literal call spelling alone is not effect evidence.,,crates/perry-runtime/src/bun_ffi/callback.rs:684,crates/perry-codegen/src/runtime_decls/strings_part2.rs:787,crates/perry-codegen/src/codegen/entry.rs:230;crates/perry-codegen/src/expr/fs_await.rs:244,1,2,,,,339,291,612,339,291,612,339,0,0
js_callback_timer_has_pending,unreviewed,Unknown,unclear,unclear,unclear,unclear,Not transitively audited in this finite first pass; declaration or literal call spelling alone is not effect evidence.,,crates/perry-runtime/src/timer.rs:1428,crates/perry-codegen/src/runtime_decls/strings_part2.rs:782,crates/perry-codegen/src/codegen/entry.rs:212;crates/perry-codegen/src/expr/fs_await.rs:239,1,2,,,,339,291,612,339,291,612,339,0,0
js_canonical_common_handle_value,unreviewed,Unknown,unclear,unclear,unclear,unclear,Not transitively audited in this finite first pass; declaration or literal call spelling alone is not effect evidence.,,crates/perry-runtime/src/native_handle.rs:435,crates/perry-codegen/src/runtime_decls/mod.rs:158,crates/perry-codegen/src/expr/env_clones.rs:189;crates/perry-codegen/src/lower_call/builtin.rs:143;crates/perry-codegen/src/lower_call/builtin.rs:415;crates/perry-codegen/src/lower_call/builtin.rs:432;crates/perry-codegen/src/lower_call/builtin.rs:456;crates/perry-codegen/src/lower_call/builtin.rs:468;crates/perry-codegen/src/lower_call/builtin.rs:479;crates/perry-codegen/src/lower_call/builtin.rs:634;crates/perry-codegen/src/lower_call/builtin.rs:679;crates/perry-codegen/src/lower_call/builtin.rs:705;crates/perry-codegen/src/lower_call/builtin.rs:724;crates/perry-codegen/src/lower_call/builtin.rs:751;crates/perry-codegen/src/lower_call/builtin.rs:772;crates/perry-codegen/src/lower_call/builtin.rs:800;crates/perry-codegen/src/lower_call/builtin.rs:861;crates/perry-codegen/src/lower_call/builtin.rs:885;crates/perry-codegen/src/lower_call/builtin.rs:909;crates/perry-codegen/src/lower_call/builtin.rs:979;crates/perry-codegen/src/lower_call/builtin.rs:997;crates/perry-codegen/src/lower_call/builtin.rs:1111;crates/perry-codegen/src/lower_call/builtin.rs:1884;crates/perry-codegen/src/lower_call/builtin.rs:1917;crates/perry-codegen/src/lower_call/native_module_dispatch.rs:227,1,23,,,,66,64,115,66,64,115,66,0,0
js_canonical_handle_id_from_addr,unreviewed,Unknown,unclear,unclear,unclear,unclear,Not transitively audited in this finite first pass; declaration or literal call spelling alone is not effect evidence.,,crates/perry-runtime/src/native_handle.rs:427,crates/perry-codegen/src/runtime_decls/mod.rs:157,crates/perry-codegen/src/lower_call/native_module_dispatch.rs:96,1,1,,,,48,48,85,48,48,85,48,0,0
js_child_process_exec,unreviewed,Unknown,unclear,unclear,unclear,unclear,Not transitively audited in this finite first pass; declaration or literal call spelling alone is not effect evidence.,,crates/perry-runtime/src/child_process/exec.rs:227,crates/perry-codegen/src/runtime_decls/stdlib_ffi/third_party.rs:279,crates/perry-codegen/src/expr/child_proc.rs:407,1,1,,,,2,2,4,2,2,4,2,0,0
js_child_process_exec_file,unreviewed,Unknown,unclear,unclear,unclear,unclear,Not transitively audited in this finite first pass; declaration or literal call spelling alone is not effect evidence.,,crates/perry-runtime/src/child_process/exec.rs:324,crates/perry-codegen/src/runtime_decls/stdlib_ffi/third_party.rs:297,crates/perry-codegen/src/expr/child_proc.rs:446,1,1,,,,7,7,5,7,7,5,7,0,0
js_child_process_exec_file_sync,unreviewed,Unknown,unclear,unclear,unclear,unclear,Not transitively audited in this finite first pass; declaration or literal call spelling alone is not effect evidence.,,crates/perry-runtime/src/child_process/exec.rs:396,crates/perry-codegen/src/runtime_decls/stdlib_ffi/third_party.rs:304,crates/perry-codegen/src/expr/child_proc.rs:482,1,1,,,,6,6,2,6,6,2,6,0,0
js_child_process_exec_sync,unreviewed,Unknown,unclear,unclear,unclear,unclear,Not transitively audited in this finite first pass; declaration or literal call spelling alone is not effect evidence.,,crates/perry-runtime/src/child_process/exec.rs:24,crates/perry-codegen/src/runtime_decls/stdlib_ffi/third_party.rs:275,crates/perry-codegen/src/expr/child_proc.rs:249,1,1,,,,2,2,2,2,2,2,2,0,0
js_child_process_spawn_streams,unreviewed,Unknown,unclear,unclear,unclear,unclear,Not transitively audited in this finite first pass; declaration or literal call spelling alone is not effect evidence.,,crates/perry-runtime/src/child_process/reactor.rs:1024,crates/perry-codegen/src/runtime_decls/stdlib_ffi/third_party.rs:289,crates/perry-codegen/src/expr/child_proc.rs:332,1,1,,,,22,22,54,22,22,54,22,0,0
js_child_process_spawn_sync,unreviewed,Unknown,unclear,unclear,unclear,unclear,Not transitively audited in this finite first pass; declaration or literal call spelling alone is not effect evidence.,,crates/perry-runtime/src/child_process/exec.rs:81,crates/perry-codegen/src/runtime_decls/stdlib_ffi/third_party.rs:287,crates/perry-codegen/src/expr/child_proc.rs:270,1,1,,,,27,27,74,27,27,74,35,0,0
js_child_process_validate_args,unreviewed,Unknown,unclear,unclear,unclear,unclear,Not transitively audited in this finite first pass; declaration or literal call spelling alone is not effect evidence.,,crates/perry-runtime/src/child_process/validate.rs:447,crates/perry-codegen/src/runtime_decls/stdlib_ffi/third_party.rs:319,crates/perry-codegen/src/expr/child_proc.rs:168,1,1,,,,13,13,34,13,13,34,13,0,0
js_child_process_validate_command,unreviewed,Unknown,unclear,unclear,unclear,unclear,Not transitively audited in this finite first pass; declaration or literal call spelling alone is not effect evidence.,,crates/perry-runtime/src/child_process/validate.rs:406,crates/perry-codegen/src/runtime_decls/stdlib_ffi/third_party.rs:314,crates/perry-codegen/src/expr/child_proc.rs:140,1,1,,,,66,66,238,66,66,238,74,0,0
js_child_process_validate_options,unreviewed,Unknown,unclear,unclear,unclear,unclear,Not transitively audited in this finite first pass; declaration or literal call spelling alone is not effect evidence.,,crates/perry-runtime/src/child_process/validate.rs:470,crates/perry-codegen/src/runtime_decls/stdlib_ffi/third_party.rs:320,crates/perry-codegen/src/expr/child_proc.rs:179,1,1,,,,45,45,180,45,45,180,53,0,0
js_child_process_validate_spawn_args,unreviewed,Unknown,unclear,unclear,unclear,unclear,Not transitively audited in this finite first pass; declaration or literal call spelling alone is not effect evidence.,,crates/perry-runtime/src/child_process/validate.rs:455,crates/perry-codegen/src/runtime_decls/stdlib_ffi/third_party.rs:326,crates/perry-codegen/src/expr/child_proc.rs:192,1,1,,,,49,49,194,49,49,194,57,0,0
js_class_capture_value_for_receiver,unreviewed,Unknown,unclear,unclear,unclear,unclear,Not transitively audited in this finite first pass; declaration or literal call spelling alone is not effect evidence.,,crates/perry-runtime/src/object/class_constructors.rs:53,crates/perry-codegen/src/runtime_decls/strings.rs:1458,crates/perry-codegen/src/expr/static_field_meta.rs:288,1,1,,,,585,585,2212,585,585,2212,585,0,0
js_class_capture_value_or,unreviewed,Unknown,unclear,unclear,unclear,unclear,Not transitively audited in this finite first pass; declaration or literal call spelling alone is not effect evidence.,,crates/perry-runtime/src/object/class_constructors.rs:286,crates/perry-codegen/src/runtime_decls/strings.rs:1465,crates/perry-codegen/src/expr/static_field_meta.rs:273;crates/perry-codegen/src/lower_call/new_ctor_args.rs:242,1,2,,,,636,636,4659,636,636,4659,636,0,0
js_class_computed_field_key,unreviewed,Unknown,unclear,unclear,unclear,unclear,Not transitively audited in this finite first pass; declaration or literal call spelling alone is not effect evidence.,,crates/perry-runtime/src/object/class_registry/prototype_methods.rs:56,crates/perry-codegen/src/runtime_decls/strings.rs:464,crates/perry-codegen/src/lower_call/field_init.rs:990,1,1,,,,24,24,91,24,24,91,24,0,0
js_class_field_add,unreviewed,Unknown,unclear,unclear,unclear,unclear,Not transitively audited in this finite first pass; declaration or literal call spelling alone is not effect evidence.,,crates/perry-runtime/src/object/field_get_set/ic_miss.rs:1561,crates/perry-codegen/src/runtime_decls/strings.rs:463,crates/perry-codegen/src/lower_call/field_init.rs:904;crates/perry-codegen/src/lower_call/field_init.rs:958;crates/perry-codegen/src/lower_call/field_init.rs:1000,1,3,,,,767,767,4920,767,767,4920,767,0,0
js_class_field_get_ic,unreviewed,Unknown,unclear,unclear,unclear,unclear,Not transitively audited in this finite first pass; declaration or literal call spelling alone is not effect evidence.,,crates/perry-runtime/src/typed_feedback/guards.rs:798,crates/perry-codegen/src/runtime_decls/objects.rs:210,crates/perry-codegen/src/expr/property_get.rs:1648,1,1,,,,30347,30206,96383,30344,30203,96385,30348,0,0
js_class_field_set_fallback,unreviewed,Unknown,unclear,unclear,unclear,unclear,Not transitively audited in this finite first pass; declaration or literal call spelling alone is not effect evidence.,,crates/perry-runtime/src/typed_feedback/guards.rs:690,crates/perry-codegen/src/runtime_decls/objects.rs:187,crates/perry-codegen/src/expr/property_set.rs:1036;crates/perry-codegen/src/expr/property_set.rs:1466,1,2,,,,1,1,0,1,1,0,1,0,0
js_class_field_set_ic,unreviewed,Unknown,unclear,unclear,unclear,unclear,Not transitively audited in this finite first pass; declaration or literal call spelling alone is not effect evidence.,,crates/perry-runtime/src/typed_feedback/guards.rs:728,crates/perry-codegen/src/runtime_decls/objects.rs:196,crates/perry-codegen/src/expr/property_set.rs:1172,1,1,,,,65304,63164,544223,65303,63163,544222,65303,0,0
js_class_lexical_binding_get,unreviewed,Unknown,unclear,unclear,unclear,unclear,Not transitively audited in this finite first pass; declaration or literal call spelling alone is not effect evidence.,,crates/perry-runtime/src/object/class_registry/prototype_methods.rs:11,crates/perry-codegen/src/runtime_decls/stdlib_ffi/language_core.rs:384,,1,0,,,,8,8,22,8,8,22,8,0,0
js_class_lexical_binding_set,unreviewed,Unknown,unclear,unclear,unclear,unclear,Not transitively audited in this finite first pass; declaration or literal call spelling alone is not effect evidence.,,crates/perry-runtime/src/object/class_registry/prototype_methods.rs:19,crates/perry-codegen/src/runtime_decls/stdlib_ffi/language_core.rs:385,,1,0,,,,1,1,0,1,1,0,1,0,0
js_class_method_snapshot_bind,unreviewed,Unknown,unclear,unclear,unclear,unclear,Not transitively audited in this finite first pass; declaration or literal call spelling alone is not effect evidence.,,crates/perry-runtime/src/object/native_module.rs:1411,crates/perry-codegen/src/runtime_decls/stdlib_ffi/language_core.rs:382,crates/perry-codegen/src/expr/property_get/helpers.rs:71,1,1,,,,140,140,720,140,140,720,140,0,0
js_class_object_pin_parent,unreviewed,Unknown,unclear,unclear,unclear,unclear,Not transitively audited in this finite first pass; declaration or literal call spelling alone is not effect evidence.,,crates/perry-runtime/src/object/class_registry/parent_static.rs:316,crates/perry-codegen/src/runtime_decls/objects.rs:91,crates/perry-codegen/src/expr/static_field_meta.rs:476,1,1,,,,972,865,7437,972,865,7437,972,0,0
js_class_object_refresh_capture_values,unreviewed,Unknown,unclear,unclear,unclear,unclear,Not transitively audited in this finite first pass; declaration or literal call spelling alone is not effect evidence.,,crates/perry-runtime/src/object/class_constructors.rs:26,crates/perry-codegen/src/runtime_decls/strings.rs:1445,crates/perry-codegen/src/expr/static_field_meta.rs:225,1,1,,,,315,304,2338,315,304,2338,315,0,0
js_class_register_capture_values,unreviewed,Unknown,unclear,unclear,unclear,unclear,Not transitively audited in this finite first pass; declaration or literal call spelling alone is not effect evidence.,,crates/perry-runtime/src/object/class_constructors.rs:214,crates/perry-codegen/src/runtime_decls/strings.rs:1444,crates/perry-codegen/src/expr/static_field_meta.rs:180,1,1,,,,3062,3047,16274,3062,3047,16274,3062,0,0
js_class_register_static_field,unreviewed,Unknown,unclear,unclear,unclear,unclear,Not transitively audited in this finite first pass; declaration or literal call spelling alone is not effect evidence.,,crates/perry-runtime/src/object/class_registry/prototype_methods.rs:35,crates/perry-codegen/src/runtime_decls/strings_part2.rs:252,crates/perry-codegen/src/codegen/static_fields.rs:168;crates/perry-codegen/src/codegen/static_fields.rs:294;crates/perry-codegen/src/expr/member_update.rs:135;crates/perry-codegen/src/expr/static_field_meta.rs:97,1,4,,,,52,52,418,52,52,418,52,0,0
js_class_static_method_call,unreviewed,Unknown,unclear,unclear,unclear,unclear,Not transitively audited in this finite first pass; declaration or literal call spelling alone is not effect evidence.,,crates/perry-runtime/src/object/class_registry/parent_static.rs:1545,crates/perry-codegen/src/runtime_decls/stdlib_ffi/language_core.rs:373,crates/perry-codegen/src/lower_call/property_get/dynamic_dispatch.rs:644;crates/perry-codegen/src/lower_call/property_get/static_dispatch.rs:417,1,2,,,,1,1,0,1,1,0,1,0,0
js_clear_exception,unreviewed,Unknown,unclear,unclear,unclear,unclear,Not transitively audited in this finite first pass; declaration or literal call spelling alone is not effect evidence.,,crates/perry-runtime/src/exception.rs:579,crates/perry-codegen/src/runtime_decls/strings_part2.rs:766,crates/perry-codegen/src/stmt/mod.rs:135;crates/perry-codegen/src/stmt/try_stmt.rs:144,1,2,,,,16183,15928,30446,16181,15926,30449,16238,0,0
js_clear_immediate_value,unreviewed,Unknown,unclear,unclear,unclear,unclear,Not transitively audited in this finite first pass; declaration or literal call spelling alone is not effect evidence.,,crates/perry-runtime/src/timer.rs:1583,crates/perry-codegen/src/runtime_decls/strings_part2.rs:826,crates/perry-codegen/src/lower_call/extern_timers.rs:305,1,1,,,,4,4,1,4,4,1,4,0,0
js_clear_interval_value,unreviewed,Unknown,unclear,unclear,unclear,unclear,Not transitively audited in this finite first pass; declaration or literal call spelling alone is not effect evidence.,,crates/perry-runtime/src/timer.rs:1575,crates/perry-codegen/src/runtime_decls/strings_part2.rs:825,crates/perry-codegen/src/lower_call/extern_timers.rs:297,1,1,,,,79,74,112,79,74,112,79,0,0
js_clear_timeout_value,unreviewed,Unknown,unclear,unclear,unclear,unclear,Not transitively audited in this finite first pass; declaration or literal call spelling alone is not effect evidence.,,crates/perry-runtime/src/timer.rs:1567,crates/perry-codegen/src/runtime_decls/strings_part2.rs:824,crates/perry-codegen/src/lower_call/extern_timers.rs:289,1,1,,,,344,338,577,344,338,577,344,0,0
js_closure_alloc,unreviewed,Unknown,unclear,unclear,unclear,unclear,Not transitively audited in this finite first pass; declaration or literal call spelling alone is not effect evidence.,,crates/perry-runtime/src/closure/alloc.rs:420,crates/perry-codegen/src/runtime_decls/strings.rs:198,crates/perry-codegen/src/expr/closure.rs:415,1,1,,,,32429,31229,411902,32438,31238,412229,32461,0,0
js_closure_alloc_init,unreviewed,Unknown,unclear,unclear,unclear,unclear,Not transitively audited in this finite first pass; declaration or literal call spelling alone is not effect evidence.,,crates/perry-runtime/src/closure/alloc.rs:302,crates/perry-codegen/src/runtime_decls/strings.rs:199,crates/perry-codegen/src/expr/closure.rs:408,1,1,,,,14859,14558,92573,14855,14554,92574,14873,0,0
js_closure_alloc_singleton,unreviewed,AllocNoReentry,unclear,unclear,unclear,unclear,Not transitively audited in this finite first pass; declaration or literal call spelling alone is not effect evidence.,,crates/perry-runtime/src/closure/alloc.rs:470,crates/perry-codegen/src/module.rs:1813;crates/perry-codegen/src/runtime_decls/strings.rs:204,crates/perry-codegen/src/codegen/arguments.rs:90;crates/perry-codegen/src/codegen/entry.rs:261;crates/perry-codegen/src/codegen/helpers.rs:1445;crates/perry-codegen/src/codegen/helpers.rs:1454;crates/perry-codegen/src/codegen/helpers.rs:1492;crates/perry-codegen/src/expr/arrays_finds.rs:683;crates/perry-codegen/src/expr/closure.rs:355;crates/perry-codegen/src/expr/dyn_extern_i18n.rs:926;crates/perry-codegen/src/expr/property_get.rs:1224;crates/perry-codegen/src/expr/super_method.rs:351;crates/perry-codegen/src/lower_call/func_ref.rs:1483;crates/perry-codegen/src/module.rs:1825,2,12,,,,10127,8207,97517,10137,8217,97573,10159,0,0
js_closure_alloc_with_captures_singleton,unreviewed,Unknown,unclear,unclear,unclear,unclear,Not transitively audited in this finite first pass; declaration or literal call spelling alone is not effect evidence.,,crates/perry-runtime/src/closure/alloc.rs:617,crates/perry-codegen/src/runtime_decls/strings.rs:208,crates/perry-codegen/src/expr/closure.rs:382,1,1,,,,364,364,0,364,364,0,364,0,0
js_closure_call0,unreviewed,Unknown,unclear,unclear,unclear,unclear,Not transitively audited in this finite first pass; declaration or literal call spelling alone is not effect evidence.,,crates/perry-runtime/src/closure/dispatch/calln.rs:15;crates/perry-runtime/src/closure/dispatch/calln.rs:26,crates/perry-codegen/src/runtime_decls/strings.rs:264,,1,0,,,,26359,26237,70783,26369,26247,70852,26484,0,0
js_closure_call1,unreviewed,Unknown,unclear,unclear,unclear,unclear,Not transitively audited in this finite first pass; declaration or literal call spelling alone is not effect evidence.,,crates/perry-runtime/src/closure/dispatch/calln.rs:66,crates/perry-codegen/src/runtime_decls/strings.rs:265,,1,0,,,,11177,11099,40980,11180,11102,40983,11418,0,0
js_closure_call10,unreviewed,Unknown,unclear,unclear,unclear,unclear,Not transitively audited in this finite first pass; declaration or literal call spelling alone is not effect evidence.,,crates/perry-runtime/src/closure/dispatch/calln.rs:475,crates/perry-codegen/src/runtime_decls/strings.rs:304,,1,0,,,,2,2,32,2,2,32,2,0,0
js_closure_call11,unreviewed,Unknown,unclear,unclear,unclear,unclear,Not transitively audited in this finite first pass; declaration or literal call spelling alone is not effect evidence.,,crates/perry-runtime/src/closure/dispatch/calln.rs:523,crates/perry-codegen/src/runtime_decls/strings.rs:311,,1,0,,,,3,3,37,3,3,37,3,0,0
js_closure_call12,unreviewed,Unknown,unclear,unclear,unclear,unclear,Not transitively audited in this finite first pass; declaration or literal call spelling alone is not effect evidence.,,crates/perry-runtime/src/closure/dispatch/calln.rs:579,crates/perry-codegen/src/runtime_decls/strings.rs:319,,1,0,,,,2,2,4,2,2,4,2,0,0
js_closure_call14,unreviewed,Unknown,unclear,unclear,unclear,unclear,Not transitively audited in this finite first pass; declaration or literal call spelling alone is not effect evidence.,,crates/perry-runtime/src/closure/dispatch/calln.rs:697,crates/perry-codegen/src/runtime_decls/strings.rs:335,,1,0,,,,1,1,3,1,1,3,1,0,0
js_closure_call1_receiverless,unreviewed,Unknown,unclear,unclear,unclear,unclear,Not transitively audited in this finite first pass; declaration or literal call spelling alone is not effect evidence.,,crates/perry-runtime/src/closure/dispatch/calln.rs:107;crates/perry-runtime/src/closure/dispatch/calln.rs:113,crates/perry-codegen/src/runtime_decls/strings.rs:266,,1,0,,,,17205,16889,73817,17207,16891,73829,17234,0,0
js_closure_call2,unreviewed,Unknown,unclear,unclear,unclear,unclear,Not transitively audited in this finite first pass; declaration or literal call spelling alone is not effect evidence.,,crates/perry-runtime/src/closure/dispatch/calln.rs:144,crates/perry-codegen/src/runtime_decls/strings.rs:267,,1,0,,,,10231,10226,30846,10231,10226,30848,10327,0,0
js_closure_call3,unreviewed,Unknown,unclear,unclear,unclear,unclear,Not transitively audited in this finite first pass; declaration or literal call spelling alone is not effect evidence.,,crates/perry-runtime/src/closure/dispatch/calln.rs:168,crates/perry-codegen/src/runtime_decls/strings.rs:268,,1,0,,,,2596,2556,12698,2606,2566,12735,2623,0,0
js_closure_call4,unreviewed,Unknown,unclear,unclear,unclear,unclear,Not transitively audited in this finite first pass; declaration or literal call spelling alone is not effect evidence.,,crates/perry-runtime/src/closure/dispatch/calln.rs:199,crates/perry-codegen/src/runtime_decls/strings.rs:270,,1,0,,,,935,935,4419,935,935,4422,941,0,0
js_closure_call5,unreviewed,Unknown,unclear,unclear,unclear,unclear,Not transitively audited in this finite first pass; declaration or literal call spelling alone is not effect evidence.,,crates/perry-runtime/src/closure/dispatch/calln.rs:239,crates/perry-codegen/src/runtime_decls/strings.rs:275,,1,0,,,,220,220,879,220,220,879,221,0,0
js_closure_call6,unreviewed,Unknown,unclear,unclear,unclear,unclear,Not transitively audited in this finite first pass; declaration or literal call spelling alone is not effect evidence.,,crates/perry-runtime/src/closure/dispatch/calln.rs:282,crates/perry-codegen/src/runtime_decls/strings.rs:280,,1,0,,,,84,84,414,84,84,414,84,0,0
js_closure_call7,unreviewed,Unknown,unclear,unclear,unclear,unclear,Not transitively audited in this finite first pass; declaration or literal call spelling alone is not effect evidence.,,crates/perry-runtime/src/closure/dispatch/calln.rs:364,crates/perry-codegen/src/runtime_decls/strings.rs:285,,1,0,,,,34,34,528,34,34,528,34,0,0
js_closure_call8,unreviewed,Unknown,unclear,unclear,unclear,unclear,Not transitively audited in this finite first pass; declaration or literal call spelling alone is not effect evidence.,,crates/perry-runtime/src/closure/dispatch/calln.rs:396,crates/perry-codegen/src/runtime_decls/strings.rs:290,,1,0,,,,22,21,97,22,21,97,22,0,0
js_closure_call9,unreviewed,Unknown,unclear,unclear,unclear,unclear,Not transitively audited in this finite first pass; declaration or literal call spelling alone is not effect evidence.,,crates/perry-runtime/src/closure/dispatch/calln.rs:429,crates/perry-codegen/src/runtime_decls/strings.rs:297,,1,0,,,,13,12,143,13,12,143,13,0,0
js_closure_call_apply_with_spread,unreviewed,Unknown,unclear,unclear,unclear,unclear,Not transitively audited in this finite first pass; declaration or literal call spelling alone is not effect evidence.,,crates/perry-runtime/src/closure/dispatch/value_call.rs:700,crates/perry-codegen/src/runtime_decls/stdlib_ffi/language_core.rs:113,crates/perry-codegen/src/expr/call_spread.rs:576,1,1,,,,95,95,609,95,95,609,95,0,0
js_closure_call_array,unreviewed,Unknown,unclear,unclear,unclear,unclear,Not transitively audited in this finite first pass; declaration or literal call spelling alone is not effect evidence.,,crates/perry-runtime/src/closure/dispatch/value_call.rs:429,crates/perry-codegen/src/runtime_decls/stdlib_ffi/language_core.rs:112,crates/perry-codegen/src/expr/static_method.rs:386;crates/perry-codegen/src/lower_call/console_promise.rs:1675;crates/perry-codegen/src/lower_call/namespace_call.rs:374,1,3,,,,1,1,3,1,1,3,1,0,0
js_closure_get_capture_bits,reviewed,CannotCollect,never allocates,no,no,no,"Complete body: null and bounded-index checks, mask two count flags, constant header-size pointer addition and one u64 slot load. No allocation, callback, coercion or throw on valid ClosureHeader ABI.","closure/alloc.rs:362-369,749-758; closure/registry.rs:1335-1337",crates/perry-runtime/src/closure/alloc.rs:749,crates/perry-codegen/src/function/precise_roots.rs:329;crates/perry-codegen/src/runtime_decls/strings.rs:215,crates/perry-codegen/src/codegen/closure.rs:219;crates/perry-codegen/src/codegen/closure.rs:260;crates/perry-codegen/src/codegen/closure.rs:752;crates/perry-codegen/src/codegen/closure.rs:776;crates/perry-codegen/src/expr/array_push.rs:384;crates/perry-codegen/src/expr/closure.rs:150;crates/perry-codegen/src/expr/instance_misc1.rs:145;crates/perry-codegen/src/expr/literals_vars.rs:821;crates/perry-codegen/src/expr/literals_vars.rs:1044;crates/perry-codegen/src/expr/literals_vars.rs:1062;crates/perry-codegen/src/expr/mod.rs:3181;crates/perry-codegen/src/function/precise_roots.rs:352;crates/perry-codegen/src/lower_array_method.rs:80;crates/perry-codegen/src/lower_string_concat.rs:71;crates/perry-codegen/src/lower_string_concat.rs:105,2,15,,,,277331,149470,445475,277408,149470,445475,281399,0,0
js_closure_resolve_arrow_direct_call,unreviewed,Unknown,unclear,unclear,unclear,unclear,Not transitively audited in this finite first pass; declaration or literal call spelling alone is not effect evidence.,,crates/perry-runtime/src/closure/dispatch/direct.rs:90,crates/perry-codegen/src/runtime_decls/strings.rs:269,crates/perry-codegen/src/codegen/helpers.rs:1840;crates/perry-codegen/src/codegen/method.rs:741,1,2,,,,247,247,789,247,247,789,247,0,0
js_closure_set_box_capture_ptr,unreviewed,CannotCollect,unclear,unclear,unclear,unclear,Not transitively audited in this finite first pass; declaration or literal call spelling alone is not effect evidence.,,crates/perry-runtime/src/closure/alloc.rs:783,crates/perry-codegen/src/runtime_decls/strings.rs:214,,1,0,,,,60229,4600,16295,60250,4600,16295,60255,0,0
js_closure_set_capture_bits,unreviewed,CannotCollect,unclear,unclear,unclear,unclear,Not transitively audited in this finite first pass; declaration or literal call spelling alone is not effect evidence.,,crates/perry-runtime/src/closure/alloc.rs:763,crates/perry-codegen/src/function/precise_roots.rs:330;crates/perry-codegen/src/runtime_decls/strings.rs:213,crates/perry-codegen/src/expr/array_push.rs:418;crates/perry-codegen/src/expr/closure.rs:502;crates/perry-codegen/src/expr/closure.rs:516;crates/perry-codegen/src/expr/instance_misc1.rs:155;crates/perry-codegen/src/expr/literals_vars.rs:834;crates/perry-codegen/src/expr/literals_vars.rs:1088;crates/perry-codegen/src/expr/object_literal.rs:541;crates/perry-codegen/src/expr/object_literal.rs:605;crates/perry-codegen/src/function/precise_roots.rs:357;crates/perry-codegen/src/lower_array_method.rs:104;crates/perry-codegen/src/lower_call/field_init.rs:871;crates/perry-codegen/src/lower_string_concat.rs:116,2,12,,,,70878,4506,16241,70880,4506,16241,70883,0,0
js_closure_unbox_callee_checked,unreviewed,Unknown,unclear,unclear,unclear,unclear,Not transitively audited in this finite first pass; declaration or literal call spelling alone is not effect evidence.,,crates/perry-runtime/src/closure/unbox.rs:30,crates/perry-codegen/src/runtime_decls/strings.rs:256,crates/perry-codegen/src/lower_call/console_promise.rs:1626,1,1,,,,57252,56786,195262,57278,56812,195413,57343,0,0
js_closure_unbox_callee_checked_rebind,unreviewed,Unknown,unclear,unclear,unclear,unclear,Not transitively audited in this finite first pass; declaration or literal call spelling alone is not effect evidence.,,crates/perry-runtime/src/closure/unbox.rs:56,crates/perry-codegen/src/runtime_decls/strings.rs:259,crates/perry-codegen/src/lower_call/console_promise.rs:1621,1,1,,,,938,938,4312,938,938,4312,938,0,0
js_console_debug_spread,unreviewed,Unknown,unclear,unclear,unclear,unclear,Not transitively audited in this finite first pass; declaration or literal call spelling alone is not effect evidence.,,crates/perry-runtime/src/builtins/console.rs:407,crates/perry-codegen/src/runtime_decls/strings.rs:815,,1,0,,,,1,1,0,1,1,0,1,0,0
js_console_dir_with_options,unreviewed,Unknown,unclear,unclear,unclear,unclear,Not transitively audited in this finite first pass; declaration or literal call spelling alone is not effect evidence.,,crates/perry-runtime/src/builtins/console.rs:1620,crates/perry-codegen/src/runtime_decls/mod.rs:132,crates/perry-codegen/src/lower_call/console_promise.rs:507,1,1,,,,4,4,17,4,4,17,4,0,0
js_console_error_spread,unreviewed,Unknown,unclear,unclear,unclear,unclear,Not transitively audited in this finite first pass; declaration or literal call spelling alone is not effect evidence.,,crates/perry-runtime/src/builtins/console.rs:419,crates/perry-codegen/src/runtime_decls/strings.rs:816,crates/perry-codegen/src/lower_call/console_promise.rs:270,1,1,,,,103,103,156,103,103,156,103,0,0
js_console_info_spread,unreviewed,Unknown,unclear,unclear,unclear,unclear,Not transitively audited in this finite first pass; declaration or literal call spelling alone is not effect evidence.,,crates/perry-runtime/src/builtins/console.rs:396,crates/perry-codegen/src/runtime_decls/strings.rs:814,,1,0,,,,2,2,3,2,2,3,2,0,0
js_console_log_spread,unreviewed,Unknown,unclear,unclear,unclear,unclear,Not transitively audited in this finite first pass; declaration or literal call spelling alone is not effect evidence.,,crates/perry-runtime/src/builtins/console.rs:385,crates/perry-codegen/src/runtime_decls/strings.rs:813,crates/perry-codegen/src/lower_call/console_promise.rs:256,1,1,,,,48,48,97,48,48,97,48,0,0
js_console_warn_spread,unreviewed,Unknown,unclear,unclear,unclear,unclear,Not transitively audited in this finite first pass; declaration or literal call spelling alone is not effect evidence.,,crates/perry-runtime/src/builtins/console.rs:431,crates/perry-codegen/src/runtime_decls/strings.rs:817,crates/perry-codegen/src/lower_call/console_promise.rs:263,1,1,,,,44,44,70,44,44,70,44,0,0
js_create_native_module_namespace,unreviewed,Unknown,unclear,unclear,unclear,unclear,Not transitively audited in this finite first pass; declaration or literal call spelling alone is not effect evidence.,,crates/perry-runtime/src/object/native_module.rs:578,crates/perry-codegen/src/runtime_decls/objects.rs:312,crates/perry-codegen/src/codegen/helpers.rs:1511;crates/perry-codegen/src/codegen/native_namespace_exports.rs:42;crates/perry-codegen/src/expr/dyn_extern_i18n.rs:47;crates/perry-codegen/src/expr/dyn_extern_i18n.rs:727;crates/perry-codegen/src/expr/dyn_extern_i18n.rs:1002;crates/perry-codegen/src/expr/new_dynamic.rs:372;crates/perry-codegen/src/expr/static_field_meta.rs:940,1,7,,,,57,56,171,57,56,171,57,0,0
js_cron_timer_has_pending,unreviewed,Unknown,unclear,unclear,unclear,unclear,Not transitively audited in this finite first pass; declaration or literal call spelling alone is not effect evidence.,,crates/perry-runtime/src/stdlib_stubs.rs:159,crates/perry-codegen/src/runtime_decls/stdlib_ffi/third_party.rs:150,crates/perry-codegen/src/codegen/entry.rs:223,1,1,,,,2,2,0,2,2,0,2,0,0
js_cron_timer_tick,unreviewed,Unknown,unclear,unclear,unclear,unclear,Not transitively audited in this finite first pass; declaration or literal call spelling alone is not effect evidence.,,crates/perry-runtime/src/stdlib_stubs.rs:152,crates/perry-codegen/src/runtime_decls/stdlib_ffi/third_party.rs:151,crates/perry-codegen/src/codegen/entry.rs:1299,1,1,,,,1,1,0,1,1,0,1,0,0
js_ctor_return_override,reviewed,AllocNoReentry,may allocate,may,may,unwinds,"Derived constructor returning non-object/non-undefined invokes throw_type_error, which constructs string+TypeError then throws. Existing AllocNoReentry is conditional, not never-allocation proof; its calls-nothing comment is stale.",object/class_registry/construct/class_return.rs:114-131; collection_iter.rs:146-150,crates/perry-runtime/src/object/class_registry/construct/class_return.rs:114,crates/perry-codegen/src/runtime_decls/stdlib_ffi/language_core.rs:400,crates/perry-codegen/src/codegen/method.rs:1073;crates/perry-codegen/src/codegen/method.rs:1190;crates/perry-codegen/src/lower_call/new_helpers.rs:807,1,3,,,,42489,41900,366577,42556,41967,366875,43425,0,0
js_data_view_get_direct,unreviewed,Unknown,unclear,unclear,unclear,unclear,Not transitively audited in this finite first pass; declaration or literal call spelling alone is not effect evidence.,,crates/perry-runtime/src/buffer/dataview.rs:405,crates/perry-codegen/src/runtime_decls/strings.rs:890,crates/perry-codegen/src/lower_call/dataview_intrinsic.rs:101,1,1,,,,49,46,317,49,46,317,49,0,0
js_data_view_new,unreviewed,Unknown,unclear,unclear,unclear,unclear,Not transitively audited in this finite first pass; declaration or literal call spelling alone is not effect evidence.,,crates/perry-runtime/src/buffer/from.rs:894,crates/perry-codegen/src/runtime_decls/strings.rs:886,crates/perry-codegen/src/lower_call/builtin.rs:368,1,1,,,,42,41,72,42,41,72,42,0,0
js_data_view_set_direct,unreviewed,Unknown,unclear,unclear,unclear,unclear,Not transitively audited in this finite first pass; declaration or literal call spelling alone is not effect evidence.,,crates/perry-runtime/src/buffer/dataview.rs:428,crates/perry-codegen/src/runtime_decls/strings.rs:895,crates/perry-codegen/src/lower_call/dataview_intrinsic.rs:87,1,1,,,,70,70,128,70,70,128,70,0,0
js_date_apply_setter,unreviewed,Unknown,unclear,unclear,unclear,unclear,Not transitively audited in this finite first pass; declaration or literal call spelling alone is not effect evidence.,,crates/perry-runtime/src/date.rs:941,crates/perry-codegen/src/runtime_decls/strings_part2.rs:32,crates/perry-codegen/src/expr/os_uri_dates.rs:60,1,1,,,,45,45,153,45,45,153,45,0,0
js_date_get_date,unreviewed,Unknown,unclear,unclear,unclear,unclear,Not transitively audited in this finite first pass; declaration or literal call spelling alone is not effect evidence.,,crates/perry-runtime/src/date.rs:668,crates/perry-codegen/src/runtime_decls/strings.rs:1182,crates/perry-codegen/src/expr/string_regex_proc.rs:213,1,1,,,,14,14,72,14,14,72,14,0,0
js_date_get_day,unreviewed,Unknown,unclear,unclear,unclear,unclear,Not transitively audited in this finite first pass; declaration or literal call spelling alone is not effect evidence.,,crates/perry-runtime/src/date.rs:731,crates/perry-codegen/src/runtime_decls/strings.rs:1183,crates/perry-codegen/src/expr/string_regex_proc.rs:217,1,1,,,,3,3,20,3,3,20,3,0,0
js_date_get_full_year,unreviewed,Unknown,unclear,unclear,unclear,unclear,Not transitively audited in this finite first pass; declaration or literal call spelling alone is not effect evidence.,,crates/perry-runtime/src/date.rs:642,crates/perry-codegen/src/runtime_decls/strings.rs:1180,crates/perry-codegen/src/expr/misc_methods.rs:693,1,1,,,,9,9,39,9,9,39,9,0,0
js_date_get_hours,unreviewed,Unknown,unclear,unclear,unclear,unclear,Not transitively audited in this finite first pass; declaration or literal call spelling alone is not effect evidence.,,crates/perry-runtime/src/date.rs:681,crates/perry-codegen/src/runtime_decls/strings.rs:1184,crates/perry-codegen/src/expr/string_regex_proc.rs:241,1,1,,,,12,12,83,12,12,83,12,0,0
js_date_get_milliseconds,unreviewed,Unknown,unclear,unclear,unclear,unclear,Not transitively audited in this finite first pass; declaration or literal call spelling alone is not effect evidence.,,crates/perry-runtime/src/date.rs:720,crates/perry-codegen/src/runtime_decls/strings.rs:1187,crates/perry-codegen/src/expr/string_regex_proc.rs:259,1,1,,,,8,8,27,8,8,27,8,0,0
js_date_get_minutes,unreviewed,Unknown,unclear,unclear,unclear,unclear,Not transitively audited in this finite first pass; declaration or literal call spelling alone is not effect evidence.,,crates/perry-runtime/src/date.rs:694,crates/perry-codegen/src/runtime_decls/strings.rs:1185,crates/perry-codegen/src/expr/string_regex_proc.rs:247,1,1,,,,14,14,73,14,14,73,14,0,0
js_date_get_month,unreviewed,Unknown,unclear,unclear,unclear,unclear,Not transitively audited in this finite first pass; declaration or literal call spelling alone is not effect evidence.,,crates/perry-runtime/src/date.rs:655,crates/perry-codegen/src/runtime_decls/strings.rs:1181,crates/perry-codegen/src/expr/misc_methods.rs:699,1,1,,,,10,10,53,10,10,53,10,0,0
js_date_get_seconds,unreviewed,Unknown,unclear,unclear,unclear,unclear,Not transitively audited in this finite first pass; declaration or literal call spelling alone is not effect evidence.,,crates/perry-runtime/src/date.rs:707,crates/perry-codegen/src/runtime_decls/strings.rs:1186,crates/perry-codegen/src/expr/string_regex_proc.rs:253,1,1,,,,9,9,34,9,9,34,9,0,0
js_date_get_time,unreviewed,Unknown,unclear,unclear,unclear,unclear,Not transitively audited in this finite first pass; declaration or literal call spelling alone is not effect evidence.,,crates/perry-runtime/src/date.rs:589,crates/perry-codegen/src/runtime_decls/strings.rs:1179,crates/perry-codegen/src/expr/misc_methods.rs:174,1,1,,,,197,195,718,197,195,718,197,0,0
js_date_get_timezone_offset,unreviewed,Unknown,unclear,unclear,unclear,unclear,Not transitively audited in this finite first pass; declaration or literal call spelling alone is not effect evidence.,,crates/perry-runtime/src/date.rs:1267,crates/perry-codegen/src/runtime_decls/strings.rs:1197,crates/perry-codegen/src/expr/misc_methods.rs:180,1,1,,,,2,2,3,2,2,3,2,0,0
js_date_get_utc_date,unreviewed,Unknown,unclear,unclear,unclear,unclear,Not transitively audited in this finite first pass; declaration or literal call spelling alone is not effect evidence.,,crates/perry-runtime/src/date.rs:1169,crates/perry-codegen/src/runtime_decls/strings.rs:1191,crates/perry-codegen/src/expr/string_regex_proc.rs:223,1,1,,,,11,11,29,11,11,29,11,0,0
js_date_get_utc_day,unreviewed,Unknown,unclear,unclear,unclear,unclear,Not transitively audited in this finite first pass; declaration or literal call spelling alone is not effect evidence.,,crates/perry-runtime/src/date.rs:1136,crates/perry-codegen/src/runtime_decls/strings.rs:1188,crates/perry-codegen/src/expr/misc_methods.rs:705,1,1,,,,4,4,13,4,4,13,4,0,0
js_date_get_utc_full_year,unreviewed,Unknown,unclear,unclear,unclear,unclear,Not transitively audited in this finite first pass; declaration or literal call spelling alone is not effect evidence.,,crates/perry-runtime/src/date.rs:1147,crates/perry-codegen/src/runtime_decls/strings.rs:1189,crates/perry-codegen/src/expr/string_regex_proc.rs:229,1,1,,,,10,10,22,10,10,22,10,0,0
js_date_get_utc_hours,unreviewed,Unknown,unclear,unclear,unclear,unclear,Not transitively audited in this finite first pass; declaration or literal call spelling alone is not effect evidence.,,crates/perry-runtime/src/date.rs:1180,crates/perry-codegen/src/runtime_decls/strings.rs:1192,crates/perry-codegen/src/expr/string_regex_proc.rs:265,1,1,,,,8,8,24,8,8,24,8,0,0
js_date_get_utc_milliseconds,unreviewed,Unknown,unclear,unclear,unclear,unclear,Not transitively audited in this finite first pass; declaration or literal call spelling alone is not effect evidence.,,crates/perry-runtime/src/date.rs:1216,crates/perry-codegen/src/runtime_decls/strings.rs:1195,crates/perry-codegen/src/expr/string_regex_proc.rs:283,1,1,,,,2,2,0,2,2,0,2,0,0
js_date_get_utc_minutes,unreviewed,Unknown,unclear,unclear,unclear,unclear,Not transitively audited in this finite first pass; declaration or literal call spelling alone is not effect evidence.,,crates/perry-runtime/src/date.rs:1192,crates/perry-codegen/src/runtime_decls/strings.rs:1193,crates/perry-codegen/src/expr/string_regex_proc.rs:271,1,1,,,,8,8,26,8,8,26,8,0,0
js_date_get_utc_month,unreviewed,Unknown,unclear,unclear,unclear,unclear,Not transitively audited in this finite first pass; declaration or literal call spelling alone is not effect evidence.,,crates/perry-runtime/src/date.rs:1158,crates/perry-codegen/src/runtime_decls/strings.rs:1190,crates/perry-codegen/src/expr/string_regex_proc.rs:235,1,1,,,,8,8,20,8,8,20,8,0,0
js_date_get_utc_seconds,unreviewed,Unknown,unclear,unclear,unclear,unclear,Not transitively audited in this finite first pass; declaration or literal call spelling alone is not effect evidence.,,crates/perry-runtime/src/date.rs:1204,crates/perry-codegen/src/runtime_decls/strings.rs:1194,crates/perry-codegen/src/expr/string_regex_proc.rs:277,1,1,,,,8,8,21,8,8,21,8,0,0
js_date_new,unreviewed,Unknown,unclear,unclear,unclear,unclear,Not transitively audited in this finite first pass; declaration or literal call spelling alone is not effect evidence.,,crates/perry-runtime/src/date.rs:413,crates/perry-codegen/src/runtime_decls/strings_part2.rs:14,crates/perry-codegen/src/expr/arrays_finds.rs:457,1,1,,,,289,285,1177,289,285,1177,289,0,0
js_date_new_from_value,unreviewed,Unknown,unclear,unclear,unclear,unclear,Not transitively audited in this finite first pass; declaration or literal call spelling alone is not effect evidence.,,crates/perry-runtime/src/date.rs:428,crates/perry-codegen/src/runtime_decls/strings.rs:1212,crates/perry-codegen/src/expr/arrays_finds.rs:462,1,1,,,,202,200,865,202,200,865,202,0,0
js_date_new_local_components,unreviewed,Unknown,unclear,unclear,unclear,unclear,Not transitively audited in this finite first pass; declaration or literal call spelling alone is not effect evidence.,,crates/perry-runtime/src/date.rs:1075,crates/perry-codegen/src/runtime_decls/strings_part2.rs:23,crates/perry-codegen/src/expr/arrays_finds.rs:489,1,1,,,,5,5,10,5,5,10,5,0,0
js_date_now,unreviewed,Unknown,unclear,unclear,unclear,unclear,Not transitively audited in this finite first pass; declaration or literal call spelling alone is not effect evidence.,,crates/perry-runtime/src/date.rs:394,crates/perry-codegen/src/runtime_decls/mod.rs:202,crates/perry-codegen/src/expr/literals_vars.rs:1203,1,1,,,,983,927,3604,982,926,3604,984,0,0
js_date_parse,unreviewed,Unknown,unclear,unclear,unclear,unclear,Not transitively audited in this finite first pass; declaration or literal call spelling alone is not effect evidence.,,crates/perry-runtime/src/date.rs:769,crates/perry-codegen/src/runtime_decls/strings_part2.rs:19,crates/perry-codegen/src/expr/env_clones.rs:195,1,1,,,,13,13,39,13,13,39,13,0,0
js_date_to_iso_string_or_throw,unreviewed,Unknown,unclear,unclear,unclear,unclear,Not transitively audited in this finite first pass; declaration or literal call spelling alone is not effect evidence.,,crates/perry-runtime/src/date.rs:632,crates/perry-codegen/src/runtime_decls/strings.rs:1210,crates/perry-codegen/src/expr/env_clones.rs:35,1,1,,,,173,172,770,173,172,770,173,0,0
js_date_to_locale_date_string,unreviewed,Unknown,unclear,unclear,unclear,unclear,Not transitively audited in this finite first pass; declaration or literal call spelling alone is not effect evidence.,,crates/perry-runtime/src/date.rs:1554,crates/perry-codegen/src/runtime_decls/strings.rs:1752,crates/perry-codegen/src/expr/os_uri_dates.rs:210,1,1,,,,3,3,36,3,3,36,3,0,0
js_date_to_time_string,unreviewed,Unknown,unclear,unclear,unclear,unclear,Not transitively audited in this finite first pass; declaration or literal call spelling alone is not effect evidence.,,crates/perry-runtime/src/date.rs:1533,crates/perry-codegen/src/runtime_decls/strings.rs:1750,crates/perry-codegen/src/expr/os_uri_dates.rs:198,1,1,,,,1,1,5,1,1,5,1,0,0
js_date_to_utc_string,unreviewed,Unknown,unclear,unclear,unclear,unclear,Not transitively audited in this finite first pass; declaration or literal call spelling alone is not effect evidence.,,crates/perry-runtime/src/date.rs:1488,crates/perry-codegen/src/runtime_decls/strings.rs:1751,crates/perry-codegen/src/expr/os_uri_dates.rs:204,1,1,,,,3,3,10,3,3,10,3,0,0
js_date_utc,unreviewed,Unknown,unclear,unclear,unclear,unclear,Not transitively audited in this finite first pass; declaration or literal call spelling alone is not effect evidence.,,crates/perry-runtime/src/date.rs:797,crates/perry-codegen/src/runtime_decls/strings_part2.rs:21,crates/perry-codegen/src/expr/misc_methods.rs:205,1,1,,,,7,7,14,7,7,14,7,0,0
js_declared_map_get,unreviewed,Unknown,unclear,unclear,unclear,unclear,Not transitively audited in this finite first pass; declaration or literal call spelling alone is not effect evidence.,,crates/perry-runtime/src/map.rs:2459,crates/perry-codegen/src/runtime_decls/strings.rs:412,crates/perry-codegen/src/lower_call/property_get/map_set.rs:71,1,1,,,,3,3,20,3,3,20,3,0,0
js_decode_uri,unreviewed,Unknown,unclear,unclear,unclear,unclear,Not transitively audited in this finite first pass; declaration or literal call spelling alone is not effect evidence.,,crates/perry-runtime/src/builtins/globals.rs:248,crates/perry-codegen/src/runtime_decls/strings_part2.rs:55,crates/perry-codegen/src/expr/os_uri_dates.rs:168,1,1,,,,1,1,4,1,1,4,1,0,0
js_decode_uri_component,unreviewed,Unknown,unclear,unclear,unclear,unclear,Not transitively audited in this finite first pass; declaration or literal call spelling alone is not effect evidence.,,crates/perry-runtime/src/builtins/globals.rs:267,crates/perry-codegen/src/runtime_decls/strings_part2.rs:57,crates/perry-codegen/src/expr/os_uri_dates.rs:180,1,1,,,,29,29,134,29,29,134,29,0,0
js_delete_result,unreviewed,Unknown,unclear,unclear,unclear,unclear,Not transitively audited in this finite first pass; declaration or literal call spelling alone is not effect evidence.,,crates/perry-runtime/src/object/delete_rest.rs:14,crates/perry-codegen/src/runtime_decls/strings.rs:1169,crates/perry-codegen/src/expr/instance_misc1.rs:738;crates/perry-codegen/src/expr/instance_misc1.rs:766;crates/perry-codegen/src/expr/instance_misc1.rs:789;crates/perry-codegen/src/expr/proxy_reflect.rs:1851,1,4,,,,394,394,957,393,393,956,394,0,0
js_derived_super_scope_pop,unreviewed,Unknown,unclear,unclear,unclear,unclear,Not transitively audited in this finite first pass; declaration or literal call spelling alone is not effect evidence.,,crates/perry-runtime/src/object/this_binding.rs:324,crates/perry-codegen/src/runtime_decls/stdlib_ffi/language_core.rs:404,crates/perry-codegen/src/codegen/method.rs:1336;crates/perry-codegen/src/expr/this_super_call.rs:47;crates/perry-codegen/src/stmt/mod.rs:339;crates/perry-codegen/src/stmt/mod.rs:376;crates/perry-codegen/src/stmt/mod.rs:385,1,5,,,,136,136,0,136,136,0,136,0,0
js_derived_super_scope_push,unreviewed,Unknown,unclear,unclear,unclear,unclear,Not transitively audited in this finite first pass; declaration or literal call spelling alone is not effect evidence.,,crates/perry-runtime/src/object/this_binding.rs:319,crates/perry-codegen/src/runtime_decls/stdlib_ffi/language_core.rs:403,crates/perry-codegen/src/expr/this_super_call.rs:43,1,1,,,,136,136,876,136,136,876,136,0,0
js_derived_this_check_current,unreviewed,Unknown,unclear,unclear,unclear,unclear,Not transitively audited in this finite first pass; declaration or literal call spelling alone is not effect evidence.,,crates/perry-runtime/src/object/this_binding.rs:364,crates/perry-codegen/src/runtime_decls/stdlib_ffi/language_core.rs:406,crates/perry-codegen/src/expr/this_super_call.rs:95,1,1,,,,2613,2613,10609,2616,2616,10614,2617,0,0
js_dom_exception_new,unreviewed,Unknown,unclear,unclear,unclear,unclear,Not transitively audited in this finite first pass; declaration or literal call spelling alone is not effect evidence.,,crates/perry-runtime/src/event_target.rs:513,crates/perry-codegen/src/runtime_decls/strings_part2.rs:1316,crates/perry-codegen/src/lower_call/builtin.rs:552,1,1,,,,19,19,17,19,19,17,19,0,0
js_dyn_index_get,unreviewed,Unknown,unclear,unclear,unclear,unclear,Not transitively audited in this finite first pass; declaration or literal call spelling alone is not effect evidence.,,crates/perry-runtime/src/value/dyn_index.rs:151,crates/perry-codegen/src/runtime_decls/strings.rs:721,crates/perry-codegen/src/block.rs:1740;crates/perry-codegen/src/block.rs:1744;crates/perry-codegen/src/expr/member_update.rs:432,1,3,,,,49,49,387,49,49,389,49,0,0
js_dyn_index_set_strict,unreviewed,Unknown,unclear,unclear,unclear,unclear,Not transitively audited in this finite first pass; declaration or literal call spelling alone is not effect evidence.,,crates/perry-runtime/src/value/dyn_index.rs:536,crates/perry-codegen/src/runtime_decls/strings.rs:755,crates/perry-codegen/src/expr/index_set_typed_array.rs:269;crates/perry-codegen/src/expr/typed_array_rmw.rs:219,1,2,,,,15194,15191,149307,15196,15192,149317,15212,0,0
js_dynamic_add,unreviewed,Unknown,unclear,unclear,unclear,unclear,Not transitively audited in this finite first pass; declaration or literal call spelling alone is not effect evidence.,,crates/perry-runtime/src/value/dynamic_arith.rs:470,crates/perry-codegen/src/runtime_decls/strings.rs:1357,,1,0,,,,2,2,1,2,2,1,2,0,0
js_dynamic_bitand,unreviewed,Unknown,unclear,unclear,unclear,unclear,Not transitively audited in this finite first pass; declaration or literal call spelling alone is not effect evidence.,,crates/perry-runtime/src/value/dynamic_arith.rs:843,crates/perry-codegen/src/runtime_decls/strings.rs:1379,,1,0,,,,1047,1041,5401,1048,1042,5419,1048,0,0
js_dynamic_bitnot,unreviewed,Unknown,unclear,unclear,unclear,unclear,Not transitively audited in this finite first pass; declaration or literal call spelling alone is not effect evidence.,,crates/perry-runtime/src/value/dynamic_arith.rs:750,crates/perry-codegen/src/runtime_decls/strings.rs:1384,crates/perry-codegen/src/expr/unary.rs:102,1,1,,,,37,37,146,37,37,146,37,0,0
js_dynamic_bitor,unreviewed,Unknown,unclear,unclear,unclear,unclear,Not transitively audited in this finite first pass; declaration or literal call spelling alone is not effect evidence.,,crates/perry-runtime/src/value/dynamic_arith.rs:867,crates/perry-codegen/src/runtime_decls/strings.rs:1380,,1,0,,,,503,502,2589,503,502,2589,503,0,0
js_dynamic_bitxor,unreviewed,Unknown,unclear,unclear,unclear,unclear,Not transitively audited in this finite first pass; declaration or literal call spelling alone is not effect evidence.,,crates/perry-runtime/src/value/dynamic_arith.rs:889,crates/perry-codegen/src/runtime_decls/strings.rs:1381,,1,0,,,,247,243,1683,247,243,1683,250,0,0
js_dynamic_div,unreviewed,Unknown,unclear,unclear,unclear,unclear,Not transitively audited in this finite first pass; declaration or literal call spelling alone is not effect evidence.,,crates/perry-runtime/src/value/dynamic_arith.rs:666,crates/perry-codegen/src/runtime_decls/strings.rs:1373,,1,0,,,,976,971,4740,975,970,4740,975,0,0
js_dynamic_mod,unreviewed,Unknown,unclear,unclear,unclear,unclear,Not transitively audited in this finite first pass; declaration or literal call spelling alone is not effect evidence.,,crates/perry-runtime/src/value/dynamic_arith.rs:687,crates/perry-codegen/src/runtime_decls/strings.rs:1374,,1,0,,,,313,313,1173,312,312,1173,314,0,0
js_dynamic_mul,unreviewed,Unknown,unclear,unclear,unclear,unclear,Not transitively audited in this finite first pass; declaration or literal call spelling alone is not effect evidence.,,crates/perry-runtime/src/value/dynamic_arith.rs:449,crates/perry-codegen/src/runtime_decls/strings.rs:1372,,1,0,,,,1430,1427,16184,1430,1427,16184,1432,0,0
js_dynamic_neg,unreviewed,Unknown,unclear,unclear,unclear,unclear,Not transitively audited in this finite first pass; declaration or literal call spelling alone is not effect evidence.,,crates/perry-runtime/src/value/dynamic_arith.rs:716,crates/perry-codegen/src/runtime_decls/stdlib_ffi/language_core.rs:121,crates/perry-codegen/src/expr/unary.rs:58,1,1,,,,172,172,944,172,172,944,174,0,0
js_dynamic_pos,unreviewed,Unknown,unclear,unclear,unclear,unclear,Not transitively audited in this finite first pass; declaration or literal call spelling alone is not effect evidence.,,crates/perry-runtime/src/value/dynamic_arith.rs:740,crates/perry-codegen/src/runtime_decls/stdlib_ffi/language_core.rs:122,crates/perry-codegen/src/expr/unary.rs:65,1,1,,,,186,186,625,186,186,625,186,0,0
js_dynamic_pow,unreviewed,Unknown,unclear,unclear,unclear,unclear,Not transitively audited in this finite first pass; declaration or literal call spelling alone is not effect evidence.,,crates/perry-runtime/src/value/dynamic_arith.rs:914,crates/perry-codegen/src/runtime_decls/strings.rs:1387,,1,0,,,,41,41,59,41,41,59,41,0,0
js_dynamic_shl,unreviewed,Unknown,unclear,unclear,unclear,unclear,Not transitively audited in this finite first pass; declaration or literal call spelling alone is not effect evidence.,,crates/perry-runtime/src/value/dynamic_arith.rs:819,crates/perry-codegen/src/runtime_decls/strings.rs:1382,,1,0,,,,350,344,2072,350,344,2072,350,0,0
js_dynamic_shr,unreviewed,Unknown,unclear,unclear,unclear,unclear,Not transitively audited in this finite first pass; declaration or literal call spelling alone is not effect evidence.,,crates/perry-runtime/src/value/dynamic_arith.rs:795,crates/perry-codegen/src/runtime_decls/strings.rs:1383,,1,0,,,,207,204,868,207,204,871,207,0,0
js_dynamic_string_or_number_add,unreviewed,Unknown,unclear,unclear,unclear,unclear,Not transitively audited in this finite first pass; declaration or literal call spelling alone is not effect evidence.,,crates/perry-runtime/src/value/dynamic_arith.rs:534,crates/perry-codegen/src/runtime_decls/strings.rs:1370,crates/perry-codegen/src/expr/binary.rs:455;crates/perry-codegen/src/lower_string_concat.rs:362;crates/perry-codegen/src/lower_string_concat.rs:463,1,3,,,,9996,9938,61414,9996,9938,61424,10093,0,0
js_dynamic_sub,unreviewed,Unknown,unclear,unclear,unclear,unclear,Not transitively audited in this finite first pass; declaration or literal call spelling alone is not effect evidence.,,crates/perry-runtime/src/value/dynamic_arith.rs:645,crates/perry-codegen/src/runtime_decls/strings.rs:1371,,1,0,,,,3792,3730,20194,3792,3730,20198,3814,0,0
js_dynamic_ushr,unreviewed,Unknown,unclear,unclear,unclear,unclear,Not transitively audited in this finite first pass; declaration or literal call spelling alone is not effect evidence.,,crates/perry-runtime/src/value/dynamic_arith.rs:941,crates/perry-codegen/src/runtime_decls/strings.rs:1388,,1,0,,,,535,526,3021,535,526,3021,536,0,0
js_eh_try_push,unreviewed,Unknown,unclear,unclear,unclear,unclear,Not transitively audited in this finite first pass; declaration or literal call spelling alone is not effect evidence.,,crates/perry-runtime/src/exception.rs:209,crates/perry-codegen/src/runtime_decls/strings_part2.rs:758,crates/perry-codegen/src/stmt/try_stmt.rs:61,1,1,,,,16313,16046,82804,16310,16043,82812,16338,0,0
js_encode_uri,unreviewed,Unknown,unclear,unclear,unclear,unclear,Not transitively audited in this finite first pass; declaration or literal call spelling alone is not effect evidence.,,crates/perry-runtime/src/builtins/globals.rs:235,crates/perry-codegen/src/runtime_decls/strings_part2.rs:54,crates/perry-codegen/src/expr/os_uri_dates.rs:162,1,1,,,,4,4,7,4,4,7,4,0,0
js_encode_uri_component,unreviewed,Unknown,unclear,unclear,unclear,unclear,Not transitively audited in this finite first pass; declaration or literal call spelling alone is not effect evidence.,,crates/perry-runtime/src/builtins/globals.rs:257,crates/perry-codegen/src/runtime_decls/strings_part2.rs:56,crates/perry-codegen/src/expr/os_uri_dates.rs:174,1,1,,,,51,51,150,51,51,150,51,0,0
js_encoding_tag_from_value,unreviewed,Unknown,unclear,unclear,unclear,unclear,Not transitively audited in this finite first pass; declaration or literal call spelling alone is not effect evidence.,,crates/perry-runtime/src/buffer/from.rs:137,crates/perry-codegen/src/runtime_decls/strings.rs:1657,crates/perry-codegen/src/expr/env_clones.rs:246;crates/perry-codegen/src/expr/env_clones.rs:358;crates/perry-codegen/src/lower_call/property_get/number_string.rs:136,1,3,,,,8,8,11,8,8,11,8,0,0
js_eq,unreviewed,Unknown,unclear,unclear,unclear,unclear,Not transitively audited in this finite first pass; declaration or literal call spelling alone is not effect evidence.,,crates/perry-runtime/src/builtins/arithmetic.rs:41,crates/perry-codegen/src/runtime_decls/strings.rs:1172,crates/perry-codegen/src/expr/compare.rs:535,1,1,,,,16976,16916,137390,16976,16916,137394,17018,0,0
js_error_apply_cause_to_object,unreviewed,Unknown,unclear,unclear,unclear,unclear,Not transitively audited in this finite first pass; declaration or literal call spelling alone is not effect evidence.,,crates/perry-runtime/src/error.rs:696,crates/perry-codegen/src/runtime_decls/objects.rs:134,crates/perry-codegen/src/expr/this_super_call.rs:1325,1,1,,,,4,4,9,4,4,9,4,0,0
js_error_new_from_value,unreviewed,Unknown,unclear,unclear,unclear,unclear,Not transitively audited in this finite first pass; declaration or literal call spelling alone is not effect evidence.,,crates/perry-runtime/src/error.rs:776,crates/perry-codegen/src/runtime_decls/strings.rs:369,crates/perry-codegen/src/expr/math_simple.rs:476,1,1,,,,13,0,0,13,0,0,13,0,0
js_error_new_kind_from_value,unreviewed,Unknown,unclear,unclear,unclear,unclear,Not transitively audited in this finite first pass; declaration or literal call spelling alone is not effect evidence.,,crates/perry-runtime/src/error.rs:781,crates/perry-codegen/src/runtime_decls/strings.rs:370,crates/perry-codegen/src/expr/os_uri_dates.rs:421;crates/perry-codegen/src/expr/os_uri_dates.rs:431;crates/perry-codegen/src/expr/os_uri_dates.rs:441;crates/perry-codegen/src/expr/os_uri_dates.rs:451,1,4,,,,778,718,335,778,718,335,778,0,0
js_error_subclass_capture_stack,unreviewed,Unknown,unclear,unclear,unclear,unclear,Not transitively audited in this finite first pass; declaration or literal call spelling alone is not effect evidence.,,crates/perry-runtime/src/error_subclass_stack.rs:201,crates/perry-codegen/src/runtime_decls/objects.rs:138,crates/perry-codegen/src/expr/this_super_call.rs:1282;crates/perry-codegen/src/expr/this_super_call.rs:1620;crates/perry-codegen/src/lower_call/new_error_init.rs:67,1,3,,,,82,82,236,82,82,236,82,0,0
js_event_emitter_subclass_init,unreviewed,Unknown,unclear,unclear,unclear,unclear,Not transitively audited in this finite first pass; declaration or literal call spelling alone is not effect evidence.,,crates/perry-runtime/src/node_stream_constructors/builders.rs:82,crates/perry-codegen/src/runtime_decls/stdlib_ffi/streams_events.rs:10,crates/perry-codegen/src/expr/write_barrier.rs:1241,1,1,,,,2,2,5,2,2,5,2,0,0
js_event_loop_host_driven,unreviewed,Unknown,unclear,unclear,unclear,unclear,Not transitively audited in this finite first pass; declaration or literal call spelling alone is not effect evidence.,,crates/perry-runtime/src/event_pump.rs:534,crates/perry-codegen/src/runtime_decls/strings_part2.rs:743,crates/perry-codegen/src/codegen/entry.rs:1275,1,1,,,,2,2,0,1,1,0,1,0,0
js_event_new,unreviewed,Unknown,unclear,unclear,unclear,unclear,Not transitively audited in this finite first pass; declaration or literal call spelling alone is not effect evidence.,,crates/perry-runtime/src/event_target.rs:412,crates/perry-codegen/src/runtime_decls/strings_part2.rs:1307,crates/perry-codegen/src/lower_call/builtin.rs:527,1,1,,,,9,9,28,9,9,28,9,0,0
js_event_subclass_init,unreviewed,Unknown,unclear,unclear,unclear,unclear,Not transitively audited in this finite first pass; declaration or literal call spelling alone is not effect evidence.,,crates/perry-runtime/src/event_target.rs:301,crates/perry-codegen/src/runtime_decls/strings_part2.rs:1310,crates/perry-codegen/src/expr/this_super_call.rs:1050;crates/perry-codegen/src/lower_call/new_helpers.rs:292,1,2,,,,6,6,22,6,6,22,6,0,0
js_fetch_headers_to_json,unreviewed,Unknown,unclear,unclear,unclear,unclear,Not transitively audited in this finite first pass; declaration or literal call spelling alone is not effect evidence.,,crates/perry-runtime/src/object/global_fetch.rs:224,crates/perry-codegen/src/runtime_decls/stdlib_ffi/language_core.rs:157,crates/perry-codegen/src/expr/logical_collections.rs:540,1,1,,,,11,11,41,11,11,41,11,0,0
js_fetch_input_ptr,unreviewed,Unknown,unclear,unclear,unclear,unclear,Not transitively audited in this finite first pass; declaration or literal call spelling alone is not effect evidence.,,crates/perry-runtime/src/object/global_fetch.rs:62,crates/perry-codegen/src/runtime_decls/stdlib_ffi/language_core.rs:140,crates/perry-codegen/src/expr/logical_collections.rs:554,1,1,,,,11,11,30,11,11,30,11,0,0
js_fetch_or_value_super,unreviewed,Unknown,unclear,unclear,unclear,unclear,Not transitively audited in this finite first pass; declaration or literal call spelling alone is not effect evidence.,,crates/perry-runtime/src/object/global_this/fetch_globals.rs:639,crates/perry-codegen/src/runtime_decls/strings_part2.rs:1280,crates/perry-codegen/src/codegen/method.rs:1178;crates/perry-codegen/src/expr/this_super_call.rs:738;crates/perry-codegen/src/lower_call/new.rs:1815,1,3,,,,545,545,1958,545,545,1958,545,0,0
js_fetch_set_pending_signal,unreviewed,Unknown,unclear,unclear,unclear,unclear,Not transitively audited in this finite first pass; declaration or literal call spelling alone is not effect evidence.,,crates/perry-runtime/src/object/global_fetch.rs:42,crates/perry-codegen/src/runtime_decls/stdlib_ffi/language_core.rs:153,crates/perry-codegen/src/expr/logical_collections.rs:561,1,1,,,,8,8,16,8,8,16,8,0,0
js_fetch_unwrap_handle,unreviewed,Unknown,unclear,unclear,unclear,unclear,Not transitively audited in this finite first pass; declaration or literal call spelling alone is not effect evidence.,,crates/perry-runtime/src/object/field_get_set.rs:102,crates/perry-codegen/src/runtime_decls/strings_part2.rs:964,crates/perry-codegen/src/lower_call/options/fetch.rs:368;crates/perry-codegen/src/lower_call/options/fetch.rs:539,1,2,,,,14,14,54,14,14,54,14,0,0
js_fetch_with_options,unreviewed,Unknown,unclear,unclear,unclear,unclear,Not transitively audited in this finite first pass; declaration or literal call spelling alone is not effect evidence.,,crates/perry-runtime/src/stdlib_stubs.rs:171,crates/perry-codegen/src/runtime_decls/stdlib_ffi/language_core.rs:150,crates/perry-codegen/src/expr/logical_collections.rs:563,1,1,,,,11,11,22,11,11,22,11,0,0
js_finreg_new,unreviewed,Unknown,unclear,unclear,unclear,unclear,Not transitively audited in this finite first pass; declaration or literal call spelling alone is not effect evidence.,,crates/perry-runtime/src/weakref.rs:463,crates/perry-codegen/src/runtime_decls/strings_part2.rs:426,crates/perry-codegen/src/expr/array_methods.rs:355,1,1,,,,1,1,6,1,1,6,1,0,0
js_for_in_keys_stable_value,unreviewed,Unknown,unclear,unclear,unclear,unclear,Not transitively audited in this finite first pass; declaration or literal call spelling alone is not effect evidence.,,crates/perry-runtime/src/object/field_get_set/for_in_stable.rs:240,crates/perry-codegen/src/runtime_decls/strings.rs:424,crates/perry-codegen/src/expr/logical_collections.rs:947,1,1,,,,288,288,1191,289,289,1194,289,0,0
js_for_of_next,unreviewed,Unknown,unclear,unclear,unclear,unclear,Not transitively audited in this finite first pass; declaration or literal call spelling alone is not effect evidence.,,crates/perry-runtime/src/collection_iter_object.rs:421,crates/perry-codegen/src/runtime_decls/strings.rs:1577,,1,0,,,,6283,6215,26937,6283,6215,26937,6294,0,0
js_fs_append_file_sync,unreviewed,Unknown,unclear,unclear,unclear,unclear,Not transitively audited in this finite first pass; declaration or literal call spelling alone is not effect evidence.,,crates/perry-runtime/src/fs/mod.rs:564,crates/perry-codegen/src/runtime_decls/strings.rs:477,crates/perry-codegen/src/expr/bigint_set.rs:1443,1,1,,,,7,7,10,7,7,10,7,0,0
js_fs_chmod_sync,unreviewed,Unknown,unclear,unclear,unclear,unclear,Not transitively audited in this finite first pass; declaration or literal call spelling alone is not effect evidence.,,crates/perry-runtime/src/fs/mod.rs:870,crates/perry-codegen/src/runtime_decls/strings.rs:523,crates/perry-codegen/src/lower_call/native/native_fs_branch.rs:414,1,1,,,,3,3,13,3,3,13,3,0,0
js_fs_close_sync,unreviewed,Unknown,unclear,unclear,unclear,unclear,Not transitively audited in this finite first pass; declaration or literal call spelling alone is not effect evidence.,,crates/perry-runtime/src/fs/fd_ops.rs:203,crates/perry-codegen/src/runtime_decls/strings.rs:557,crates/perry-codegen/src/lower_call/native/native_fs_branch.rs:660,1,1,,,,11,10,7,11,10,7,14,0,0
js_fs_copy_file_sync_flags,unreviewed,Unknown,unclear,unclear,unclear,unclear,Not transitively audited in this finite first pass; declaration or literal call spelling alone is not effect evidence.,,crates/perry-runtime/src/fs/mod.rs:1397,crates/perry-codegen/src/runtime_decls/strings.rs:519,crates/perry-codegen/src/expr/calls/fs.rs:194;crates/perry-codegen/src/lower_call/native/native_fs_branch.rs:390,1,2,,,,1,1,1,1,1,1,1,0,0
js_fs_create_write_stream,unreviewed,Unknown,unclear,unclear,unclear,unclear,Not transitively audited in this finite first pass; declaration or literal call spelling alone is not effect evidence.,,crates/perry-runtime/src/fs/stream.rs:1959,crates/perry-codegen/src/runtime_decls/strings.rs:602,crates/perry-codegen/src/expr/calls/fs.rs:333,1,1,,,,1,1,0,1,1,0,1,0,0
js_fs_exists_sync,unreviewed,Unknown,unclear,unclear,unclear,unclear,Not transitively audited in this finite first pass; declaration or literal call spelling alone is not effect evidence.,,crates/perry-runtime/src/fs/mod.rs:650,crates/perry-codegen/src/runtime_decls/strings.rs:483,crates/perry-codegen/src/expr/bigint_set.rs:601,1,1,,,,32,32,110,32,32,110,32,0,0
js_fs_fstat_sync_options,unreviewed,Unknown,unclear,unclear,unclear,unclear,Not transitively audited in this finite first pass; declaration or literal call spelling alone is not effect evidence.,,crates/perry-runtime/src/fs/fd_sync_ops.rs:240,crates/perry-codegen/src/runtime_decls/strings.rs:534,crates/perry-codegen/src/lower_call/native/native_fs_branch.rs:464,1,1,,,,1,1,1,1,1,1,1,0,0
js_fs_fsync_sync,unreviewed,Unknown,unclear,unclear,unclear,unclear,Not transitively audited in this finite first pass; declaration or literal call spelling alone is not effect evidence.,,crates/perry-runtime/src/fs/fd_sync_ops.rs:82,crates/perry-codegen/src/runtime_decls/strings.rs:529,crates/perry-codegen/src/lower_call/native/native_fs_branch.rs:441,1,1,,,,1,1,2,1,1,2,1,0,0
js_fs_mkdir_sync_options,unreviewed,Unknown,unclear,unclear,unclear,unclear,Not transitively audited in this finite first pass; declaration or literal call spelling alone is not effect evidence.,,crates/perry-runtime/src/fs/mod.rs:781,crates/perry-codegen/src/runtime_decls/strings.rs:503,crates/perry-codegen/src/lower_call/native/native_fs_branch.rs:350,1,1,,,,6,6,23,6,6,23,6,0,0
js_fs_mkdtemp_dispatch,unreviewed,Unknown,unclear,unclear,unclear,unclear,Not transitively audited in this finite first pass; declaration or literal call spelling alone is not effect evidence.,,crates/perry-runtime/src/fs/mod.rs:1628,crates/perry-codegen/src/runtime_decls/strings.rs:593,crates/perry-codegen/src/expr/calls/fs.rs:269,1,1,,,,2,2,10,2,2,10,2,0,0
js_fs_open_sync,unreviewed,Unknown,unclear,unclear,unclear,unclear,Not transitively audited in this finite first pass; declaration or literal call spelling alone is not effect evidence.,,crates/perry-runtime/src/fs/fd_ops.rs:190,crates/perry-codegen/src/runtime_decls/strings.rs:556,crates/perry-codegen/src/lower_call/native/native_fs_branch.rs:652,1,1,,,,6,6,13,6,6,13,6,0,0
js_fs_read_file_binary,unreviewed,Unknown,unclear,unclear,unclear,unclear,Not transitively audited in this finite first pass; declaration or literal call spelling alone is not effect evidence.,,crates/perry-runtime/src/fs/mod.rs:883,crates/perry-codegen/src/runtime_decls/strings.rs:636,crates/perry-codegen/src/expr/super_method.rs:494,1,1,,,,8,8,34,8,8,34,8,0,0
js_fs_read_file_dispatch,unreviewed,Unknown,unclear,unclear,unclear,unclear,Not transitively audited in this finite first pass; declaration or literal call spelling alone is not effect evidence.,,crates/perry-runtime/src/fs/mod.rs:405,crates/perry-codegen/src/runtime_decls/strings.rs:486,crates/perry-codegen/src/expr/calls/fs.rs:120;crates/perry-codegen/src/lower_call/native/native_fs_branch.rs:259,1,2,,,,30,26,52,30,26,52,30,0,0
js_fs_read_sync,unreviewed,Unknown,unclear,unclear,unclear,unclear,Not transitively audited in this finite first pass; declaration or literal call spelling alone is not effect evidence.,,crates/perry-runtime/src/fs/fd_ops.rs:223,crates/perry-codegen/src/runtime_decls/strings.rs:558,crates/perry-codegen/src/lower_call/native/native_fs_branch.rs:669,1,1,,,,7,7,42,7,7,42,7,0,0
js_fs_readdir_sync,unreviewed,Unknown,unclear,unclear,unclear,unclear,Not transitively audited in this finite first pass; declaration or literal call spelling alone is not effect evidence.,,crates/perry-runtime/src/fs/dirent.rs:401,crates/perry-codegen/src/runtime_decls/strings.rs:509,crates/perry-codegen/src/expr/calls/fs.rs:170;crates/perry-codegen/src/lower_call/native/native_fs_branch.rs:297,1,2,,,,8,8,22,8,8,22,8,0,0
js_fs_realpath_dispatch,unreviewed,Unknown,unclear,unclear,unclear,unclear,Not transitively audited in this finite first pass; declaration or literal call spelling alone is not effect evidence.,,crates/perry-runtime/src/fs/mod.rs:1534,crates/perry-codegen/src/runtime_decls/strings.rs:589,crates/perry-codegen/src/expr/calls/fs.rs:256,1,1,,,,4,4,9,4,4,9,4,0,0
js_fs_rename_sync,unreviewed,Unknown,unclear,unclear,unclear,unclear,Not transitively audited in this finite first pass; declaration or literal call spelling alone is not effect evidence.,,crates/perry-runtime/src/fs/mod.rs:1338,crates/perry-codegen/src/runtime_decls/strings.rs:516,crates/perry-codegen/src/expr/calls/fs.rs:183;crates/perry-codegen/src/lower_call/native/native_fs_branch.rs:335,1,2,,,,1,1,1,1,1,1,1,0,0
js_fs_rm_recursive_options,unreviewed,Unknown,unclear,unclear,unclear,unclear,Not transitively audited in this finite first pass; declaration or literal call spelling alone is not effect evidence.,,crates/perry-runtime/src/fs/mod.rs:968,crates/perry-codegen/src/runtime_decls/strings.rs:600,crates/perry-codegen/src/lower_call/native/native_fs_branch.rs:363,1,1,,,,1,1,2,1,1,2,1,0,0
js_fs_rmdir_sync_options,unreviewed,Unknown,unclear,unclear,unclear,unclear,Not transitively audited in this finite first pass; declaration or literal call spelling alone is not effect evidence.,,crates/perry-runtime/src/fs/mod.rs:1716,crates/perry-codegen/src/runtime_decls/strings.rs:597,crates/perry-codegen/src/expr/calls/fs.rs:319;crates/perry-codegen/src/lower_call/native/native_fs_branch.rs:376,1,2,,,,2,2,3,2,2,3,2,0,0
js_fs_stat_sync_options,unreviewed,Unknown,unclear,unclear,unclear,unclear,Not transitively audited in this finite first pass; declaration or literal call spelling alone is not effect evidence.,,crates/perry-runtime/src/fs/stats.rs:483,crates/perry-codegen/src/runtime_decls/strings.rs:512,crates/perry-codegen/src/expr/calls/fs.rs:150;crates/perry-codegen/src/lower_call/native/native_fs_branch.rs:312,1,2,,,,20,18,90,20,18,90,20,0,0
js_fs_unlink_sync,unreviewed,Unknown,unclear,unclear,unclear,unclear,Not transitively audited in this finite first pass; declaration or literal call spelling alone is not effect evidence.,,crates/perry-runtime/src/fs/mod.rs:826,crates/perry-codegen/src/runtime_decls/strings.rs:505;crates/perry-codegen/src/runtime_decls/strings.rs:1668,crates/perry-codegen/src/expr/fs_await.rs:36;crates/perry-codegen/src/lower_call/native/native_fs_branch.rs:340,2,2,,,,3,3,3,3,3,3,3,0,0
js_fs_write_file_sync,unreviewed,Unknown,unclear,unclear,unclear,unclear,Not transitively audited in this finite first pass; declaration or literal call spelling alone is not effect evidence.,,crates/perry-runtime/src/fs/mod.rs:423,crates/perry-codegen/src/runtime_decls/strings.rs:470,crates/perry-codegen/src/expr/bigint_set.rs:1424,1,1,,,,6,6,14,6,6,14,6,0,0
js_fs_write_sync,unreviewed,Unknown,unclear,unclear,unclear,unclear,Not transitively audited in this finite first pass; declaration or literal call spelling alone is not effect evidence.,,crates/perry-runtime/src/fs/fd_ops.rs:320,crates/perry-codegen/src/runtime_decls/strings.rs:564,crates/perry-codegen/src/lower_call/native/native_fs_branch.rs:722,1,1,,,,23,23,23,23,23,23,24,0,0
js_function_prototype_value_for_read,unreviewed,Unknown,unclear,unclear,unclear,unclear,Not transitively audited in this finite first pass; declaration or literal call spelling alone is not effect evidence.,,crates/perry-runtime/src/object/class_registry/function_prototype.rs:79,crates/perry-codegen/src/runtime_decls/strings.rs:1548,crates/perry-codegen/src/expr/property_get.rs:625,1,1,,,,4,4,6,4,4,6,4,0,0
js_gc_declare_typed_shape_layout,unreviewed,CannotCollect,unclear,unclear,unclear,unclear,Not transitively audited in this finite first pass; declaration or literal call spelling alone is not effect evidence.,,crates/perry-runtime/src/gc/layout/typed_shape.rs:469,crates/perry-codegen/src/runtime_decls/arrays.rs:202,,1,0,,,,23625,0,0,23628,0,0,23653,0,0
js_gc_forget_object_layout,unreviewed,CannotCollect,unclear,unclear,unclear,unclear,Not transitively audited in this finite first pass; declaration or literal call spelling alone is not effect evidence.,,crates/perry-runtime/src/gc/layout_tables.rs:794,crates/perry-codegen/src/runtime_decls/arrays.rs:210,crates/perry-codegen/src/lower_call/typed_shape_init.rs:241,1,1,,,,9796,0,0,9796,0,0,9831,0,0
js_gc_init,unreviewed,Unknown,unclear,unclear,unclear,unclear,Not transitively audited in this finite first pass; declaration or literal call spelling alone is not effect evidence.,,crates/perry-runtime/src/gc/mod.rs:1259,crates/perry-codegen/src/runtime_decls/mod.rs:43,crates/perry-codegen/src/codegen/entry.rs:576,1,1,,,,1,1,0,1,1,0,1,0,0
js_gc_init_typed_shape_layout,unreviewed,CannotCollect,unclear,unclear,unclear,unclear,Not transitively audited in this finite first pass; declaration or literal call spelling alone is not effect evidence.,,crates/perry-runtime/src/gc/layout/typed_shape.rs:433,crates/perry-codegen/src/runtime_decls/arrays.rs:194,crates/perry-codegen/src/expr/object_literal.rs:206;crates/perry-codegen/src/lower_call/scalar_method.rs:706,1,2,,,,8601,0,0,8622,0,0,8633,0,0
js_gc_loop_safepoint,unreviewed,Unknown,unclear,unclear,unclear,unclear,Not transitively audited in this finite first pass; declaration or literal call spelling alone is not effect evidence.,,crates/perry-runtime/src/gc/policy.rs:3315,crates/perry-codegen/src/runtime_decls/arrays.rs:159,crates/perry-codegen/src/stmt/loops.rs:7699,1,1,,,,15686,15629,79306,15686,15629,79312,20394,0,0
js_gc_note_slot_layout,unreviewed,CannotCollect,unclear,unclear,unclear,unclear,Not transitively audited in this finite first pass; declaration or literal call spelling alone is not effect evidence.,,crates/perry-runtime/src/gc/layout.rs:1085,crates/perry-codegen/src/runtime_decls/arrays.rs:191,crates/perry-codegen/src/expr/write_barrier.rs:362,1,1,,,,1992,0,0,1992,0,0,2054,0,0
js_gc_note_slot_layout_aware,unreviewed,CannotCollect,unclear,unclear,unclear,unclear,Not transitively audited in this finite first pass; declaration or literal call spelling alone is not effect evidence.,,crates/perry-runtime/src/gc/layout.rs:1103,crates/perry-codegen/src/runtime_decls/arrays.rs:193,crates/perry-codegen/src/expr/write_barrier.rs:380,1,1,,,,42427,0,0,42452,0,0,46815,0,0
js_gc_register_global_root,unreviewed,CannotCollect,unclear,unclear,unclear,unclear,Not transitively audited in this finite first pass; declaration or literal call spelling alone is not effect evidence.,,crates/perry-runtime/src/gc/roots.rs:391,crates/perry-codegen/src/runtime_decls/mod.rs:213,crates/perry-codegen/src/codegen/helpers.rs:1318;crates/perry-codegen/src/codegen/helpers.rs:1336;crates/perry-codegen/src/codegen/helpers.rs:1559;crates/perry-codegen/src/codegen/string_pool.rs:449;crates/perry-codegen/src/codegen/string_pool.rs:575,1,5,,,,125904,0,0,125904,0,0,125904,0,0
js_gc_release_current_thread_collection_side_allocations,unreviewed,Unknown,unclear,unclear,unclear,unclear,Not transitively audited in this finite first pass; declaration or literal call spelling alone is not effect evidence.,,crates/perry-runtime/src/gc/mod.rs:1332,crates/perry-codegen/src/runtime_decls/strings.rs:1009,crates/perry-codegen/src/codegen/entry.rs:1400,1,1,,,,1,1,0,1,1,0,1,0,0
js_gc_typed_shape_id_for_keys,unreviewed,Unknown,unclear,unclear,unclear,unclear,Not transitively audited in this finite first pass; declaration or literal call spelling alone is not effect evidence.,,crates/perry-runtime/src/gc/layout/typed_shape.rs:118,crates/perry-codegen/src/runtime_decls/strings.rs:1143,crates/perry-codegen/src/codegen/string_pool.rs:610,1,1,,,,11334,0,0,11334,0,0,11334,0,0
js_gc_write_barriers_emitted,unreviewed,Unknown,unclear,unclear,unclear,unclear,Not transitively audited in this finite first pass; declaration or literal call spelling alone is not effect evidence.,,crates/perry-runtime/src/gc/barrier/mod.rs:1150,crates/perry-codegen/src/runtime_decls/arrays.rs:139,crates/perry-codegen/src/codegen/entry.rs:578;crates/perry-codegen/src/codegen/entry.rs:1545,1,2,,,,1,1,0,1,1,0,1,0,0
js_generator_attach_closure_prototype,unreviewed,Unknown,unclear,unclear,unclear,unclear,Not transitively audited in this finite first pass; declaration or literal call spelling alone is not effect evidence.,,crates/perry-runtime/src/object/global_this/generator.rs:631,crates/perry-codegen/src/runtime_decls/strings_part2.rs:415,crates/perry-codegen/src/codegen/artifacts.rs:801;crates/perry-codegen/src/expr/static_field_meta.rs:760;crates/perry-codegen/src/lower_call/func_ref.rs:1484,1,3,,,,255,166,240,255,166,240,255,0,0
js_generator_attach_prototype,unreviewed,Unknown,unclear,unclear,unclear,unclear,Not transitively audited in this finite first pass; declaration or literal call spelling alone is not effect evidence.,,crates/perry-runtime/src/object/global_this/generator.rs:558,crates/perry-codegen/src/runtime_decls/strings_part2.rs:414,crates/perry-codegen/src/expr/static_field_meta.rs:767,1,1,,,,131,131,0,131,131,0,131,0,0
js_get_async_iterator,unreviewed,Unknown,unclear,unclear,unclear,unclear,Not transitively audited in this finite first pass; declaration or literal call spelling alone is not effect evidence.,,crates/perry-runtime/src/array/iterator.rs:832,crates/perry-codegen/src/runtime_decls/arrays.rs:324,crates/perry-codegen/src/expr/arrays_finds.rs:818,1,1,,,,195,167,273,195,167,273,195,0,0
js_get_current_step_closure,unreviewed,Unknown,unclear,unclear,unclear,unclear,Not transitively audited in this finite first pass; declaration or literal call spelling alone is not effect evidence.,,crates/perry-runtime/src/promise/async_step.rs:858,crates/perry-codegen/src/runtime_decls/stdlib_ffi/language_core.rs:304,crates/perry-codegen/src/expr/misc_methods.rs:986,1,1,,,,5333,4897,12082,5333,4897,12082,5882,0,0
js_get_dynamic_parent_value,unreviewed,Unknown,unclear,unclear,unclear,unclear,Not transitively audited in this finite first pass; declaration or literal call spelling alone is not effect evidence.,,crates/perry-runtime/src/object/class_registry/parent_static.rs:420,crates/perry-codegen/src/runtime_decls/strings.rs:1441,crates/perry-codegen/src/codegen/method.rs:1150;crates/perry-codegen/src/expr/this_super_call.rs:684;crates/perry-codegen/src/lower_call/new.rs:1783,1,3,,,,545,545,3829,545,545,3829,545,0,0
js_get_exception,unreviewed,Unknown,unclear,unclear,unclear,unclear,Not transitively audited in this finite first pass; declaration or literal call spelling alone is not effect evidence.,,crates/perry-runtime/src/exception.rs:561,crates/perry-codegen/src/runtime_decls/strings_part2.rs:765,crates/perry-codegen/src/stmt/mod.rs:131;crates/perry-codegen/src/stmt/try_stmt.rs:143;crates/perry-codegen/src/stmt/try_stmt.rs:189;crates/perry-codegen/src/stmt/try_stmt.rs:211,1,4,,,,16279,16023,30655,16277,16021,30661,16338,0,0
js_get_function_prototype_method,unreviewed,Unknown,unclear,unclear,unclear,unclear,Not transitively audited in this finite first pass; declaration or literal call spelling alone is not effect evidence.,,crates/perry-runtime/src/object/class_registry/prototype_methods.rs:386,crates/perry-codegen/src/runtime_decls/strings.rs:1543,crates/perry-codegen/src/expr/static_field_meta.rs:854,1,1,,,,10,10,66,10,10,66,10,0,0
js_get_global_this,unreviewed,Unknown,unclear,unclear,unclear,unclear,Not transitively audited in this finite first pass; declaration or literal call spelling alone is not effect evidence.,,crates/perry-runtime/src/object/global_this/fetch_globals.rs:72,crates/perry-codegen/src/runtime_decls/strings_part2.rs:229,crates/perry-codegen/src/codegen/entry.rs:259;crates/perry-codegen/src/codegen/entry.rs:301;crates/perry-codegen/src/expr/env_clones.rs:25;crates/perry-codegen/src/expr/index_set.rs:465,1,4,,,,3,3,7,3,3,7,3,0,0
js_get_global_this_builtin_value,unreviewed,Unknown,unclear,unclear,unclear,unclear,Not transitively audited in this finite first pass; declaration or literal call spelling alone is not effect evidence.,,crates/perry-runtime/src/object/object_ops/prototype.rs:15,crates/perry-codegen/src/runtime_decls/strings.rs:1415,crates/perry-codegen/src/expr/dyn_extern_i18n.rs:979;crates/perry-codegen/src/expr/property_get/globalget.rs:72;crates/perry-codegen/src/expr/property_get/globalget.rs:133;crates/perry-codegen/src/expr/property_get/globalget.rs:159;crates/perry-codegen/src/expr/property_get/globalget.rs:200;crates/perry-codegen/src/expr/property_get/globalget.rs:222;crates/perry-codegen/src/expr/property_get/globalget.rs:282;crates/perry-codegen/src/expr/property_get/globalget.rs:436;crates/perry-codegen/src/expr/property_get/helpers.rs:175;crates/perry-codegen/src/expr/property_get.rs:673,1,10,,,,5649,5535,31479,5659,5545,31497,5663,0,0
js_get_iterator,unreviewed,Unknown,unclear,unclear,unclear,unclear,Not transitively audited in this finite first pass; declaration or literal call spelling alone is not effect evidence.,,crates/perry-runtime/src/symbol/iterator.rs:218,crates/perry-codegen/src/runtime_decls/arrays.rs:323,crates/perry-codegen/src/expr/arrays_finds.rs:812,1,1,,,,4738,4702,39706,4738,4702,39706,4743,0,0
js_get_string_pointer_unified,reviewed,Unknown,may allocate,may,may,no,"Null-string boxing, SSO materialization/cache miss, numeric-to-string or explicit string construction reaches Perry string allocation. Existing-header/short-value hot arms do not cover the complete helper.","value/nanbox.rs:123-133,274-325; string/alloc.rs:8-10,53-73,90-108,137-155,180-183; string/mod.rs:636-656",crates/perry-runtime/src/value/nanbox.rs:272,crates/perry-codegen/src/runtime_decls/strings.rs:1331,crates/perry-codegen/src/expr/compare.rs:910;crates/perry-codegen/src/expr/compare.rs:913;crates/perry-codegen/src/expr/dyn_extern_i18n.rs:107;crates/perry-codegen/src/expr/dyn_extern_i18n.rs:126;crates/perry-codegen/src/expr/dyn_extern_i18n.rs:647;crates/perry-codegen/src/expr/dyn_extern_i18n.rs:671;crates/perry-codegen/src/expr/env_clones.rs:91;crates/perry-codegen/src/expr/env_clones.rs:92;crates/perry-codegen/src/expr/env_clones.rs:112;crates/perry-codegen/src/expr/env_clones.rs:113;crates/perry-codegen/src/expr/env_clones.rs:114;crates/perry-codegen/src/expr/helpers.rs:726;crates/perry-codegen/src/expr/instance_misc1.rs:1630;crates/perry-codegen/src/lower_call/builtin.rs:949;crates/perry-codegen/src/lower_call/builtin.rs:1238;crates/perry-codegen/src/lower_call/console_promise.rs:427;crates/perry-codegen/src/lower_call/event_target.rs:36;crates/perry-codegen/src/lower_call/extern_func.rs:1536;crates/perry-codegen/src/lower_call/options/fetch.rs:116;crates/perry-codegen/src/lower_call/options/mod.rs:40,1,20,,,,18673,18558,62286,18685,18570,62357,18923,0,0
js_getenv_value,unreviewed,Unknown,unclear,unclear,unclear,unclear,Not transitively audited in this finite first pass; declaration or literal call spelling alone is not effect evidence.,,crates/perry-runtime/src/process/env_misc.rs:889,crates/perry-codegen/src/runtime_decls/strings.rs:901,crates/perry-codegen/src/expr/array_methods.rs:445;crates/perry-codegen/src/expr/array_methods.rs:455,1,2,,,,2033,1719,6449,2032,1719,6449,2033,0,0
js_global_assign_existing_or_throw,unreviewed,Unknown,unclear,unclear,unclear,unclear,Not transitively audited in this finite first pass; declaration or literal call spelling alone is not effect evidence.,,crates/perry-runtime/src/error.rs:1292,crates/perry-codegen/src/runtime_decls/strings.rs:1624,,1,0,,,,7,7,0,7,7,0,7,0,0
js_global_get_optional,unreviewed,Unknown,unclear,unclear,unclear,unclear,Not transitively audited in this finite first pass; declaration or literal call spelling alone is not effect evidence.,,crates/perry-runtime/src/error.rs:1352,crates/perry-codegen/src/runtime_decls/strings.rs:1620,,1,0,,,,130,120,360,132,122,364,132,0,0
js_global_get_or_throw_unresolved,unreviewed,Unknown,unclear,unclear,unclear,unclear,Not transitively audited in this finite first pass; declaration or literal call spelling alone is not effect evidence.,,crates/perry-runtime/src/error.rs:1129,crates/perry-codegen/src/runtime_decls/strings.rs:1596,,1,0,,,,185,177,557,189,181,566,189,0,0
js_headers_init_from_value,unreviewed,Unknown,unclear,unclear,unclear,unclear,Not transitively audited in this finite first pass; declaration or literal call spelling alone is not effect evidence.,,crates/perry-runtime/src/stdlib_stubs.rs:197,crates/perry-codegen/src/runtime_decls/strings_part2.rs:991,crates/perry-codegen/src/lower_call/builtin.rs:1370,1,1,,,,6,6,26,6,6,26,7,0,0
js_headers_new,unreviewed,Unknown,unclear,unclear,unclear,unclear,Not transitively audited in this finite first pass; declaration or literal call spelling alone is not effect evidence.,,crates/perry-runtime/src/stdlib_stubs.rs:190,crates/perry-codegen/src/runtime_decls/strings_part2.rs:972,crates/perry-codegen/src/lower_call/builtin.rs:1343;crates/perry-codegen/src/lower_call/options/mod.rs:50,1,2,,,,12,12,28,12,12,28,13,0,0
js_i32_box_alloc,reviewed,CannotCollect,may allocate,no,no,no,Uses std::alloc::alloc for raw fixed-size non-Perry cells and native TLS registry insertion; optional JSValue root barrier only marks/enqueues. No MALLOC_STATE object allocation or generated JS invocation.,"box.rs:669-783; gc_call_effects.rs:213-250 (existing audit authority, corroborated allocation body)",crates/perry-runtime/src/box.rs:717,crates/perry-codegen/src/runtime_decls/strings.rs:1090,crates/perry-codegen/src/stmt/mod.rs:689,1,1,,,,3402,0,0,3402,0,0,3402,0,0
js_i32_box_release,unreviewed,CannotCollect,unclear,unclear,unclear,unclear,Not transitively audited in this finite first pass; declaration or literal call spelling alone is not effect evidence.,,crates/perry-runtime/src/box.rs:845,crates/perry-codegen/src/runtime_decls/strings.rs:1094,,1,0,,,,6490,0,0,6490,0,0,6490,0,0
js_implicit_this_get,reviewed,CannotCollect,may allocate,no,no,no,"Raw implicit-this TLS Cell get/replace and bit conversion only; this is not a property getter or dispatch call. Cold HotTls initialization may reserve native backing via alloc_block_no_gc, as closed by audit-v2; no managed cell allocation, collection or JS reentry.","object/this_binding.rs:32-34,173-175,242-244; audit-v2/source-receipt.json cold HotTls/arena route",crates/perry-runtime/src/object/this_binding.rs:173,crates/perry-codegen/src/runtime_decls/stdlib_ffi/language_core.rs:391,crates/perry-codegen/src/codegen/artifacts.rs:1254;crates/perry-codegen/src/expr/closure.rs:337;crates/perry-codegen/src/expr/closure.rs:498,1,3,,,,13951,147,450,14007,147,450,14012,0,0
js_implicit_this_set,reviewed,CannotCollect,may allocate,no,no,no,"Raw implicit-this TLS Cell get/replace and bit conversion only; this is not a property getter or dispatch call. Cold HotTls initialization may reserve native backing via alloc_block_no_gc, as closed by audit-v2; no managed cell allocation, collection or JS reentry.","object/this_binding.rs:32-34,173-175,242-244; audit-v2/source-receipt.json cold HotTls/arena route",crates/perry-runtime/src/object/this_binding.rs:242,crates/perry-codegen/src/runtime_decls/stdlib_ffi/language_core.rs:393,crates/perry-codegen/src/rooting/mod.rs:1112;crates/perry-codegen/src/rooting/mod.rs:1135,1,2,,,,180455,32405,104618,180810,32442,104742,181924,0,0
js_in_operator,unreviewed,Unknown,unclear,unclear,unclear,unclear,Not transitively audited in this finite first pass; declaration or literal call spelling alone is not effect evidence.,,crates/perry-runtime/src/object/field_get_set/has_property.rs:230,crates/perry-codegen/src/runtime_decls/strings.rs:446,crates/perry-codegen/src/expr/logical_collections.rs:1162,1,1,,,,1690,1681,6588,1691,1682,6592,1696,0,0
js_inline_arena_slow_alloc,unreviewed,Unknown,unclear,unclear,unclear,unclear,Not transitively audited in this finite first pass; declaration or literal call spelling alone is not effect evidence.,,crates/perry-runtime/src/arena/inline.rs:70,crates/perry-codegen/src/runtime_decls/strings.rs:1160,crates/perry-codegen/src/expr/array_literal.rs:179;crates/perry-codegen/src/lower_call/new_alloc.rs:538,1,2,,,,11492,11071,60934,11511,11090,61006,11556,0,0
js_inline_arena_state,unreviewed,Unknown,unclear,unclear,unclear,unclear,Not transitively audited in this finite first pass; declaration or literal call spelling alone is not effect evidence.,,crates/perry-runtime/src/arena/inline.rs:34,crates/perry-codegen/src/runtime_decls/strings.rs:1159,crates/perry-codegen/src/codegen/function.rs:54;crates/perry-codegen/src/expr/mod.rs:2389;crates/perry-codegen/src/expr/mod.rs:2400,1,3,,,,8503,8182,44105,11420,10971,60267,11463,0,0
js_instanceof,unreviewed,Unknown,unclear,unclear,unclear,unclear,Not transitively audited in this finite first pass; declaration or literal call spelling alone is not effect evidence.,,crates/perry-runtime/src/object/instanceof.rs:1022,crates/perry-codegen/src/runtime_decls/strings.rs:1389,crates/perry-codegen/src/expr/instance_misc1.rs:624,1,1,,,,638,626,2331,638,626,2331,639,0,0
js_instanceof_dynamic,unreviewed,Unknown,unclear,unclear,unclear,unclear,Not transitively audited in this finite first pass; declaration or literal call spelling alone is not effect evidence.,,crates/perry-runtime/src/object/instanceof.rs:166,crates/perry-codegen/src/runtime_decls/strings.rs:1392,crates/perry-codegen/src/expr/instance_misc1.rs:338;crates/perry-codegen/src/expr/instance_misc1.rs:369,1,2,,,,759,720,2305,759,720,2306,759,0,0
js_interval_timer_has_pending,unreviewed,Unknown,unclear,unclear,unclear,unclear,Not transitively audited in this finite first pass; declaration or literal call spelling alone is not effect evidence.,,crates/perry-runtime/src/timer.rs:1815,crates/perry-codegen/src/runtime_decls/strings_part2.rs:783,crates/perry-codegen/src/codegen/entry.rs:213;crates/perry-codegen/src/expr/fs_await.rs:240,1,2,,,,339,291,612,339,291,612,339,0,0
js_is_finite,reviewed,Unknown,may allocate,may,may,may,"Whole exported route includes js_number_coerce / js_math_to_number, with object valueOf/toString and Symbol/BigInt error paths. Array variants additionally call generic length/element access. Numeric-only callers do not certify this whole export.","math.rs:9-64,180-181,294-386; builtins/numbers.rs:436-640,771-810",crates/perry-runtime/src/builtins/numbers.rs:793,crates/perry-codegen/src/runtime_decls/strings.rs:425,crates/perry-codegen/src/expr/logical_collections.rs:958,1,1,,,,26,26,69,26,26,69,26,0,0
js_is_nan,reviewed,Unknown,may allocate,may,may,may,"Whole exported route includes js_number_coerce / js_math_to_number, with object valueOf/toString and Symbol/BigInt error paths. Array variants additionally call generic length/element access. Numeric-only callers do not certify this whole export.","math.rs:9-64,180-181,294-386; builtins/numbers.rs:436-640,771-810",crates/perry-runtime/src/builtins/numbers.rs:771,crates/perry-codegen/src/runtime_decls/stdlib_ffi/language_core.rs:124,crates/perry-codegen/src/expr/math_simple.rs:436,1,1,,,,160,159,683,160,159,683,162,0,0
js_is_symbol,unreviewed,Unknown,unclear,unclear,unclear,unclear,Not transitively audited in this finite first pass; declaration or literal call spelling alone is not effect evidence.,,crates/perry-runtime/src/symbol.rs:954,crates/perry-codegen/src/runtime_decls/strings_part2.rs:288,crates/perry-codegen/src/expr/index_get.rs:1865;crates/perry-codegen/src/expr/index_set.rs:1551,1,2,,,,1641,1401,6706,1641,1401,6706,1679,0,0
js_is_truthy,unreviewed,CannotCollect,unclear,unclear,unclear,unclear,Not transitively audited in this finite first pass; declaration or literal call spelling alone is not effect evidence.,,crates/perry-runtime/src/value/truthy.rs:16,crates/perry-codegen/src/module.rs:1653;crates/perry-codegen/src/module.rs:1721;crates/perry-codegen/src/runtime_decls/mod.rs:165,crates/perry-codegen/src/expr/logical_collections.rs:269;crates/perry-codegen/src/expr/proxy_reflect.rs:1850;crates/perry-codegen/src/lower_call/extern_func.rs:926;crates/perry-codegen/src/lower_call/method_override.rs:199;crates/perry-codegen/src/lower_call/native/native_ui_appshell_branch.rs:102;crates/perry-codegen/src/lower_conditional.rs:141;crates/perry-codegen/src/module.rs:1728,3,7,,,,78228,0,0,81610,0,0,83277,0,0
js_iter_result_get_done,unreviewed,Unknown,unclear,unclear,unclear,unclear,Not transitively audited in this finite first pass; declaration or literal call spelling alone is not effect evidence.,,crates/perry-runtime/src/promise/mod.rs:465,crates/perry-codegen/src/runtime_decls/stdlib_ffi/language_core.rs:291,crates/perry-codegen/src/expr/misc_methods.rs:934,1,1,,,,3215,3214,6428,3215,3214,6428,3215,0,0
js_iter_result_get_value,unreviewed,Unknown,unclear,unclear,unclear,unclear,Not transitively audited in this finite first pass; declaration or literal call spelling alone is not effect evidence.,,crates/perry-runtime/src/promise/mod.rs:396,crates/perry-codegen/src/runtime_decls/stdlib_ffi/language_core.rs:287,crates/perry-codegen/src/expr/misc_methods.rs:929,1,1,,,,6430,6428,6428,6430,6428,6428,6430,0,0
js_iter_result_set,unreviewed,Unknown,unclear,unclear,unclear,unclear,Not transitively audited in this finite first pass; declaration or literal call spelling alone is not effect evidence.,,crates/perry-runtime/src/promise/mod.rs:345,crates/perry-codegen/src/runtime_decls/stdlib_ffi/language_core.rs:283,crates/perry-codegen/src/expr/misc_methods.rs:922,1,1,,,,22565,22530,68563,22639,22530,68563,24978,0,0
js_iter_result_set_f64,unreviewed,Unknown,unclear,unclear,unclear,unclear,Not transitively audited in this finite first pass; declaration or literal call spelling alone is not effect evidence.,,crates/perry-runtime/src/promise/mod.rs:358,crates/perry-codegen/src/runtime_decls/stdlib_ffi/language_core.rs:284,crates/perry-codegen/src/expr/misc_methods.rs:901,1,1,,,,11,11,33,11,11,33,11,0,0
js_iter_result_set_i1,unreviewed,Unknown,unclear,unclear,unclear,unclear,Not transitively audited in this finite first pass; declaration or literal call spelling alone is not effect evidence.,,crates/perry-runtime/src/promise/mod.rs:384,crates/perry-codegen/src/runtime_decls/stdlib_ffi/language_core.rs:286,crates/perry-codegen/src/expr/misc_methods.rs:862,1,1,,,,308,308,931,308,308,931,308,0,0
js_iter_result_set_i32,unreviewed,Unknown,unclear,unclear,unclear,unclear,Not transitively audited in this finite first pass; declaration or literal call spelling alone is not effect evidence.,,crates/perry-runtime/src/promise/mod.rs:371,crates/perry-codegen/src/runtime_decls/stdlib_ffi/language_core.rs:285,crates/perry-codegen/src/expr/misc_methods.rs:881,1,1,,,,18,18,54,18,18,54,18,0,0
js_iterator_close_if_not_done,unreviewed,Unknown,unclear,unclear,unclear,unclear,Not transitively audited in this finite first pass; declaration or literal call spelling alone is not effect evidence.,,crates/perry-runtime/src/array/iterator.rs:1356,crates/perry-codegen/src/runtime_decls/arrays.rs:319,crates/perry-codegen/src/lower_call/native/native_runtime_branch.rs:22,1,1,,,,2936,2932,33032,2936,2932,33032,2936,0,0
js_iterator_next_result,unreviewed,Unknown,unclear,unclear,unclear,unclear,Not transitively audited in this finite first pass; declaration or literal call spelling alone is not effect evidence.,,crates/perry-runtime/src/array/iterator.rs:1303,crates/perry-codegen/src/runtime_decls/arrays.rs:318,crates/perry-codegen/src/lower_call/native/native_runtime_branch.rs:11,1,1,,,,2934,2930,59223,2934,2930,59223,2934,0,0
js_iterator_rest_to_array,unreviewed,Unknown,unclear,unclear,unclear,unclear,Not transitively audited in this finite first pass; declaration or literal call spelling alone is not effect evidence.,,crates/perry-runtime/src/array/iterator.rs:1707,crates/perry-codegen/src/runtime_decls/arrays.rs:320,crates/perry-codegen/src/lower_call/native/native_runtime_branch.rs:62,1,1,,,,28,28,122,28,28,122,28,0,0
js_iterator_result_validate,unreviewed,Unknown,unclear,unclear,unclear,unclear,Not transitively audited in this finite first pass; declaration or literal call spelling alone is not effect evidence.,,crates/perry-runtime/src/symbol/iterator.rs:190,crates/perry-codegen/src/runtime_decls/strings.rs:1576,,1,0,,,,869,869,2267,869,869,2267,869,0,0
js_iterator_to_array,unreviewed,Unknown,unclear,unclear,unclear,unclear,Not transitively audited in this finite first pass; declaration or literal call spelling alone is not effect evidence.,,crates/perry-runtime/src/array/iterator.rs:1524,crates/perry-codegen/src/runtime_decls/arrays.rs:317,crates/perry-codegen/src/expr/arrays_finds.rs:803,1,1,,,,2,2,9,2,2,9,2,0,0
js_json_parse,unreviewed,Unknown,unclear,unclear,unclear,unclear,Not transitively audited in this finite first pass; declaration or literal call spelling alone is not effect evidence.,,crates/perry-runtime/src/json/parse_api.rs:276,crates/perry-codegen/src/runtime_decls/strings.rs:1733,crates/perry-codegen/src/expr/instance_misc1.rs:1598;crates/perry-codegen/src/expr/instance_misc1.rs:1678,1,2,,,,133,133,276,133,133,276,133,0,0
js_json_parse_or_null,unreviewed,Unknown,unclear,unclear,unclear,unclear,Not transitively audited in this finite first pass; declaration or literal call spelling alone is not effect evidence.,,crates/perry-runtime/src/json/parse_api.rs:42,crates/perry-codegen/src/runtime_decls/strings.rs:1743,crates/perry-codegen/src/lower_call/native/jsonwebtoken.rs:262;crates/perry-codegen/src/lower_call/native/jsonwebtoken.rs:288;crates/perry-codegen/src/lower_call/native_module_dispatch.rs:315,1,3,,,,1,1,2,1,1,2,1,0,0
js_json_parse_with_reviver,unreviewed,Unknown,unclear,unclear,unclear,unclear,Not transitively audited in this finite first pass; declaration or literal call spelling alone is not effect evidence.,,crates/perry-runtime/src/json/reviver.rs:831,crates/perry-codegen/src/runtime_decls/strings_part2.rs:687,crates/perry-codegen/src/expr/instance_misc1.rs:1689;crates/perry-codegen/src/expr/instance_misc1.rs:1702,1,2,,,,7,7,19,7,7,19,7,0,0
js_json_stringify_full,unreviewed,Unknown,unclear,unclear,unclear,unclear,Not transitively audited in this finite first pass; declaration or literal call spelling alone is not effect evidence.,,crates/perry-runtime/src/json/replacer.rs:1580,crates/perry-codegen/src/runtime_decls/strings_part2.rs:686,crates/perry-codegen/src/expr/math_simple.rs:1224,1,1,,,,226,226,591,226,226,591,226,0,0
js_json_text_to_string,unreviewed,Unknown,unclear,unclear,unclear,unclear,Not transitively audited in this finite first pass; declaration or literal call spelling alone is not effect evidence.,,crates/perry-runtime/src/json/parse_api.rs:16,crates/perry-codegen/src/runtime_decls/strings.rs:1735,crates/perry-codegen/src/expr/instance_misc1.rs:1597,1,1,,,,133,133,276,133,133,276,133,0,0
js_jsvalue_to_string,unreviewed,Unknown,unclear,unclear,unclear,unclear,Not transitively audited in this finite first pass; declaration or literal call spelling alone is not effect evidence.,,crates/perry-runtime/src/value/to_string.rs:1003,crates/perry-codegen/src/runtime_decls/strings.rs:22,crates/perry-codegen/src/lower_call/builtin.rs:1359;crates/perry-codegen/src/lower_call/options/fetch.rs:136;crates/perry-codegen/src/lower_call/options/mod.rs:58;crates/perry-codegen/src/lower_string_concat.rs:341;crates/perry-codegen/src/lower_string_concat.rs:619;crates/perry-codegen/src/lower_string_concat.rs:628;crates/perry-codegen/src/lower_string_method.rs:1383,1,7,,,,391,391,1994,391,391,1994,408,0,0
js_jsvalue_to_string_coerce,unreviewed,Unknown,unclear,unclear,unclear,unclear,Not transitively audited in this finite first pass; declaration or literal call spelling alone is not effect evidence.,,crates/perry-runtime/src/value/to_string.rs:1556,crates/perry-codegen/src/runtime_decls/strings.rs:27,crates/perry-codegen/src/expr/child_proc.rs:374;crates/perry-codegen/src/expr/instance_misc1.rs:1222;crates/perry-codegen/src/expr/instance_misc1.rs:1261,1,3,,,,837,835,3223,837,835,3224,841,0,0
js_jsvalue_to_string_method,unreviewed,Unknown,unclear,unclear,unclear,unclear,Not transitively audited in this finite first pass; declaration or literal call spelling alone is not effect evidence.,,crates/perry-runtime/src/value/to_string.rs:1457,crates/perry-codegen/src/runtime_decls/strings.rs:24,crates/perry-codegen/src/lower_call/property_get/number_string.rs:232,1,1,,,,492,492,1595,492,492,1595,494,0,0
js_jsvalue_to_string_radix,unreviewed,Unknown,unclear,unclear,unclear,unclear,Not transitively audited in this finite first pass; declaration or literal call spelling alone is not effect evidence.,,crates/perry-runtime/src/value/to_string.rs:1708,crates/perry-codegen/src/runtime_decls/strings.rs:773,crates/perry-codegen/src/lower_call/property_get/number_string.rs:182,1,1,,,,153,152,331,153,152,331,153,0,0
js_loose_eq,unreviewed,Unknown,unclear,unclear,unclear,unclear,Not transitively audited in this finite first pass; declaration or literal call spelling alone is not effect evidence.,,crates/perry-runtime/src/builtins/arithmetic.rs:81,crates/perry-codegen/src/runtime_decls/strings.rs:1173,,1,0,,,,417,412,1927,417,412,1927,418,0,0
js_map_alloc,unreviewed,Unknown,unclear,unclear,unclear,unclear,Not transitively audited in this finite first pass; declaration or literal call spelling alone is not effect evidence.,,crates/perry-runtime/src/map.rs:1544,crates/perry-codegen/src/function/precise_roots.rs:333;crates/perry-codegen/src/native_emit.rs:928;crates/perry-codegen/src/runtime_decls/strings.rs:166,crates/perry-codegen/src/expr/math_simple.rs:1236;crates/perry-codegen/src/function/precise_roots.rs:347;crates/perry-codegen/src/function/precise_roots.rs:362;crates/perry-codegen/src/native_emit.rs:964,3,4,,,,613,603,3829,613,603,3829,613,0,0
js_map_clear,unreviewed,Unknown,unclear,unclear,unclear,unclear,Not transitively audited in this finite first pass; declaration or literal call spelling alone is not effect evidence.,,crates/perry-runtime/src/map.rs:2794,crates/perry-codegen/src/runtime_decls/strings.rs:1229,crates/perry-codegen/src/expr/arrays_finds.rs:568;crates/perry-codegen/src/lower_call/property_get/map_set.rs:159,1,2,,,,36,36,50,36,36,50,36,0,0
js_map_compaction_epoch,unreviewed,Unknown,unclear,unclear,unclear,unclear,Not transitively audited in this finite first pass; declaration or literal call spelling alone is not effect evidence.,,crates/perry-runtime/src/map.rs:1679,crates/perry-codegen/src/runtime_decls/strings.rs:1253,,1,0,,,,70,70,253,70,70,253,70,0,0
js_map_cursor_next,unreviewed,Unknown,unclear,unclear,unclear,unclear,Not transitively audited in this finite first pass; declaration or literal call spelling alone is not effect evidence.,,crates/perry-runtime/src/map.rs:1660,crates/perry-codegen/src/runtime_decls/strings.rs:1252,,1,0,,,,70,70,253,70,70,253,70,0,0
js_map_delete,unreviewed,Unknown,unclear,unclear,unclear,unclear,Not transitively audited in this finite first pass; declaration or literal call spelling alone is not effect evidence.,,crates/perry-runtime/src/map.rs:2657,crates/perry-codegen/src/runtime_decls/strings.rs:418,crates/perry-codegen/src/expr/logical_collections.rs:387;crates/perry-codegen/src/expr/logical_collections.rs:903;crates/perry-codegen/src/lower_call/property_get/map_set.rs:147,1,3,,,,79,79,249,79,79,249,79,0,0
js_map_entries,unreviewed,Unknown,unclear,unclear,unclear,unclear,Not transitively audited in this finite first pass; declaration or literal call spelling alone is not effect evidence.,,crates/perry-runtime/src/map.rs:3010,crates/perry-codegen/src/runtime_decls/strings.rs:1232,,1,0,,,,2,2,4,2,2,4,2,0,0
js_map_entries_iter_obj,unreviewed,Unknown,unclear,unclear,unclear,unclear,Not transitively audited in this finite first pass; declaration or literal call spelling alone is not effect evidence.,,crates/perry-runtime/src/collection_iter_object.rs:146,crates/perry-codegen/src/runtime_decls/strings.rs:1262,,1,0,,,,9,9,50,9,9,50,9,0,0
js_map_entry_key_raw_at,unreviewed,Unknown,unclear,unclear,unclear,unclear,Not transitively audited in this finite first pass; declaration or literal call spelling alone is not effect evidence.,,crates/perry-runtime/src/map.rs:2951,crates/perry-codegen/src/runtime_decls/strings.rs:1242,,1,0,,,,50,50,183,50,50,183,50,0,0
js_map_entry_value_raw_at,unreviewed,Unknown,unclear,unclear,unclear,unclear,Not transitively audited in this finite first pass; declaration or literal call spelling alone is not effect evidence.,,crates/perry-runtime/src/map.rs:2989,crates/perry-codegen/src/runtime_decls/strings.rs:1243,,1,0,,,,64,64,290,64,64,290,64,0,0
js_map_foreach,unreviewed,Unknown,unclear,unclear,unclear,unclear,Not transitively audited in this finite first pass; declaration or literal call spelling alone is not effect evidence.,,crates/perry-runtime/src/map.rs:3378,crates/perry-codegen/src/runtime_decls/strings.rs:1257,crates/perry-codegen/src/lower_call/property_get/map_set.rs:357,1,1,,,,3,3,2,3,3,2,3,0,0
js_map_from_iterable,unreviewed,Unknown,unclear,unclear,unclear,unclear,Not transitively audited in this finite first pass; declaration or literal call spelling alone is not effect evidence.,,crates/perry-runtime/src/map.rs:3260,crates/perry-codegen/src/runtime_decls/strings.rs:444,crates/perry-codegen/src/expr/misc_methods.rs:165,1,1,,,,87,87,235,87,87,235,87,0,0
js_map_get,unreviewed,Unknown,unclear,unclear,unclear,unclear,Not transitively audited in this finite first pass; declaration or literal call spelling alone is not effect evidence.,,crates/perry-runtime/src/map.rs:2373,crates/perry-codegen/src/runtime_decls/strings.rs:411,crates/perry-codegen/src/expr/math_simple.rs:334;crates/perry-codegen/src/expr/math_simple.rs:943;crates/perry-codegen/src/lower_call/property_get/map_set.rs:118,1,3,,,,347,347,1853,347,347,1853,349,0,0
js_map_has,unreviewed,Unknown,unclear,unclear,unclear,unclear,Not transitively audited in this finite first pass; declaration or literal call spelling alone is not effect evidence.,,crates/perry-runtime/src/map.rs:2515,crates/perry-codegen/src/runtime_decls/strings.rs:415,crates/perry-codegen/src/expr/math_simple.rs:405;crates/perry-codegen/src/expr/math_simple.rs:1003;crates/perry-codegen/src/lower_call/property_get/map_set.rs:132,1,3,,,,78,78,413,78,78,413,78,0,0
js_map_keys_iter_obj,unreviewed,Unknown,unclear,unclear,unclear,unclear,Not transitively audited in this finite first pass; declaration or literal call spelling alone is not effect evidence.,,crates/perry-runtime/src/collection_iter_object.rs:151,crates/perry-codegen/src/runtime_decls/strings.rs:1263,,1,0,,,,7,7,17,7,7,17,7,0,0
js_map_set,unreviewed,Unknown,unclear,unclear,unclear,unclear,Not transitively audited in this finite first pass; declaration or literal call spelling alone is not effect evidence.,,crates/perry-runtime/src/map.rs:2173,crates/perry-codegen/src/runtime_decls/strings.rs:402,crates/perry-codegen/src/expr/math_simple.rs:238;crates/perry-codegen/src/expr/math_simple.rs:871;crates/perry-codegen/src/lower_call/property_get/map_set.rs:102,1,3,,,,411,411,1759,411,411,1759,414,0,0
js_map_set_subclass_init,unreviewed,Unknown,unclear,unclear,unclear,unclear,Not transitively audited in this finite first pass; declaration or literal call spelling alone is not effect evidence.,,crates/perry-runtime/src/object/map_set_subclass.rs:425,crates/perry-codegen/src/runtime_decls/stdlib_ffi/streams_events.rs:18,crates/perry-codegen/src/expr/this_super_call.rs:393;crates/perry-codegen/src/expr/this_super_call.rs:896;crates/perry-codegen/src/lower_call/new_helpers.rs:247,1,3,,,,1,1,5,1,1,5,1,0,0
js_map_size,unreviewed,Unknown,unclear,unclear,unclear,unclear,Not transitively audited in this finite first pass; declaration or literal call spelling alone is not effect evidence.,,crates/perry-runtime/src/map.rs:1618,crates/perry-codegen/src/runtime_decls/strings.rs:1228,crates/perry-codegen/src/expr/property_get.rs:584,1,1,,,,32,32,118,32,32,118,32,0,0
js_map_values_iter_obj,unreviewed,Unknown,unclear,unclear,unclear,unclear,Not transitively audited in this finite first pass; declaration or literal call spelling alone is not effect evidence.,,crates/perry-runtime/src/collection_iter_object.rs:156,crates/perry-codegen/src/runtime_decls/strings.rs:1264,,1,0,,,,18,18,49,18,18,49,18,0,0
js_mark_entry_module_esm,unreviewed,Unknown,unclear,unclear,unclear,unclear,Not transitively audited in this finite first pass; declaration or literal call spelling alone is not effect evidence.,,crates/perry-runtime/src/promise/microtasks.rs:85,crates/perry-codegen/src/runtime_decls/strings_part2.rs:726,crates/perry-codegen/src/codegen/entry.rs:1145,1,1,,,,1,1,0,1,1,0,1,0,0
js_math_atan2,reviewed,Unknown,unclear,no,no,no,"Complete Perry bodies are scalar f64 operations, with no Perry allocation/GC/callback route. Native compiler/libm backend internals are outside this source audit, so total native allocation is not certified never.","math.rs:68-161,232-283",crates/perry-runtime/src/math.rs:147,crates/perry-codegen/src/runtime_decls/stdlib_ffi/language_core.rs:37,crates/perry-codegen/src/expr/string_regex_proc.rs:366,1,1,,,,2,2,6,2,2,6,2,0,0
js_math_cbrt,reviewed,Unknown,unclear,no,no,no,"Complete Perry bodies are scalar f64 operations, with no Perry allocation/GC/callback route. Native compiler/libm backend internals are outside this source audit, so total native allocation is not certified never.","math.rs:68-161,232-283",crates/perry-runtime/src/math.rs:153,crates/perry-codegen/src/runtime_decls/strings_part2.rs:39,crates/perry-codegen/src/expr/misc_methods.rs:685,1,1,,,,6,6,6,6,6,6,6,0,0
js_math_clz32,reviewed,Unknown,never allocates,no,no,no,Complete raw-f64 bodies use casts or finite/truncation/modulo/leading-zero arithmetic; no js_math_to_number call. Ordinary numeric intrinsic/libm ABI only.,"math.rs:159-161,219-227",crates/perry-runtime/src/math.rs:219,crates/perry-codegen/src/runtime_decls/strings_part2.rs:38,crates/perry-codegen/src/expr/array_methods.rs:336,1,1,,,,7,3,2,7,3,2,7,0,0
js_math_fround,reviewed,Unknown,never allocates,no,no,no,Complete raw-f64 bodies use casts or finite/truncation/modulo/leading-zero arithmetic; no js_math_to_number call. Ordinary numeric intrinsic/libm ABI only.,"math.rs:159-161,219-227",crates/perry-runtime/src/math.rs:159,crates/perry-codegen/src/runtime_decls/strings_part2.rs:40,crates/perry-codegen/src/expr/misc_methods.rs:148,1,1,,,,2,2,1,2,2,1,2,0,0
js_math_hypot,reviewed,Unknown,unclear,no,no,no,"Complete Perry bodies are scalar f64 operations, with no Perry allocation/GC/callback route. Native compiler/libm backend internals are outside this source audit, so total native allocation is not certified never.","math.rs:68-161,232-283",crates/perry-runtime/src/math.rs:281,crates/perry-codegen/src/runtime_decls/strings_part2.rs:48,crates/perry-codegen/src/expr/misc_methods.rs:1059,1,1,,,,1,1,3,1,1,3,1,0,0
js_math_imul,reviewed,Unknown,may allocate,may,may,may,"Whole exported route includes js_number_coerce / js_math_to_number, with object valueOf/toString and Symbol/BigInt error paths. Array variants additionally call generic length/element access. Numeric-only callers do not certify this whole export.","math.rs:9-64,180-181,294-386; builtins/numbers.rs:436-640,771-810",crates/perry-runtime/src/math.rs:62,crates/perry-codegen/src/runtime_decls/strings.rs:110,crates/perry-codegen/src/expr/math_simple.rs:468,1,1,,,,1,1,1,1,1,1,1,0,0
js_math_max2,reviewed,Unknown,may allocate,may,may,may,"Whole exported route includes js_number_coerce / js_math_to_number, with object valueOf/toString and Symbol/BigInt error paths. Array variants additionally call generic length/element access. Numeric-only callers do not certify this whole export.","math.rs:9-64,180-181,294-386; builtins/numbers.rs:436-640,771-810",crates/perry-runtime/src/math.rs:375,crates/perry-codegen/src/runtime_decls/strings.rs:430,crates/perry-codegen/src/expr/logical_collections.rs:1045,1,1,,,,568,564,4347,568,564,4347,570,0,0
js_math_max_array,reviewed,Unknown,may allocate,may,may,may,"Whole exported route includes js_number_coerce / js_math_to_number, with object valueOf/toString and Symbol/BigInt error paths. Array variants additionally call generic length/element access. Numeric-only callers do not certify this whole export.","math.rs:9-64,180-181,294-386; builtins/numbers.rs:436-640,771-810",crates/perry-runtime/src/math.rs:342,crates/perry-codegen/src/runtime_decls/strings.rs:428,crates/perry-codegen/src/expr/logical_collections.rs:1071;crates/perry-codegen/src/expr/logical_collections.rs:1079,1,2,,,,24,24,85,24,24,85,24,0,0
js_math_min2,reviewed,Unknown,may allocate,may,may,may,"Whole exported route includes js_number_coerce / js_math_to_number, with object valueOf/toString and Symbol/BigInt error paths. Array variants additionally call generic length/element access. Numeric-only callers do not certify this whole export.","math.rs:9-64,180-181,294-386; builtins/numbers.rs:436-640,771-810",crates/perry-runtime/src/math.rs:327,crates/perry-codegen/src/runtime_decls/strings.rs:429,crates/perry-codegen/src/expr/logical_collections.rs:995,1,1,,,,456,455,2432,456,455,2432,457,0,0
js_math_min_array,reviewed,Unknown,may allocate,may,may,may,"Whole exported route includes js_number_coerce / js_math_to_number, with object valueOf/toString and Symbol/BigInt error paths. Array variants additionally call generic length/element access. Numeric-only callers do not certify this whole export.","math.rs:9-64,180-181,294-386; builtins/numbers.rs:436-640,771-810",crates/perry-runtime/src/math.rs:294,crates/perry-codegen/src/runtime_decls/strings.rs:427,crates/perry-codegen/src/expr/logical_collections.rs:1026;crates/perry-codegen/src/expr/logical_collections.rs:1034,1,2,,,,17,17,67,17,17,67,17,0,0
js_math_pow,reviewed,Unknown,unclear,no,no,no,"Complete Perry bodies are scalar f64 operations, with no Perry allocation/GC/callback route. Native compiler/libm backend internals are outside this source audit, so total native allocation is not certified never.","math.rs:68-161,232-283",crates/perry-runtime/src/math.rs:68,crates/perry-codegen/src/runtime_decls/strings.rs:111,crates/perry-codegen/src/expr/binary.rs:1297;crates/perry-codegen/src/expr/math_simple.rs:445,1,2,,,,95,95,340,95,95,340,95,0,0
js_math_random,reviewed,Unknown,unclear,unclear,unclear,unclear,rand::rng()->random uses a dependency-owned thread RNG; cold initialization/reseed allocator and integration not audited. Not certified from scalar return.,math.rs:287-290,crates/perry-runtime/src/math.rs:287,crates/perry-codegen/src/runtime_decls/strings.rs:774,crates/perry-codegen/src/expr/math_simple.rs:1091,1,1,,,,99,92,296,99,92,296,100,0,0
js_math_round,reviewed,Unknown,may allocate,may,may,may,"Whole exported route includes js_number_coerce / js_math_to_number, with object valueOf/toString and Symbol/BigInt error paths. Array variants additionally call generic length/element access. Numeric-only callers do not certify this whole export.","math.rs:9-64,180-181,294-386; builtins/numbers.rs:436-640,771-810",crates/perry-runtime/src/math.rs:34,crates/perry-codegen/src/runtime_decls/strings.rs:108,crates/perry-codegen/src/expr/math_simple.rs:1059,1,1,,,,306,296,1169,306,296,1169,306,0,0
js_math_to_number,reviewed,Unknown,may allocate,may,may,may,"Whole exported route includes js_number_coerce / js_math_to_number, with object valueOf/toString and Symbol/BigInt error paths. Array variants additionally call generic length/element access. Numeric-only callers do not certify this whole export.","math.rs:9-64,180-181,294-386; builtins/numbers.rs:436-640,771-810",crates/perry-runtime/src/math.rs:9,crates/perry-codegen/src/runtime_decls/strings.rs:638,crates/perry-codegen/src/expr/dispatch.rs:665,1,1,,,,391,381,2052,393,383,2065,393,0,0
js_math_trunc,reviewed,Unknown,may allocate,may,may,may,"Whole exported route includes js_number_coerce / js_math_to_number, with object valueOf/toString and Symbol/BigInt error paths. Array variants additionally call generic length/element access. Numeric-only callers do not certify this whole export.","math.rs:9-64,180-181,294-386; builtins/numbers.rs:436-640,771-810",crates/perry-runtime/src/math.rs:25,crates/perry-codegen/src/runtime_decls/strings.rs:107,crates/perry-codegen/src/expr/math_simple.rs:1063,1,1,,,,13,13,34,13,13,34,13,0,0
js_message_channel_new,unreviewed,Unknown,unclear,unclear,unclear,unclear,Not transitively audited in this finite first pass; declaration or literal call spelling alone is not effect evidence.,,crates/perry-runtime/src/messaging.rs:585,crates/perry-codegen/src/runtime_decls/strings_part2.rs:1345,crates/perry-codegen/src/lower_call/builtin.rs:498,1,1,,,,1,1,0,1,1,0,1,0,0
js_microtasks_pending,unreviewed,Unknown,unclear,unclear,unclear,unclear,Not transitively audited in this finite first pass; declaration or literal call spelling alone is not effect evidence.,,crates/perry-runtime/src/promise/mod.rs:1258,crates/perry-codegen/src/runtime_decls/strings_part2.rs:793,crates/perry-codegen/src/codegen/entry.rs:237;crates/perry-codegen/src/expr/fs_await.rs:245,1,2,,,,339,291,612,339,291,612,339,0,0
js_module_create_require_devirt,unreviewed,Unknown,unclear,unclear,unclear,unclear,Not transitively audited in this finite first pass; declaration or literal call spelling alone is not effect evidence.,,crates/perry-runtime/src/module_require.rs:795,crates/perry-codegen/src/runtime_decls/strings.rs:1617,,1,0,,,,4,4,5,4,4,5,4,0,0
js_module_dynamic_import_apply_hooks,unreviewed,Unknown,unclear,unclear,unclear,unclear,Not transitively audited in this finite first pass; declaration or literal call spelling alone is not effect evidence.,,crates/perry-runtime/src/process/node_module.rs:1090,crates/perry-codegen/src/runtime_decls/stdlib_ffi/language_core.rs:412,crates/perry-codegen/src/expr/dyn_extern_i18n.rs:608;crates/perry-codegen/src/expr/dyn_extern_i18n.rs:632,1,2,,,,11,11,30,11,11,30,11,0,0
js_module_dynamic_import_deferred,unreviewed,Unknown,unclear,unclear,unclear,unclear,Not transitively audited in this finite first pass; declaration or literal call spelling alone is not effect evidence.,,crates/perry-runtime/src/module_require.rs:1300,crates/perry-codegen/src/runtime_decls/strings.rs:1610,crates/perry-codegen/src/expr/dyn_extern_i18n.rs:592,1,1,,,,1,1,3,1,1,3,1,0,0
js_module_dynamic_import_fallback,unreviewed,Unknown,unclear,unclear,unclear,unclear,Not transitively audited in this finite first pass; declaration or literal call spelling alone is not effect evidence.,,crates/perry-runtime/src/module_require.rs:1284,crates/perry-codegen/src/runtime_decls/strings.rs:1609,crates/perry-codegen/src/expr/dyn_extern_i18n.rs:613;crates/perry-codegen/src/expr/dyn_extern_i18n.rs:754,1,2,,,,11,11,30,11,11,30,11,0,0
js_nanbox_string,reviewed,Unknown,may allocate,may,may,no,"Null-string boxing, SSO materialization/cache miss, numeric-to-string or explicit string construction reaches Perry string allocation. Existing-header/short-value hot arms do not cover the complete helper.","value/nanbox.rs:123-133,274-325; string/alloc.rs:8-10,53-73,90-108,137-155,180-183; string/mod.rs:636-656",crates/perry-runtime/src/value/nanbox.rs:123,crates/perry-codegen/src/module.rs:1654;crates/perry-codegen/src/runtime_decls/mod.rs:138,crates/perry-codegen/src/block.rs:1725;crates/perry-codegen/src/codegen/closure.rs:100;crates/perry-codegen/src/codegen/function.rs:268;crates/perry-codegen/src/codegen/method_trampolines.rs:76;crates/perry-codegen/src/codegen/string_pool.rs:437;crates/perry-codegen/src/lower_call/early_branches.rs:1006;crates/perry-codegen/src/lower_call/func_ref.rs:1313;crates/perry-codegen/src/lower_call/method_override.rs:1666;crates/perry-codegen/src/native_value/materialize.rs:482;crates/perry-codegen/src/native_value/materialize.rs:496,2,10,,,,94767,0,0,94767,0,0,94767,0,0
js_native_call_method,reviewed,Unknown,may allocate,may,may,may,"Dynamic dispatch can invoke arbitrary generated JS, Proxy apply/get, accessor or native constructor routes; plain successful RegExp.test arm does not cover whole dispatcher. by-id/feedback wrappers ultimately forward to same method dispatcher.","closure/dispatch/value_call.rs:31-106; object/native_call_method.rs:500-536,660,1206; typed_feedback/guards.rs:853-917",crates/perry-runtime/src/object/native_call_method.rs:1206,crates/perry-codegen/src/runtime_decls/stdlib_ffi/language_core.rs:413;crates/perry-codegen/src/runtime_decls/strings_part2.rs:855,crates/perry-codegen/src/expr/calls/crypto_hash.rs:274;crates/perry-codegen/src/expr/calls/crypto_hash.rs:306;crates/perry-codegen/src/expr/proxy_reflect.rs:331;crates/perry-codegen/src/expr/static_method.rs:56;crates/perry-codegen/src/lower_array_method.rs:1185;crates/perry-codegen/src/lower_call/native/mod.rs:399;crates/perry-codegen/src/lower_call/native/mod.rs:453;crates/perry-codegen/src/lower_call/native/mod.rs:520;crates/perry-codegen/src/lower_call/native/mod.rs:572;crates/perry-codegen/src/lower_call/property_get/dynamic_dispatch.rs:1891;crates/perry-codegen/src/lower_call/property_get/dynamic_dispatch.rs:1952;crates/perry-codegen/src/lower_call/web_storage.rs:61,2,12,,,,42322,41530,229976,42377,41553,230028,42469,0,0
js_native_call_method_apply_by_id,unreviewed,Unknown,unclear,unclear,unclear,unclear,Not transitively audited in this finite first pass; declaration or literal call spelling alone is not effect evidence.,,crates/perry-runtime/src/object/native_call_method.rs:539,crates/perry-codegen/src/runtime_decls/strings_part2.rs:874,crates/perry-codegen/src/expr/call_spread.rs:356;crates/perry-codegen/src/expr/call_spread_short.rs:406,1,2,,,,190,186,309,190,186,309,191,0,0
js_native_call_method_by_id,reviewed,Unknown,may allocate,may,may,may,"Dynamic dispatch can invoke arbitrary generated JS, Proxy apply/get, accessor or native constructor routes; plain successful RegExp.test arm does not cover whole dispatcher. by-id/feedback wrappers ultimately forward to same method dispatcher.","closure/dispatch/value_call.rs:31-106; object/native_call_method.rs:500-536,660,1206; typed_feedback/guards.rs:853-917",crates/perry-runtime/src/object/native_call_method.rs:525,crates/perry-codegen/src/runtime_decls/strings_part2.rs:860,crates/perry-codegen/src/lower_call/method_override.rs:1863;crates/perry-codegen/src/lower_call/property_get/dynamic_dispatch.rs:748;crates/perry-codegen/src/lower_call/property_get/imported_object.rs:261;crates/perry-codegen/src/lower_call/property_get/imported_object.rs:419;crates/perry-codegen/src/lower_call/scalar_method.rs:847,1,5,,,,3933,3933,9692,3934,3934,9692,3935,0,0
js_native_call_method_nullsafe,unreviewed,Unknown,unclear,unclear,unclear,unclear,Not transitively audited in this finite first pass; declaration or literal call spelling alone is not effect evidence.,,crates/perry-runtime/src/object/native_call_method.rs:1120,crates/perry-codegen/src/runtime_decls/stdlib_ffi/language_core.rs:418,crates/perry-codegen/src/lower_call/native/native_instance_branch.rs:519,1,1,,,,28,28,47,28,28,47,28,0,0
js_native_call_method_str_key,reviewed,Unknown,may allocate,may,may,may,"Dynamic dispatch can invoke arbitrary generated JS, Proxy apply/get, accessor or native constructor routes; plain successful RegExp.test arm does not cover whole dispatcher. by-id/feedback wrappers ultimately forward to same method dispatcher.","closure/dispatch/value_call.rs:31-106; object/native_call_method.rs:500-536,660,1206; typed_feedback/guards.rs:853-917",crates/perry-runtime/src/object/native_call_method.rs:500,crates/perry-codegen/src/runtime_decls/strings_part2.rs:881,crates/perry-codegen/src/lower_call/early_branches.rs:302,1,1,,,,3,3,6,3,3,6,3,0,0
js_native_call_method_value,reviewed,Unknown,may allocate,may,may,may,"Dynamic dispatch can invoke arbitrary generated JS, Proxy apply/get, accessor or native constructor routes; plain successful RegExp.test arm does not cover whole dispatcher. by-id/feedback wrappers ultimately forward to same method dispatcher.","closure/dispatch/value_call.rs:31-106; object/native_call_method.rs:500-536,660,1206; typed_feedback/guards.rs:853-917",crates/perry-runtime/src/object/native_call_method.rs:660,crates/perry-codegen/src/runtime_decls/strings_part2.rs:890,crates/perry-codegen/src/lower_call/early_branches.rs:323,1,1,,,,155,155,402,155,155,402,155,0,0
js_native_call_method_value_apply,unreviewed,Unknown,unclear,unclear,unclear,unclear,Not transitively audited in this finite first pass; declaration or literal call spelling alone is not effect evidence.,,crates/perry-runtime/src/object/native_call_method.rs:968,crates/perry-codegen/src/runtime_decls/strings_part2.rs:899,crates/perry-codegen/src/expr/call_spread.rs:392,1,1,,,,9,9,4,9,9,4,9,0,0
js_native_call_value,reviewed,Unknown,may allocate,may,may,may,"Dynamic dispatch can invoke arbitrary generated JS, Proxy apply/get, accessor or native constructor routes; plain successful RegExp.test arm does not cover whole dispatcher. by-id/feedback wrappers ultimately forward to same method dispatcher.","closure/dispatch/value_call.rs:31-106; object/native_call_method.rs:500-536,660,1206; typed_feedback/guards.rs:853-917",crates/perry-runtime/src/closure/dispatch/value_call.rs:31;crates/perry-runtime/src/closure/dispatch/value_call.rs:44,crates/perry-codegen/src/runtime_decls/stdlib_ffi/language_core.rs:423,crates/perry-codegen/src/lower_call/method_override.rs:815;crates/perry-codegen/src/lower_call/property_get/dynamic_dispatch.rs:520;crates/perry-codegen/src/lower_call/property_get/dynamic_dispatch.rs:1932;crates/perry-codegen/src/lower_call/property_get/static_dispatch.rs:341,1,4,,,,42376,41552,271518,42387,41563,271581,42475,0,0
js_native_module_esm_export_value,unreviewed,Unknown,unclear,unclear,unclear,unclear,Not transitively audited in this finite first pass; declaration or literal call spelling alone is not effect evidence.,,crates/perry-runtime/src/object/native_module.rs:1115,crates/perry-codegen/src/runtime_decls/objects.rs:296,crates/perry-codegen/src/expr/property_get.rs:764,1,1,,,,133,125,322,134,126,325,136,0,0
js_native_module_named_esm_export_value,unreviewed,Unknown,unclear,unclear,unclear,unclear,Not transitively audited in this finite first pass; declaration or literal call spelling alone is not effect evidence.,,crates/perry-runtime/src/object/native_module.rs:1122,crates/perry-codegen/src/runtime_decls/objects.rs:301,,1,0,,,,1289,486,1427,1289,486,1427,1289,0,0
js_net_server_address,unreviewed,Unknown,unclear,unclear,unclear,unclear,Not transitively audited in this finite first pass; declaration or literal call spelling alone is not effect evidence.,,crates/perry-runtime/src/net.rs:121,crates/perry-codegen/src/runtime_decls/stdlib_ffi/language_core.rs:191,,1,0,,,,1,1,2,1,1,2,1,0,0
js_net_server_close,unreviewed,Unknown,unclear,unclear,unclear,unclear,Not transitively audited in this finite first pass; declaration or literal call spelling alone is not effect evidence.,,crates/perry-runtime/src/net.rs:108,crates/perry-codegen/src/runtime_decls/stdlib_ffi/language_core.rs:190,crates/perry-codegen/src/lower_call/early_branches.rs:263,1,1,,,,1,1,0,1,1,0,1,0,0
js_net_server_listen,unreviewed,Unknown,unclear,unclear,unclear,unclear,Not transitively audited in this finite first pass; declaration or literal call spelling alone is not effect evidence.,,crates/perry-runtime/src/net.rs:48,crates/perry-codegen/src/runtime_decls/stdlib_ffi/language_core.rs:189,,1,0,,,,1,1,0,1,1,0,1,0,0
js_net_validate_create_server_options,unreviewed,Unknown,unclear,unclear,unclear,unclear,Not transitively audited in this finite first pass; declaration or literal call spelling alone is not effect evidence.,,crates/perry-runtime/src/net_validate.rs:258,crates/perry-codegen/src/runtime_decls/stdlib_ffi/language_core.rs:181,crates/perry-codegen/src/expr/env_clones.rs:165,1,1,,,,2,2,7,2,2,7,2,0,0
js_new_function_construct,unreviewed,Unknown,unclear,unclear,unclear,unclear,Not transitively audited in this finite first pass; declaration or literal call spelling alone is not effect evidence.,,crates/perry-runtime/src/object/class_registry/construct.rs:237,crates/perry-codegen/src/runtime_decls/strings.rs:1525,crates/perry-codegen/src/expr/new_dynamic.rs:770;crates/perry-codegen/src/expr/new_dynamic.rs:818;crates/perry-codegen/src/lower_call/new.rs:441,1,3,,,,3557,3546,9529,3557,3545,9534,3558,0,0
js_new_function_construct_apply,unreviewed,Unknown,unclear,unclear,unclear,unclear,Not transitively audited in this finite first pass; declaration or literal call spelling alone is not effect evidence.,,crates/perry-runtime/src/object/class_registry/construct.rs:1213,crates/perry-codegen/src/runtime_decls/strings.rs:1530,crates/perry-codegen/src/expr/new_dynamic.rs:123,1,1,,,,2,2,0,2,2,0,2,0,0
js_new_target_get,unreviewed,CannotCollect,unclear,unclear,unclear,unclear,Not transitively audited in this finite first pass; declaration or literal call spelling alone is not effect evidence.,,crates/perry-runtime/src/object/this_binding.rs:248,crates/perry-codegen/src/runtime_decls/stdlib_ffi/language_core.rs:401,crates/perry-codegen/src/expr/closure.rs:316;crates/perry-codegen/src/expr/closure.rs:512;crates/perry-codegen/src/expr/literals_vars.rs:250;crates/perry-codegen/src/expr/this_super_call.rs:193;crates/perry-codegen/src/rooting/mod.rs:1171,1,5,,,,5,0,0,5,0,0,5,0,0
js_nm_install_async_hooks,unreviewed,Unknown,unclear,unclear,unclear,unclear,Not transitively audited in this finite first pass; declaration or literal call spelling alone is not effect evidence.,,crates/perry-runtime/src/object/native_module_registry.rs:226,crates/perry-codegen/src/runtime_decls/objects.rs:316,,1,0,,,,1,1,3,1,1,3,1,0,0
js_nm_install_bun,unreviewed,Unknown,unclear,unclear,unclear,unclear,Not transitively audited in this finite first pass; declaration or literal call spelling alone is not effect evidence.,,crates/perry-runtime/src/object/native_module_registry.rs:259,crates/perry-codegen/src/runtime_decls/objects.rs:321,,1,0,,,,1,1,3,1,1,3,1,0,0
js_nm_install_child_process,unreviewed,Unknown,unclear,unclear,unclear,unclear,Not transitively audited in this finite first pass; declaration or literal call spelling alone is not effect evidence.,,crates/perry-runtime/src/object/native_module_registry.rs:266,crates/perry-codegen/src/runtime_decls/objects.rs:323,,1,0,,,,4,4,10,4,4,10,4,0,0
js_nm_install_crypto,unreviewed,Unknown,unclear,unclear,unclear,unclear,Not transitively audited in this finite first pass; declaration or literal call spelling alone is not effect evidence.,,crates/perry-runtime/src/object/native_module_registry.rs:297,crates/perry-codegen/src/runtime_decls/objects.rs:326,,1,0,,,,3,3,12,3,3,12,3,0,0
js_nm_install_fs,unreviewed,Unknown,unclear,unclear,unclear,unclear,Not transitively audited in this finite first pass; declaration or literal call spelling alone is not effect evidence.,,crates/perry-runtime/src/object/native_module_registry.rs:340,crates/perry-codegen/src/runtime_decls/objects.rs:331,,1,0,,,,65,65,221,65,65,221,67,0,0
js_nm_install_http,unreviewed,Unknown,unclear,unclear,unclear,unclear,Not transitively audited in this finite first pass; declaration or literal call spelling alone is not effect evidence.,,crates/perry-runtime/src/object/native_module_registry.rs:346,crates/perry-codegen/src/runtime_decls/objects.rs:332,,1,0,,,,16,16,50,16,16,50,16,0,0
js_nm_install_os,unreviewed,Unknown,unclear,unclear,unclear,unclear,Not transitively audited in this finite first pass; declaration or literal call spelling alone is not effect evidence.,,crates/perry-runtime/src/object/native_module_registry.rs:385,crates/perry-codegen/src/runtime_decls/objects.rs:337,,1,0,,,,4,4,10,4,4,10,4,0,0
js_nm_install_path,unreviewed,Unknown,unclear,unclear,unclear,unclear,Not transitively audited in this finite first pass; declaration or literal call spelling alone is not effect evidence.,,crates/perry-runtime/src/object/native_module_registry.rs:390,crates/perry-codegen/src/runtime_decls/objects.rs:338,,1,0,,,,15,15,45,15,15,45,15,0,0
js_nm_install_process,unreviewed,Unknown,unclear,unclear,unclear,unclear,Not transitively audited in this finite first pass; declaration or literal call spelling alone is not effect evidence.,,crates/perry-runtime/src/object/native_module_registry.rs:408,crates/perry-codegen/src/runtime_decls/objects.rs:340,,1,0,,,,161,148,354,163,150,360,165,0,0
js_nm_install_readline,unreviewed,Unknown,unclear,unclear,unclear,unclear,Not transitively audited in this finite first pass; declaration or literal call spelling alone is not effect evidence.,,crates/perry-runtime/src/object/native_module_registry.rs:429,crates/perry-codegen/src/runtime_decls/objects.rs:343,,1,0,,,,2,2,6,2,2,6,2,0,0
js_nm_install_stream,unreviewed,Unknown,unclear,unclear,unclear,unclear,Not transitively audited in this finite first pass; declaration or literal call spelling alone is not effect evidence.,,crates/perry-runtime/src/object/native_module_registry.rs:463,crates/perry-codegen/src/runtime_decls/objects.rs:347,,1,0,,,,8,6,12,8,6,12,8,0,0
js_nm_install_url,unreviewed,Unknown,unclear,unclear,unclear,unclear,Not transitively audited in this finite first pass; declaration or literal call spelling alone is not effect evidence.,,crates/perry-runtime/src/object/native_module_registry.rs:506,crates/perry-codegen/src/runtime_decls/objects.rs:351,,1,0,,,,2,0,0,2,0,0,2,0,0
js_nm_install_util,unreviewed,Unknown,unclear,unclear,unclear,unclear,Not transitively audited in this finite first pass; declaration or literal call spelling alone is not effect evidence.,,crates/perry-runtime/src/object/native_module_registry.rs:513,crates/perry-codegen/src/runtime_decls/objects.rs:352,,1,0,,,,2,2,4,2,2,4,2,0,0
js_nm_install_vm,unreviewed,Unknown,unclear,unclear,unclear,unclear,Not transitively audited in this finite first pass; declaration or literal call spelling alone is not effect evidence.,,crates/perry-runtime/src/object/native_module_registry.rs:529,crates/perry-codegen/src/runtime_decls/objects.rs:354,,1,0,,,,4,4,12,4,4,12,4,0,0
js_nm_install_zlib,unreviewed,Unknown,unclear,unclear,unclear,unclear,Not transitively audited in this finite first pass; declaration or literal call spelling alone is not effect evidence.,,crates/perry-runtime/src/object/native_module_registry.rs:547,crates/perry-codegen/src/runtime_decls/objects.rs:356,,1,0,,,,10,10,44,10,10,44,10,0,0
js_node_stream_finished,unreviewed,Unknown,unclear,unclear,unclear,unclear,Not transitively audited in this finite first pass; declaration or literal call spelling alone is not effect evidence.,,crates/perry-runtime/src/node_stream_constructors/pipeline.rs:203,crates/perry-codegen/src/runtime_decls/stdlib_ffi/streams_events.rs:79,,1,0,,,,1,1,0,1,1,0,1,0,0
js_node_stream_method_pipe,unreviewed,Unknown,unclear,unclear,unclear,unclear,Not transitively audited in this finite first pass; declaration or literal call spelling alone is not effect evidence.,,crates/perry-runtime/src/node_stream.rs:1752,crates/perry-codegen/src/runtime_decls/stdlib_ffi/streams_events.rs:111,,1,0,,,,1,1,3,1,1,3,1,0,0
js_node_stream_passthrough_new,unreviewed,Unknown,unclear,unclear,unclear,unclear,Not transitively audited in this finite first pass; declaration or literal call spelling alone is not effect evidence.,,crates/perry-runtime/src/node_stream_constructors/builders.rs:527,crates/perry-codegen/src/runtime_decls/stdlib_ffi/streams_events.rs:49,,1,0,,,,3,3,14,3,3,14,3,0,0
js_node_stream_pipeline,unreviewed,Unknown,unclear,unclear,unclear,unclear,Not transitively audited in this finite first pass; declaration or literal call spelling alone is not effect evidence.,,crates/perry-runtime/src/node_stream_constructors/pipeline.rs:240,crates/perry-codegen/src/runtime_decls/stdlib_ffi/streams_events.rs:78,,1,0,,,,2,2,7,2,2,7,2,0,0
js_node_stream_readable_from_options,unreviewed,Unknown,unclear,unclear,unclear,unclear,Not transitively audited in this finite first pass; declaration or literal call spelling alone is not effect evidence.,,crates/perry-runtime/src/node_stream_constructors/builders.rs:547,crates/perry-codegen/src/runtime_decls/stdlib_ffi/streams_events.rs:51,,1,0,,,,6,6,9,6,6,9,6,0,0
js_node_stream_readable_from_web,unreviewed,Unknown,unclear,unclear,unclear,unclear,Not transitively audited in this finite first pass; declaration or literal call spelling alone is not effect evidence.,,crates/perry-runtime/src/node_stream_constructors/web_adapter.rs:953,crates/perry-codegen/src/runtime_decls/stdlib_ffi/streams_events.rs:85,,1,0,,,,1,1,0,1,1,0,1,0,0
js_node_stream_readable_subclass_init,unreviewed,Unknown,unclear,unclear,unclear,unclear,Not transitively audited in this finite first pass; declaration or literal call spelling alone is not effect evidence.,,crates/perry-runtime/src/node_stream_constructors/builders.rs:36,crates/perry-codegen/src/runtime_decls/stdlib_ffi/streams_events.rs:26,,1,0,,,,1,1,3,1,1,3,1,0,0
js_node_stream_transform_subclass_init,unreviewed,Unknown,unclear,unclear,unclear,unclear,Not transitively audited in this finite first pass; declaration or literal call spelling alone is not effect evidence.,,crates/perry-runtime/src/node_stream_constructors/builders.rs:486,crates/perry-codegen/src/runtime_decls/stdlib_ffi/streams_events.rs:44,,1,0,,,,2,2,3,2,2,3,2,0,0
js_node_stream_writable_subclass_init,unreviewed,Unknown,unclear,unclear,unclear,unclear,Not transitively audited in this finite first pass; declaration or literal call spelling alone is not effect evidence.,,crates/perry-runtime/src/node_stream_constructors/builders.rs:297,crates/perry-codegen/src/runtime_decls/stdlib_ffi/streams_events.rs:32,,1,0,,,,3,3,6,3,3,6,3,0,0
js_node_submod_install_fs_promises,unreviewed,Unknown,unclear,unclear,unclear,unclear,Not transitively audited in this finite first pass; declaration or literal call spelling alone is not effect evidence.,,crates/perry-runtime/src/node_submodules/mod.rs:882,crates/perry-codegen/src/runtime_decls/strings_part2.rs:206,crates/perry-codegen/src/expr/property_get.rs:721,1,1,,,,710,710,2130,710,710,2130,710,0,0
js_node_submod_install_stream_consumers,unreviewed,Unknown,unclear,unclear,unclear,unclear,Not transitively audited in this finite first pass; declaration or literal call spelling alone is not effect evidence.,,crates/perry-runtime/src/node_submodules/mod.rs:905,crates/perry-codegen/src/runtime_decls/strings_part2.rs:209,,1,0,,,,2,2,7,2,2,7,2,0,0
js_node_submod_install_stream_promises,unreviewed,Unknown,unclear,unclear,unclear,unclear,Not transitively audited in this finite first pass; declaration or literal call spelling alone is not effect evidence.,,crates/perry-runtime/src/node_submodules/mod.rs:898,crates/perry-codegen/src/runtime_decls/strings_part2.rs:208,,1,0,,,,1,1,3,1,1,3,1,0,0
js_node_submod_install_timers_promises,unreviewed,Unknown,unclear,unclear,unclear,unclear,Not transitively audited in this finite first pass; declaration or literal call spelling alone is not effect evidence.,,crates/perry-runtime/src/node_submodules/mod.rs:875,crates/perry-codegen/src/runtime_decls/strings_part2.rs:205,,1,0,,,,1,1,3,1,1,3,1,0,0
js_node_submodule_export_as_function,unreviewed,Unknown,unclear,unclear,unclear,unclear,Not transitively audited in this finite first pass; declaration or literal call spelling alone is not effect evidence.,,crates/perry-runtime/src/node_submodules/mod.rs:1609,crates/perry-codegen/src/runtime_decls/strings_part2.rs:186,crates/perry-codegen/src/expr/dyn_extern_i18n.rs:819;crates/perry-codegen/src/expr/instance_misc1.rs:359;crates/perry-codegen/src/lower_call/extern_func.rs:1340,1,3,,,,680,680,2041,680,680,2041,680,0,0
js_node_submodule_namespace,unreviewed,Unknown,unclear,unclear,unclear,unclear,Not transitively audited in this finite first pass; declaration or literal call spelling alone is not effect evidence.,,crates/perry-runtime/src/node_submodules/mod.rs:1785,crates/perry-codegen/src/runtime_decls/strings_part2.rs:201,crates/perry-codegen/src/expr/dyn_extern_i18n.rs:34;crates/perry-codegen/src/expr/dyn_extern_i18n.rs:709;crates/perry-codegen/src/expr/dyn_extern_i18n.rs:943;crates/perry-codegen/src/expr/static_field_meta.rs:923;crates/perry-codegen/src/lower_call/native/mod.rs:492,1,5,,,,34,34,102,34,34,102,34,0,0
js_number_coerce,reviewed,Unknown,may allocate,may,may,may,"Whole exported route includes js_number_coerce / js_math_to_number, with object valueOf/toString and Symbol/BigInt error paths. Array variants additionally call generic length/element access. Numeric-only callers do not certify this whole export.","math.rs:9-64,180-181,294-386; builtins/numbers.rs:436-640,771-810",crates/perry-runtime/src/builtins/numbers.rs:436,crates/perry-codegen/src/runtime_decls/strings.rs:637,crates/perry-codegen/src/expr/bigint_set.rs:614;crates/perry-codegen/src/expr/binary.rs:677;crates/perry-codegen/src/expr/binary.rs:732;crates/perry-codegen/src/expr/binary.rs:1257;crates/perry-codegen/src/expr/binary.rs:1263;crates/perry-codegen/src/expr/buffer_access.rs:817;crates/perry-codegen/src/expr/i32_fast_path.rs:1170;crates/perry-codegen/src/expr/i32_fast_path.rs:1809;crates/perry-codegen/src/expr/i32_fast_path.rs:1837;crates/perry-codegen/src/expr/index_get/guarded_array.rs:520;crates/perry-codegen/src/expr/index_get/inline_dyn_typed_array.rs:533;crates/perry-codegen/src/expr/index_get/inline_dyn_typed_array.rs:601;crates/perry-codegen/src/expr/index_get/inline_dyn_typed_array.rs:793;crates/perry-codegen/src/expr/index_get/inline_dyn_typed_array.rs:845;crates/perry-codegen/src/expr/index_get/inline_dyn_typed_array.rs:865;crates/perry-codegen/src/expr/index_get.rs:320;crates/perry-codegen/src/expr/member_update.rs:173;crates/perry-codegen/src/expr/member_update.rs:192;crates/perry-codegen/src/expr/misc_methods.rs:64;crates/perry-codegen/src/expr/misc_methods.rs:80;crates/perry-codegen/src/expr/misc_methods.rs:89;crates/perry-codegen/src/expr/mod.rs:3263;crates/perry-codegen/src/expr/mod.rs:3271;crates/perry-codegen/src/expr/pod_record.rs:673;crates/perry-codegen/src/expr/property_get/helpers.rs:673;crates/perry-codegen/src/expr/property_get/helpers.rs:881;crates/perry-codegen/src/expr/proven_view_access.rs:562;crates/perry-codegen/src/expr/ta_param_f64_read.rs:343;crates/perry-codegen/src/lower_string_method.rs:847;crates/perry-codegen/src/lower_string_method.rs:886,1,30,,,,832,829,5136,832,829,5136,839,0,0
js_number_is_finite,reviewed,Unknown,never allocates,no,no,no,Strict Number predicates inspect JSValue tag and scalar f64; unlike global isNaN/isFinite they never call ToNumber.,"builtins/numbers.rs:814-878; value/jsvalue.rs:67-74,161-164",crates/perry-runtime/src/builtins/numbers.rs:831,crates/perry-codegen/src/runtime_decls/stdlib_ffi/language_core.rs:79,crates/perry-codegen/src/expr/logical_collections.rs:972,1,1,,,,94,93,826,93,92,826,93,0,0
js_number_is_integer,reviewed,Unknown,never allocates,no,no,no,Strict Number predicates inspect JSValue tag and scalar f64; unlike global isNaN/isFinite they never call ToNumber.,"builtins/numbers.rs:814-878; value/jsvalue.rs:67-74,161-164",crates/perry-runtime/src/builtins/numbers.rs:847,crates/perry-codegen/src/runtime_decls/strings_part2.rs:15,crates/perry-codegen/src/expr/arrays_finds.rs:560,1,1,,,,68,68,615,68,68,615,68,0,0
js_number_is_nan,reviewed,Unknown,never allocates,no,no,no,Strict Number predicates inspect JSValue tag and scalar f64; unlike global isNaN/isFinite they never call ToNumber.,"builtins/numbers.rs:814-878; value/jsvalue.rs:67-74,161-164",crates/perry-runtime/src/builtins/numbers.rs:814,crates/perry-codegen/src/runtime_decls/strings_part2.rs:16,crates/perry-codegen/src/expr/arrays_finds.rs:786,1,1,,,,114,113,192,114,113,192,114,0,0
js_number_is_safe_integer,reviewed,Unknown,never allocates,no,no,no,Strict Number predicates inspect JSValue tag and scalar f64; unlike global isNaN/isFinite they never call ToNumber.,"builtins/numbers.rs:814-878; value/jsvalue.rs:67-74,161-164",crates/perry-runtime/src/builtins/numbers.rs:863,crates/perry-codegen/src/runtime_decls/strings_part2.rs:17,crates/perry-codegen/src/expr/os_uri_dates.rs:462,1,1,,,,7,7,24,7,7,24,7,0,0
js_number_to_exponential,unreviewed,Unknown,unclear,unclear,unclear,unclear,Not transitively audited in this finite first pass; declaration or literal call spelling alone is not effect evidence.,,crates/perry-runtime/src/string/format.rs:530,crates/perry-codegen/src/runtime_decls/strings_part2.rs:13,crates/perry-codegen/src/lower_call/property_get/number_string.rs:78,1,1,,,,3,3,5,3,3,5,3,0,0
js_number_to_fixed,unreviewed,Unknown,unclear,unclear,unclear,unclear,Not transitively audited in this finite first pass; declaration or literal call spelling alone is not effect evidence.,,crates/perry-runtime/src/string/format.rs:296,crates/perry-codegen/src/runtime_decls/strings.rs:1174,crates/perry-codegen/src/lower_call/property_get/number_string.rs:42,1,1,,,,82,78,290,82,78,290,82,0,0
js_number_to_locale_string,unreviewed,Unknown,unclear,unclear,unclear,unclear,Not transitively audited in this finite first pass; declaration or literal call spelling alone is not effect evidence.,,crates/perry-runtime/src/date.rs:1608,crates/perry-codegen/src/runtime_decls/stdlib_ffi/language_core.rs:17,crates/perry-codegen/src/expr/env_clones.rs:67,1,1,,,,3,3,11,3,3,11,3,0,0
js_number_to_precision,unreviewed,Unknown,unclear,unclear,unclear,unclear,Not transitively audited in this finite first pass; declaration or literal call spelling alone is not effect evidence.,,crates/perry-runtime/src/string/format.rs:464,crates/perry-codegen/src/runtime_decls/strings_part2.rs:12,crates/perry-codegen/src/lower_call/property_get/number_string.rs:58,1,1,,,,1,1,5,1,1,5,1,0,0
js_numeric_step,unreviewed,Unknown,unclear,unclear,unclear,unclear,Not transitively audited in this finite first pass; declaration or literal call spelling alone is not effect evidence.,,crates/perry-runtime/src/value/dynamic_arith.rs:498,crates/perry-codegen/src/runtime_decls/strings.rs:1361,crates/perry-codegen/src/expr/literals_vars.rs:942;crates/perry-codegen/src/expr/member_update.rs:119;crates/perry-codegen/src/expr/member_update.rs:344;crates/perry-codegen/src/expr/member_update.rs:448,1,4,,,,1932,1914,9765,1933,1915,9775,1935,0,0
js_object_alloc,unreviewed,Unknown,unclear,unclear,unclear,unclear,Not transitively audited in this finite first pass; declaration or literal call spelling alone is not effect evidence.,,crates/perry-runtime/src/object/alloc.rs:70,crates/perry-codegen/src/runtime_decls/objects.rs:82,crates/perry-codegen/src/expr/dyn_extern_i18n.rs:438;crates/perry-codegen/src/expr/logical_collections.rs:490;crates/perry-codegen/src/expr/logical_collections.rs:1424;crates/perry-codegen/src/expr/object_literal.rs:561;crates/perry-codegen/src/expr/pod_record.rs:566;crates/perry-codegen/src/expr/pod_record.rs:577;crates/perry-codegen/src/expr/static_field_meta.rs:461;crates/perry-codegen/src/lower_call/new.rs:486;crates/perry-codegen/src/lower_call/scalar_method.rs:629,1,9,,,,5391,4992,41585,5391,4992,41586,5398,0,0
js_object_alloc_class_dynamic_parent,unreviewed,Unknown,unclear,unclear,unclear,unclear,Not transitively audited in this finite first pass; declaration or literal call spelling alone is not effect evidence.,,crates/perry-runtime/src/object/alloc.rs:627,crates/perry-codegen/src/runtime_decls/strings.rs:1121,crates/perry-codegen/src/lower_call/new_alloc.rs:325,1,1,,,,87,87,598,87,87,598,87,0,0
js_object_alloc_class_inline_keys_stamped,unreviewed,AllocNoReentry,unclear,unclear,unclear,unclear,Not transitively audited in this finite first pass; declaration or literal call spelling alone is not effect evidence.,,crates/perry-runtime/src/object/alloc.rs:395,crates/perry-codegen/src/runtime_decls/strings.rs:1136,crates/perry-codegen/src/lower_call/new_alloc.rs:402;crates/perry-codegen/src/lower_call/scalar_method.rs:614,1,2,,,,30436,30267,364900,30441,30272,364927,30467,0,0
js_object_alloc_with_shape,unreviewed,Unknown,unclear,unclear,unclear,unclear,Not transitively audited in this finite first pass; declaration or literal call spelling alone is not effect evidence.,,crates/perry-runtime/src/object/alloc.rs:741,crates/perry-codegen/src/runtime_decls/objects.rs:95,crates/perry-codegen/src/expr/object_literal.rs:454,1,1,,,,2662,2441,3695,2662,2441,3695,3377,0,0
js_object_assign_one,unreviewed,Unknown,unclear,unclear,unclear,unclear,Not transitively audited in this finite first pass; declaration or literal call spelling alone is not effect evidence.,,crates/perry-runtime/src/object/alloc.rs:1470,crates/perry-codegen/src/runtime_decls/strings_part2.rs:348,,1,0,,,,4812,4812,10283,4812,4812,10283,4812,0,0
js_object_assign_validate_target,unreviewed,Unknown,unclear,unclear,unclear,unclear,Not transitively audited in this finite first pass; declaration or literal call spelling alone is not effect evidence.,,crates/perry-runtime/src/object/alloc.rs:1138,crates/perry-codegen/src/runtime_decls/strings_part2.rs:347,crates/perry-codegen/src/expr/logical_collections.rs:1506,1,1,,,,514,514,2164,514,514,2164,514,0,0
js_object_coerce,unreviewed,Unknown,unclear,unclear,unclear,unclear,Not transitively audited in this finite first pass; declaration or literal call spelling alone is not effect evidence.,,crates/perry-runtime/src/object/alloc.rs:130,crates/perry-codegen/src/runtime_decls/objects.rs:85,crates/perry-codegen/src/expr/logical_collections.rs:1096,1,1,,,,19,19,59,20,20,61,20,0,0
js_object_create_with_props,unreviewed,Unknown,unclear,unclear,unclear,unclear,Not transitively audited in this finite first pass; declaration or literal call spelling alone is not effect evidence.,,crates/perry-runtime/src/object/descriptors.rs:1886,crates/perry-codegen/src/runtime_decls/strings_part2.rs:338,crates/perry-codegen/src/expr/array_methods.rs:327,1,1,,,,215,214,847,215,214,847,216,0,0
js_object_define_accessor,unreviewed,Unknown,unclear,unclear,unclear,unclear,Not transitively audited in this finite first pass; declaration or literal call spelling alone is not effect evidence.,,crates/perry-runtime/src/object/object_literal_ops.rs:142,crates/perry-codegen/src/runtime_decls/stdlib_ffi/language_core.rs:469,,1,0,,,,152,152,181,152,152,181,152,0,0
js_object_define_properties,unreviewed,Unknown,unclear,unclear,unclear,unclear,Not transitively audited in this finite first pass; declaration or literal call spelling alone is not effect evidence.,,crates/perry-runtime/src/object/object_ops/define_properties.rs:14,crates/perry-codegen/src/runtime_decls/stdlib_ffi/language_core.rs:31,crates/perry-codegen/src/expr/string_regex_proc.rs:165,1,1,,,,50,50,244,50,50,244,50,0,0
js_object_define_property,unreviewed,Unknown,unclear,unclear,unclear,unclear,Not transitively audited in this finite first pass; declaration or literal call spelling alone is not effect evidence.,,crates/perry-runtime/src/object/object_ops/define_property.rs:310,crates/perry-codegen/src/runtime_decls/strings_part2.rs:257,crates/perry-codegen/src/expr/misc_methods.rs:235,1,1,,,,1519,1517,4396,1519,1517,4396,1519,0,0
js_object_delete_dynamic_value,unreviewed,Unknown,unclear,unclear,unclear,unclear,Not transitively audited in this finite first pass; declaration or literal call spelling alone is not effect evidence.,,crates/perry-runtime/src/object/delete_rest.rs:781,crates/perry-codegen/src/runtime_decls/strings.rs:1166,crates/perry-codegen/src/expr/instance_misc1.rs:784,1,1,,,,203,203,394,203,203,394,204,0,0
js_object_delete_field_value,unreviewed,Unknown,unclear,unclear,unclear,unclear,Not transitively audited in this finite first pass; declaration or literal call spelling alone is not effect evidence.,,crates/perry-runtime/src/object/delete_rest.rs:746,crates/perry-codegen/src/runtime_decls/strings.rs:1165,crates/perry-codegen/src/expr/instance_misc1.rs:733;crates/perry-codegen/src/expr/instance_misc1.rs:761,1,2,,,,191,191,563,190,190,562,190,0,0
js_object_entries_value,unreviewed,Unknown,unclear,unclear,unclear,unclear,Not transitively audited in this finite first pass; declaration or literal call spelling alone is not effect evidence.,,crates/perry-runtime/src/object/field_get_set/enumeration.rs:942,crates/perry-codegen/src/runtime_decls/strings.rs:1672,crates/perry-codegen/src/expr/instance_misc1.rs:957,1,1,,,,405,403,1245,405,403,1245,406,0,0
js_object_freeze,unreviewed,Unknown,unclear,unclear,unclear,unclear,Not transitively audited in this finite first pass; declaration or literal call spelling alone is not effect evidence.,,crates/perry-runtime/src/object/object_ops_frozen.rs:130,crates/perry-codegen/src/runtime_decls/strings_part2.rs:339,crates/perry-codegen/src/expr/os_uri_dates.rs:468,1,1,,,,72,72,197,72,72,197,72,0,0
js_object_from_entries,unreviewed,Unknown,unclear,unclear,unclear,unclear,Not transitively audited in this finite first pass; declaration or literal call spelling alone is not effect evidence.,,crates/perry-runtime/src/object/object_ops/from_entries.rs:166,crates/perry-codegen/src/runtime_decls/strings.rs:1715,crates/perry-codegen/src/expr/instance_misc1.rs:1459,1,1,,,,44,44,79,44,44,79,44,0,0
js_object_get_field,reviewed,Unknown,may allocate,no,no,no,"V2 complete raw indexed read: shape-stamp and slab reads, inline slot load or spill/legacy map read; no getter/Proxy/coercion. Legacy spill mode environment read, cold RuntimeState Box/Vec and HotTls initialization can allocate native memory/initial arena backing, but create no managed cell and never collect. Null-pointer diagnostic is native I/O only. Valid ObjectHeader ABI required.","object/field_get_set/accessors.rs:18-83; object/live_slots.rs:52-57; object/shapes.rs:634-655,868-875,1512-1516; object/shapes_store.rs:178-191,313-340; object/spill.rs:42-50,90-117,355-369; value/addr_class.rs:237-249; buffer/header.rs:487-489; state.rs:53-61,106-129; object/descriptor_state.rs:118-128; object/mod.rs:520-574; object/field_get_set.rs:249-253; object/exotic_expando.rs:115-120; object/shapes.rs:377-388; tls_hot.rs:282-325,634-655,840-942; arena/block.rs:330-368,403-410,435-437,549-565; arena/page_meta/mod.rs:460-495; object/field_get_set/field_ops.rs:257-260",crates/perry-runtime/src/object/field_get_set/accessors.rs:18,crates/perry-codegen/src/runtime_decls/objects.rs:111,crates/perry-codegen/src/expr/object_literal.rs:534,1,1,,,,2,2,2,2,2,2,2,0,0
js_object_get_field_by_name_f64,reviewed,Unknown,may allocate,may,may,may,"Complete getter/IC route can delegate to Proxy traps, accessor callbacks, native property synthesis or allocating property materialization. IC hit/read-only arms do not certify misses; retain may-GC.","object/field_get_set/get_field_by_name.rs:26-112; object/field_get_set/ic_miss.rs:9-51,535,1144; value/dynamic_object.rs:19,254,275; proxy/get.rs:7-77",crates/perry-runtime/src/object/field_get_set/ic_miss.rs:9,crates/perry-codegen/src/runtime_decls/objects.rs:278,crates/perry-codegen/src/expr/member_update.rs:328;crates/perry-codegen/src/expr/pod_record.rs:129;crates/perry-codegen/src/expr/pod_record.rs:304;crates/perry-codegen/src/expr/property_get/generic_dispatch.rs:1053;crates/perry-codegen/src/expr/property_get/generic_dispatch.rs:1076;crates/perry-codegen/src/expr/property_get/globalget.rs:84;crates/perry-codegen/src/expr/property_get/globalget.rs:145;crates/perry-codegen/src/expr/property_get/globalget.rs:171;crates/perry-codegen/src/expr/property_get/globalget.rs:212;crates/perry-codegen/src/expr/property_get/globalget.rs:234;crates/perry-codegen/src/expr/property_get/globalget.rs:294;crates/perry-codegen/src/expr/property_get/helpers.rs:187;crates/perry-codegen/src/expr/property_get/helpers.rs:876;crates/perry-codegen/src/expr/property_get.rs:817;crates/perry-codegen/src/expr/property_get.rs:1272;crates/perry-codegen/src/expr/property_get.rs:1424;crates/perry-codegen/src/expr/property_get.rs:1830;crates/perry-codegen/src/lower_call/builtin.rs:1222;crates/perry-codegen/src/lower_call/capture_writeback.rs:99;crates/perry-codegen/src/lower_call/console_promise.rs:1496;crates/perry-codegen/src/lower_call/extern_func.rs:427;crates/perry-codegen/src/lower_call/native/native_fs_branch.rs:217,1,22,,,,1317,1313,5081,1317,1313,5084,1317,0,0
js_object_get_field_by_property_id_f64,unreviewed,Unknown,unclear,unclear,unclear,unclear,Not transitively audited in this finite first pass; declaration or literal call spelling alone is not effect evidence.,,crates/perry-runtime/src/object/field_get_set/ic_miss.rs:130,crates/perry-codegen/src/runtime_decls/objects.rs:282,crates/perry-codegen/src/expr/property_get/helpers.rs:51,1,1,,,,4006,4006,13790,4008,4008,13792,4008,0,0
js_object_get_field_ic,reviewed,Unknown,may allocate,may,may,may,"Complete getter/IC route can delegate to Proxy traps, accessor callbacks, native property synthesis or allocating property materialization. IC hit/read-only arms do not certify misses; retain may-GC.","object/field_get_set/get_field_by_name.rs:26-112; object/field_get_set/ic_miss.rs:9-51,535,1144; value/dynamic_object.rs:19,254,275; proxy/get.rs:7-77",crates/perry-runtime/src/object/field_get_set/ic_miss.rs:1144,crates/perry-codegen/src/runtime_decls/objects.rs:363,crates/perry-codegen/src/expr/property_get/generic_dispatch.rs:147,1,1,,,,180732,177913,1045052,180772,177953,1045464,181259,0,0
js_object_get_index_polymorphic,unreviewed,Unknown,unclear,unclear,unclear,unclear,Not transitively audited in this finite first pass; declaration or literal call spelling alone is not effect evidence.,,crates/perry-runtime/src/object/polymorphic_index.rs:125,crates/perry-codegen/src/runtime_decls/objects.rs:277,crates/perry-codegen/src/expr/arrays_finds.rs:254;crates/perry-codegen/src/expr/index_get.rs:1957,1,2,,,,1617,1395,6215,1617,1395,6215,1654,0,0
js_object_get_own_field_or_undef,reviewed,CannotCollect,may allocate,no,no,no,"V2 closes existing CannotCollect premise: scalar receiver/class/key-array validation, dense raw key-slot reads, SSO stack or heap byte comparison, then the closed indexed/spill read. No generic Array access, accessor invocation, materialization or shape mint. Cold state/TLS/arena backing may allocate native storage only.","object/object_ops/accessors.rs:120-219; object/object_ops.rs:56-100; string/compare.rs:245-275; object/field_get_set/accessors.rs:18-83; object/live_slots.rs:52-57; object/shapes.rs:634-655,868-875,1512-1516; object/shapes_store.rs:178-191,313-340; object/spill.rs:42-50,90-117,355-369; value/addr_class.rs:237-249; buffer/header.rs:487-489; state.rs:53-61,106-129; object/descriptor_state.rs:118-128; object/mod.rs:520-574; object/field_get_set.rs:249-253; object/exotic_expando.rs:115-120; object/shapes.rs:377-388; tls_hot.rs:282-325,634-655,840-942; arena/block.rs:330-368,403-410,435-437,549-565; arena/page_meta/mod.rs:460-495",crates/perry-runtime/src/object/object_ops/accessors.rs:120,crates/perry-codegen/src/runtime_decls/strings_part2.rs:172,crates/perry-codegen/src/expr/static_field_meta.rs:697;crates/perry-codegen/src/lower_call/method_override.rs:755;crates/perry-codegen/src/lower_call/property_get/dynamic_dispatch.rs:459;crates/perry-codegen/src/lower_call/property_get/dynamic_dispatch.rs:1906,1,4,,,,42375,11890,35644,42387,11894,35664,42475,0,0
js_object_get_own_property_descriptor,unreviewed,Unknown,unclear,unclear,unclear,unclear,Not transitively audited in this finite first pass; declaration or literal call spelling alone is not effect evidence.,,crates/perry-runtime/src/object/descriptors.rs:112,crates/perry-codegen/src/runtime_decls/strings_part2.rs:271,crates/perry-codegen/src/expr/misc_methods.rs:665,1,1,,,,41,39,188,42,40,188,42,0,0
js_object_get_own_property_descriptors,unreviewed,Unknown,unclear,unclear,unclear,unclear,Not transitively audited in this finite first pass; declaration or literal call spelling alone is not effect evidence.,,crates/perry-runtime/src/object/descriptors.rs:1750,crates/perry-codegen/src/runtime_decls/strings_part2.rs:276,crates/perry-codegen/src/expr/misc_methods.rs:675,1,1,,,,6,6,11,6,6,11,6,0,0
js_object_get_own_property_names,unreviewed,Unknown,unclear,unclear,unclear,unclear,Not transitively audited in this finite first pass; declaration or literal call spelling alone is not effect evidence.,,crates/perry-runtime/src/object/descriptors.rs:1246,crates/perry-codegen/src/runtime_decls/strings_part2.rs:277,crates/perry-codegen/src/expr/misc_methods.rs:1033,1,1,,,,16,15,40,17,16,42,17,0,0
js_object_get_own_property_symbols,unreviewed,Unknown,unclear,unclear,unclear,unclear,Not transitively audited in this finite first pass; declaration or literal call spelling alone is not effect evidence.,,crates/perry-runtime/src/symbol/iterator.rs:15,crates/perry-codegen/src/runtime_decls/strings_part2.rs:289,crates/perry-codegen/src/expr/string_regex_proc.rs:492,1,1,,,,4,4,15,5,5,17,5,0,0
js_object_get_prototype_of,unreviewed,Unknown,unclear,unclear,unclear,unclear,Not transitively audited in this finite first pass; declaration or literal call spelling alone is not effect evidence.,,crates/perry-runtime/src/object/object_ops/prototype.rs:188,crates/perry-codegen/src/runtime_decls/stdlib_ffi/language_core.rs:29,crates/perry-codegen/src/expr/string_regex_proc.rs:154,1,1,,,,85,85,328,85,85,328,85,0,0
js_object_get_symbol_property_ic_miss,unreviewed,Unknown,unclear,unclear,unclear,unclear,Not transitively audited in this finite first pass; declaration or literal call spelling alone is not effect evidence.,,crates/perry-runtime/src/symbol/get.rs:161,crates/perry-codegen/src/runtime_decls/strings_part2.rs:324,crates/perry-codegen/src/expr/index_get.rs:122,1,1,,,,1668,1446,6373,1668,1446,6373,1705,0,0
js_object_has_own,unreviewed,Unknown,unclear,unclear,unclear,unclear,Not transitively audited in this finite first pass; declaration or literal call spelling alone is not effect evidence.,,crates/perry-runtime/src/object/object_ops/has_own.rs:66,crates/perry-codegen/src/runtime_decls/strings_part2.rs:155,crates/perry-codegen/src/expr/arrays_finds.rs:766,1,1,,,,617,617,1588,617,617,1588,618,0,0
js_object_is,unreviewed,Unknown,unclear,unclear,unclear,unclear,Not transitively audited in this finite first pass; declaration or literal call spelling alone is not effect evidence.,,crates/perry-runtime/src/object/object_ops/has_own.rs:8,crates/perry-codegen/src/runtime_decls/strings_part2.rs:49,crates/perry-codegen/src/expr/arrays_finds.rs:553,1,1,,,,5,5,10,5,5,10,5,0,0
js_object_is_frozen,unreviewed,Unknown,unclear,unclear,unclear,unclear,Not transitively audited in this finite first pass; declaration or literal call spelling alone is not effect evidence.,,crates/perry-runtime/src/object/object_ops_frozen.rs:527,crates/perry-codegen/src/runtime_decls/strings_part2.rs:437,crates/perry-codegen/src/expr/arrays_finds.rs:648,1,1,,,,3,3,4,3,3,4,3,0,0
js_object_keys_value,unreviewed,Unknown,unclear,unclear,unclear,unclear,Not transitively audited in this finite first pass; declaration or literal call spelling alone is not effect evidence.,,crates/perry-runtime/src/object/field_get_set/enumeration.rs:131,crates/perry-codegen/src/runtime_decls/strings.rs:422,crates/perry-codegen/src/expr/logical_collections.rs:936,1,1,,,,830,823,2795,831,824,2797,833,0,0
js_object_literal_infer_computed_function_name,unreviewed,Unknown,unclear,unclear,unclear,unclear,Not transitively audited in this finite first pass; declaration or literal call spelling alone is not effect evidence.,,crates/perry-runtime/src/symbol/properties.rs:513,crates/perry-codegen/src/runtime_decls/strings_part2.rs:318,,1,0,,,,1346,1346,1673,1346,1346,1673,1346,0,0
js_object_literal_set_computed,unreviewed,Unknown,unclear,unclear,unclear,unclear,Not transitively audited in this finite first pass; declaration or literal call spelling alone is not effect evidence.,,crates/perry-runtime/src/object/object_literal_ops.rs:69,crates/perry-codegen/src/runtime_decls/stdlib_ffi/language_core.rs:474,,1,0,,,,1346,1346,4243,1346,1346,4243,1346,0,0
js_object_literal_set_prototype,unreviewed,Unknown,unclear,unclear,unclear,unclear,Not transitively audited in this finite first pass; declaration or literal call spelling alone is not effect evidence.,,crates/perry-runtime/src/object/object_literal_ops.rs:115,crates/perry-codegen/src/runtime_decls/stdlib_ffi/language_core.rs:480,,1,0,,,,40,40,47,40,40,47,40,0,0
js_object_literal_to_property_key,unreviewed,Unknown,unclear,unclear,unclear,unclear,Not transitively audited in this finite first pass; declaration or literal call spelling alone is not effect evidence.,,crates/perry-runtime/src/object/object_literal_ops.rs:57,crates/perry-codegen/src/runtime_decls/stdlib_ffi/language_core.rs:479,,1,0,,,,1346,1346,2312,1346,1346,2312,1346,0,0
js_object_mark_class,unreviewed,Unknown,unclear,unclear,unclear,unclear,Not transitively audited in this finite first pass; declaration or literal call spelling alone is not effect evidence.,,crates/perry-runtime/src/object/class_registry/parent_static.rs:478,crates/perry-codegen/src/runtime_decls/objects.rs:89,crates/perry-codegen/src/expr/static_field_meta.rs:466,1,1,,,,972,865,7437,972,865,7437,972,0,0
js_object_property_is_enumerable,unreviewed,Unknown,unclear,unclear,unclear,unclear,Not transitively audited in this finite first pass; declaration or literal call spelling alone is not effect evidence.,,crates/perry-runtime/src/object/object_ops/has_own.rs:491,crates/perry-codegen/src/runtime_decls/strings_part2.rs:157,,1,0,,,,3,3,12,4,4,14,4,0,0
js_object_rest,unreviewed,Unknown,unclear,unclear,unclear,unclear,Not transitively audited in this finite first pass; declaration or literal call spelling alone is not effect evidence.,,crates/perry-runtime/src/object/delete_rest.rs:1069,crates/perry-codegen/src/runtime_decls/objects.rs:367,crates/perry-codegen/src/expr/bigint_set.rs:453,1,1,,,,133,133,506,133,133,506,133,0,0
js_object_set_field,unreviewed,Unknown,unclear,unclear,unclear,unclear,Not transitively audited in this finite first pass; declaration or literal call spelling alone is not effect evidence.,,crates/perry-runtime/src/object/field_get_set/field_ops.rs:101,crates/perry-codegen/src/runtime_decls/objects.rs:110,crates/perry-codegen/src/expr/object_literal.rs:515,1,1,,,,5898,5456,10153,5898,5456,10153,7328,0,0
js_object_set_field_by_name,unreviewed,Unknown,unclear,unclear,unclear,unclear,Not transitively audited in this finite first pass; declaration or literal call spelling alone is not effect evidence.,,crates/perry-runtime/src/object/field_set_by_name.rs:43,crates/perry-codegen/src/runtime_decls/objects.rs:112,crates/perry-codegen/src/expr/dyn_extern_i18n.rs:464;crates/perry-codegen/src/expr/logical_collections.rs:517;crates/perry-codegen/src/expr/logical_collections.rs:1474;crates/perry-codegen/src/expr/member_update.rs:278;crates/perry-codegen/src/expr/object_literal.rs:298;crates/perry-codegen/src/expr/object_literal.rs:314;crates/perry-codegen/src/expr/pod_record.rs:389;crates/perry-codegen/src/expr/pod_record.rs:413;crates/perry-codegen/src/expr/pod_record.rs:584;crates/perry-codegen/src/expr/pod_record.rs:606;crates/perry-codegen/src/expr/static_field_meta.rs:583;crates/perry-codegen/src/expr/static_field_meta.rs:652;crates/perry-codegen/src/expr/static_field_meta.rs:680;crates/perry-codegen/src/lower_call/field_init.rs:899;crates/perry-codegen/src/lower_call/native/native_instance_branch.rs:280;crates/perry-codegen/src/lower_call/native/native_instance_branch.rs:435;crates/perry-codegen/src/lower_call/scalar_method.rs:661,1,17,,,,834,822,6529,834,822,6529,834,0,0
js_object_set_field_by_name_nonenum,unreviewed,Unknown,unclear,unclear,unclear,unclear,Not transitively audited in this finite first pass; declaration or literal call spelling alone is not effect evidence.,,crates/perry-runtime/src/object/field_set_by_name/attr_variants.rs:16,crates/perry-codegen/src/runtime_decls/objects.rs:118,crates/perry-codegen/src/expr/this_super_call.rs:1304;crates/perry-codegen/src/expr/this_super_call.rs:1636;crates/perry-codegen/src/lower_call/new_error_init.rs:85,1,3,,,,79,79,187,79,79,187,79,0,0
js_object_set_field_by_property_id,unreviewed,Unknown,unclear,unclear,unclear,unclear,Not transitively audited in this finite first pass; declaration or literal call spelling alone is not effect evidence.,,crates/perry-runtime/src/object/field_get_set/ic_miss.rs:146,crates/perry-codegen/src/runtime_decls/objects.rs:113,crates/perry-codegen/src/expr/property_set.rs:176,1,1,,,,886,886,15067,886,886,15067,886,0,0
js_object_set_index_polymorphic,unreviewed,Unknown,unclear,unclear,unclear,unclear,Not transitively audited in this finite first pass; declaration or literal call spelling alone is not effect evidence.,,crates/perry-runtime/src/object/polymorphic_index.rs:346,crates/perry-codegen/src/runtime_decls/objects.rs:272,crates/perry-codegen/src/expr/arrays_finds.rs:1068,1,1,,,,16,16,215,16,16,215,16,0,0
js_object_set_method_by_name,unreviewed,Unknown,unclear,unclear,unclear,unclear,Not transitively audited in this finite first pass; declaration or literal call spelling alone is not effect evidence.,,crates/perry-runtime/src/symbol/properties.rs:767,crates/perry-codegen/src/runtime_decls/stdlib_ffi/language_core.rs:460,,1,0,,,,13,13,31,13,13,31,13,0,0
js_object_set_property_key_method,unreviewed,Unknown,unclear,unclear,unclear,unclear,Not transitively audited in this finite first pass; declaration or literal call spelling alone is not effect evidence.,,crates/perry-runtime/src/object/property_key.rs:264,crates/perry-codegen/src/runtime_decls/strings_part2.rs:302,,1,0,,,,2,2,2,2,2,2,2,0,0
js_object_set_prototype_of,unreviewed,Unknown,unclear,unclear,unclear,unclear,Not transitively audited in this finite first pass; declaration or literal call spelling alone is not effect evidence.,,crates/perry-runtime/src/object/object_ops/define_properties.rs:213,crates/perry-codegen/src/runtime_decls/stdlib_ffi/language_core.rs:30,crates/perry-codegen/src/expr/string_regex_proc.rs:188,1,1,,,,129,129,358,129,129,358,129,0,0
js_object_set_symbol_property,unreviewed,Unknown,unclear,unclear,unclear,unclear,Not transitively audited in this finite first pass; declaration or literal call spelling alone is not effect evidence.,,crates/perry-runtime/src/symbol/properties.rs:486,crates/perry-codegen/src/runtime_decls/strings_part2.rs:290,crates/perry-codegen/src/expr/index_set.rs:1566,1,1,,,,25,7,87,25,7,87,26,0,0
js_object_shape_id_for_keys,unreviewed,Unknown,unclear,unclear,unclear,unclear,Not transitively audited in this finite first pass; declaration or literal call spelling alone is not effect evidence.,,crates/perry-runtime/src/object/shapes.rs:813,crates/perry-codegen/src/runtime_decls/strings.rs:1142,crates/perry-codegen/src/codegen/string_pool.rs:624,1,1,,,,6623,0,0,6623,0,0,6623,0,0
js_object_to_string,unreviewed,Unknown,unclear,unclear,unclear,unclear,Not transitively audited in this finite first pass; declaration or literal call spelling alone is not effect evidence.,,crates/perry-runtime/src/object/to_string_tag.rs:100,crates/perry-codegen/src/runtime_decls/stdlib_ffi/language_core.rs:484,,1,0,,,,31,30,46,33,32,51,33,0,0
js_object_values_value,unreviewed,Unknown,unclear,unclear,unclear,unclear,Not transitively audited in this finite first pass; declaration or literal call spelling alone is not effect evidence.,,crates/perry-runtime/src/object/field_get_set/enumeration.rs:835,crates/perry-codegen/src/runtime_decls/strings.rs:1670,crates/perry-codegen/src/expr/instance_misc1.rs:951,1,1,,,,153,153,727,153,153,727,153,0,0
js_os_arch,unreviewed,Unknown,unclear,unclear,unclear,unclear,Not transitively audited in this finite first pass; declaration or literal call spelling alone is not effect evidence.,,crates/perry-runtime/src/os.rs:61,crates/perry-codegen/src/runtime_decls/strings.rs:1065,crates/perry-codegen/src/expr/string_regex_proc.rs:583,1,1,,,,72,69,245,72,69,245,72,0,0
js_os_eol,unreviewed,Unknown,unclear,unclear,unclear,unclear,Not transitively audited in this finite first pass; declaration or literal call spelling alone is not effect evidence.,,crates/perry-runtime/src/os.rs:937,crates/perry-codegen/src/runtime_decls/strings.rs:1069,crates/perry-codegen/src/expr/env_clones.rs:209,1,1,,,,4,4,9,4,4,9,4,0,0
js_os_homedir,unreviewed,Unknown,unclear,unclear,unclear,unclear,Not transitively audited in this finite first pass; declaration or literal call spelling alone is not effect evidence.,,crates/perry-runtime/src/os.rs:166,crates/perry-codegen/src/runtime_decls/stdlib_ffi/data_stores.rs:235,crates/perry-codegen/src/expr/string_regex_proc.rs:608,1,1,,,,94,88,232,94,88,232,94,0,0
js_os_hostname,unreviewed,Unknown,unclear,unclear,unclear,unclear,Not transitively audited in this finite first pass; declaration or literal call spelling alone is not effect evidence.,,crates/perry-runtime/src/os.rs:142,crates/perry-codegen/src/runtime_decls/strings.rs:1068,crates/perry-codegen/src/expr/string_regex_proc.rs:603,1,1,,,,4,4,11,4,4,11,4,0,0
js_os_platform,unreviewed,Unknown,unclear,unclear,unclear,unclear,Not transitively audited in this finite first pass; declaration or literal call spelling alone is not effect evidence.,,crates/perry-runtime/src/os.rs:34,crates/perry-codegen/src/runtime_decls/strings.rs:1064,crates/perry-codegen/src/expr/string_regex_proc.rs:593,1,1,,,,267,236,861,266,236,861,266,0,0
js_os_release,unreviewed,Unknown,unclear,unclear,unclear,unclear,Not transitively audited in this finite first pass; declaration or literal call spelling alone is not effect evidence.,,crates/perry-runtime/src/os.rs:882,crates/perry-codegen/src/runtime_decls/strings.rs:1067,crates/perry-codegen/src/expr/string_regex_proc.rs:598,1,1,,,,7,6,8,7,6,8,7,0,0
js_os_tmpdir,unreviewed,Unknown,unclear,unclear,unclear,unclear,Not transitively audited in this finite first pass; declaration or literal call spelling alone is not effect evidence.,,crates/perry-runtime/src/os.rs:209,crates/perry-codegen/src/runtime_decls/stdlib_ffi/data_stores.rs:237,crates/perry-codegen/src/expr/string_regex_proc.rs:613,1,1,,,,11,9,33,11,9,33,11,0,0
js_os_type,unreviewed,Unknown,unclear,unclear,unclear,unclear,Not transitively audited in this finite first pass; declaration or literal call spelling alone is not effect evidence.,,crates/perry-runtime/src/os.rs:856,crates/perry-codegen/src/runtime_decls/strings.rs:1066,crates/perry-codegen/src/expr/string_regex_proc.rs:588,1,1,,,,3,3,4,3,3,4,3,0,0
js_os_user_info,unreviewed,Unknown,unclear,unclear,unclear,unclear,Not transitively audited in this finite first pass; declaration or literal call spelling alone is not effect evidence.,,crates/perry-runtime/src/os.rs:1265,crates/perry-codegen/src/runtime_decls/stdlib_ffi/data_stores.rs:240,crates/perry-codegen/src/expr/string_regex_proc.rs:631,1,1,,,,3,1,1,3,1,1,3,0,0
js_os_version,unreviewed,Unknown,unclear,unclear,unclear,unclear,Not transitively audited in this finite first pass; declaration or literal call spelling alone is not effect evidence.,,crates/perry-runtime/src/os.rs:496,crates/perry-codegen/src/runtime_decls/strings.rs:1075,crates/perry-codegen/src/expr/os_uri_dates.rs:77,1,1,,,,1,1,0,1,1,0,1,0,0
js_packed_arraylike_index_get,unreviewed,Unknown,unclear,unclear,unclear,unclear,Not transitively audited in this finite first pass; declaration or literal call spelling alone is not effect evidence.,,crates/perry-runtime/src/array/subclass_packed_index.rs:35,crates/perry-codegen/src/runtime_decls/strings.rs:724,crates/perry-codegen/src/expr/index_get/inline_dyn_typed_array.rs:853;crates/perry-codegen/src/stmt/stable_packed_loop.rs:1346,1,2,,,,27070,27049,224658,27071,27050,224668,27188,0,0
js_packed_arraylike_loop_guard_live,unreviewed,Unknown,unclear,unclear,unclear,unclear,Not transitively audited in this finite first pass; declaration or literal call spelling alone is not effect evidence.,,crates/perry-runtime/src/array/subclass_loop_guard.rs:286,crates/perry-codegen/src/runtime_decls/strings.rs:737,crates/perry-codegen/src/stmt/stable_packed_loop.rs:1604,1,1,,,,111,111,465,111,111,465,116,0,0
js_packed_arraylike_loop_revalidate_live,unreviewed,CannotCollect,unclear,unclear,unclear,unclear,Not transitively audited in this finite first pass; declaration or literal call spelling alone is not effect evidence.,,crates/perry-runtime/src/array/subclass_loop_guard.rs:370,crates/perry-codegen/src/runtime_decls/strings.rs:745,crates/perry-codegen/src/stmt/stable_packed_loop.rs:924;crates/perry-codegen/src/stmt/stable_packed_loop.rs:1494,1,2,,,,3,1,3,3,1,3,3,0,0
js_param_or_class_capture_value,unreviewed,Unknown,unclear,unclear,unclear,unclear,Not transitively audited in this finite first pass; declaration or literal call spelling alone is not effect evidence.,,crates/perry-runtime/src/object/class_constructors.rs:388,crates/perry-codegen/src/runtime_decls/strings.rs:1469,crates/perry-codegen/src/expr/static_field_meta.rs:259,1,1,,,,29446,29446,116792,29446,29446,116792,29445,0,0
js_param_type_guard,unreviewed,CannotCollect,unclear,unclear,unclear,unclear,Not transitively audited in this finite first pass; declaration or literal call spelling alone is not effect evidence.,,crates/perry-runtime/src/param_type_guard.rs:746,crates/perry-codegen/src/runtime_decls/mod.rs:175,crates/perry-codegen/src/codegen/function.rs:418;crates/perry-codegen/src/lower_call/func_ref.rs:191,1,2,,,,2,0,0,2,0,0,2,0,0
js_parse_float,unreviewed,Unknown,unclear,unclear,unclear,unclear,Not transitively audited in this finite first pass; declaration or literal call spelling alone is not effect evidence.,,crates/perry-runtime/src/builtins/numbers.rs:177,crates/perry-codegen/src/runtime_decls/strings.rs:1280,crates/perry-codegen/src/expr/logical_collections.rs:1274,1,1,,,,65,65,171,65,65,171,65,0,0
js_parse_int,unreviewed,Unknown,unclear,unclear,unclear,unclear,Not transitively audited in this finite first pass; declaration or literal call spelling alone is not effect evidence.,,crates/perry-runtime/src/builtins/numbers.rs:14,crates/perry-codegen/src/runtime_decls/strings.rs:1279,crates/perry-codegen/src/expr/logical_collections.rs:1267,1,1,,,,478,459,1329,478,459,1329,481,0,0
js_path_arg_header,unreviewed,Unknown,unclear,unclear,unclear,unclear,Not transitively audited in this finite first pass; declaration or literal call spelling alone is not effect evidence.,,crates/perry-runtime/src/path/value_args.rs:49,crates/perry-codegen/src/runtime_decls/strings.rs:1706,crates/perry-codegen/src/expr/array_methods.rs:300;crates/perry-codegen/src/expr/array_methods.rs:307;crates/perry-codegen/src/expr/arrays_finds.rs:696;crates/perry-codegen/src/expr/instance_misc1.rs:1043;crates/perry-codegen/src/expr/instance_misc1.rs:1081;crates/perry-codegen/src/expr/instance_misc1.rs:1100;crates/perry-codegen/src/expr/instance_misc1.rs:1295;crates/perry-codegen/src/expr/instance_misc1.rs:1553;crates/perry-codegen/src/expr/instance_misc1.rs:1579;crates/perry-codegen/src/expr/misc_methods.rs:249,1,10,,,,572,567,2072,572,567,2072,572,0,0
js_path_basename,unreviewed,Unknown,unclear,unclear,unclear,unclear,Not transitively audited in this finite first pass; declaration or literal call spelling alone is not effect evidence.,,crates/perry-runtime/src/path.rs:528,crates/perry-codegen/src/runtime_decls/strings.rs:1725,crates/perry-codegen/src/expr/instance_misc1.rs:1554,1,1,,,,111,111,594,111,111,594,111,0,0
js_path_delimiter_get,unreviewed,Unknown,unclear,unclear,unclear,unclear,Not transitively audited in this finite first pass; declaration or literal call spelling alone is not effect evidence.,,crates/perry-runtime/src/path.rs:1055,crates/perry-codegen/src/runtime_decls/strings.rs:1729,crates/perry-codegen/src/expr/arrays_finds.rs:708,1,1,,,,1,1,1,1,1,1,1,0,0
js_path_dirname,unreviewed,Unknown,unclear,unclear,unclear,unclear,Not transitively audited in this finite first pass; declaration or literal call spelling alone is not effect evidence.,,crates/perry-runtime/src/path.rs:512,crates/perry-codegen/src/runtime_decls/strings.rs:1693,crates/perry-codegen/src/expr/instance_misc1.rs:1296,1,1,,,,160,160,548,160,160,548,160,0,0
js_path_extname,unreviewed,Unknown,unclear,unclear,unclear,unclear,Not transitively audited in this finite first pass; declaration or literal call spelling alone is not effect evidence.,,crates/perry-runtime/src/path.rs:544,crates/perry-codegen/src/runtime_decls/strings.rs:1727,crates/perry-codegen/src/expr/arrays_finds.rs:697,1,1,,,,30,30,86,30,30,86,30,0,0
js_path_is_absolute,unreviewed,Unknown,unclear,unclear,unclear,unclear,Not transitively audited in this finite first pass; declaration or literal call spelling alone is not effect evidence.,,crates/perry-runtime/src/path.rs:570,crates/perry-codegen/src/runtime_decls/strings_part2.rs:53,crates/perry-codegen/src/expr/misc_methods.rs:250,1,1,,,,49,49,181,49,49,181,49,0,0
js_path_normalize,unreviewed,Unknown,unclear,unclear,unclear,unclear,Not transitively audited in this finite first pass; declaration or literal call spelling alone is not effect evidence.,,crates/perry-runtime/src/path.rs:775,crates/perry-codegen/src/runtime_decls/strings_part2.rs:51,crates/perry-codegen/src/expr/array_methods.rs:301,1,1,,,,45,45,100,45,45,100,45,0,0
js_path_parse,unreviewed,Unknown,unclear,unclear,unclear,unclear,Not transitively audited in this finite first pass; declaration or literal call spelling alone is not effect evidence.,,crates/perry-runtime/src/path.rs:901,crates/perry-codegen/src/runtime_decls/strings.rs:1730,crates/perry-codegen/src/expr/instance_misc1.rs:1580,1,1,,,,6,6,28,6,6,28,6,0,0
js_path_relative_checked,unreviewed,Unknown,unclear,unclear,unclear,unclear,Not transitively audited in this finite first pass; declaration or literal call spelling alone is not effect evidence.,,crates/perry-runtime/src/path.rs:812,crates/perry-codegen/src/runtime_decls/strings.rs:1696,crates/perry-codegen/src/expr/instance_misc1.rs:1305,1,1,,,,68,68,349,68,68,349,68,0,0
js_path_resolve,unreviewed,Unknown,unclear,unclear,unclear,unclear,Not transitively audited in this finite first pass; declaration or literal call spelling alone is not effect evidence.,,crates/perry-runtime/src/path.rs:596,crates/perry-codegen/src/runtime_decls/strings.rs:1694,crates/perry-codegen/src/expr/array_methods.rs:308,1,1,,,,171,166,535,171,166,535,171,0,0
js_path_sep_get,unreviewed,Unknown,unclear,unclear,unclear,unclear,Not transitively audited in this finite first pass; declaration or literal call spelling alone is not effect evidence.,,crates/perry-runtime/src/path.rs:1050,crates/perry-codegen/src/runtime_decls/strings.rs:1728,crates/perry-codegen/src/expr/arrays_finds.rs:703,1,1,,,,29,29,122,29,29,122,29,0,0
js_performance_now,unreviewed,Unknown,unclear,unclear,unclear,unclear,Not transitively audited in this finite first pass; declaration or literal call spelling alone is not effect evidence.,,crates/perry-runtime/src/date.rs:407,crates/perry-codegen/src/runtime_decls/stdlib_ffi/language_core.rs:247,crates/perry-codegen/src/expr/misc_methods.rs:850;crates/perry-codegen/src/lower_call/native/perf_hooks.rs:71,1,2,,,,109,97,407,109,97,407,109,0,0
js_private_brand_add,unreviewed,Unknown,unclear,unclear,unclear,unclear,Not transitively audited in this finite first pass; declaration or literal call spelling alone is not effect evidence.,,crates/perry-runtime/src/object/field_get_set/ic_miss.rs:1459,crates/perry-codegen/src/runtime_decls/strings.rs:457,crates/perry-codegen/src/lower_call/field_init.rs:773,1,1,,,,18,18,176,18,18,176,18,0,0
js_private_brand_check,unreviewed,Unknown,unclear,unclear,unclear,unclear,Not transitively audited in this finite first pass; declaration or literal call spelling alone is not effect evidence.,,crates/perry-runtime/src/object/field_get_set/ic_miss/private_member_access.rs:310,crates/perry-codegen/src/runtime_decls/strings.rs:447,crates/perry-codegen/src/expr/logical_collections.rs:1192,1,1,,,,1,1,7,1,1,7,1,0,0
js_private_field_add,unreviewed,Unknown,unclear,unclear,unclear,unclear,Not transitively audited in this finite first pass; declaration or literal call spelling alone is not effect evidence.,,crates/perry-runtime/src/object/field_get_set/ic_miss.rs:1494,crates/perry-codegen/src/runtime_decls/strings.rs:458,crates/perry-codegen/src/lower_call/field_init.rs:821,1,1,,,,194,194,1812,194,194,1812,194,0,0
js_private_guard,unreviewed,Unknown,unclear,unclear,unclear,unclear,Not transitively audited in this finite first pass; declaration or literal call spelling alone is not effect evidence.,,crates/perry-runtime/src/object/field_get_set/ic_miss.rs:1606,crates/perry-codegen/src/runtime_decls/strings.rs:452,crates/perry-codegen/src/expr/logical_collections.rs:1238,1,1,,,,1658,1658,7252,1658,1658,7252,1658,0,0
js_process_argv,unreviewed,Unknown,unclear,unclear,unclear,unclear,Not transitively audited in this finite first pass; declaration or literal call spelling alone is not effect evidence.,,crates/perry-runtime/src/os.rs:582,crates/perry-codegen/src/runtime_decls/strings.rs:918,crates/perry-codegen/src/expr/env_clones.rs:381,1,1,,,,112,88,254,112,88,254,112,0,0
js_process_chdir_jsv,unreviewed,Unknown,unclear,unclear,unclear,unclear,Not transitively audited in this finite first pass; declaration or literal call spelling alone is not effect evidence.,,crates/perry-runtime/src/process/exec_env.rs:129,crates/perry-codegen/src/runtime_decls/strings.rs:988,crates/perry-codegen/src/expr/string_regex_proc.rs:98,1,1,,,,14,13,34,14,13,34,15,0,0
js_process_constrained_memory,unreviewed,Unknown,unclear,unclear,unclear,unclear,Not transitively audited in this finite first pass; declaration or literal call spelling alone is not effect evidence.,,crates/perry-runtime/src/process/env_misc.rs:819,crates/perry-codegen/src/runtime_decls/strings.rs:955,crates/perry-codegen/src/expr/os_uri_dates.rs:104,1,1,,,,1,1,7,1,1,7,1,0,0
js_process_cpu_usage,unreviewed,Unknown,unclear,unclear,unclear,unclear,Not transitively audited in this finite first pass; declaration or literal call spelling alone is not effect evidence.,,crates/perry-runtime/src/process/env_misc.rs:466,crates/perry-codegen/src/runtime_decls/strings.rs:978,crates/perry-codegen/src/expr/os_uri_dates.rs:149,1,1,,,,2,2,3,2,2,3,2,0,0
js_process_cwd,unreviewed,Unknown,unclear,unclear,unclear,unclear,Not transitively audited in this finite first pass; declaration or literal call spelling alone is not effect evidence.,,crates/perry-runtime/src/os.rs:556,crates/perry-codegen/src/runtime_decls/strings.rs:917,crates/perry-codegen/src/expr/env_clones.rs:204;crates/perry-codegen/src/lower_call/native/mod.rs:107,1,2,,,,41,40,167,41,40,167,41,0,0
js_process_emit,unreviewed,Unknown,unclear,unclear,unclear,unclear,Not transitively audited in this finite first pass; declaration or literal call spelling alone is not effect evidence.,,crates/perry-runtime/src/os/os_process_emitter.rs:556,crates/perry-codegen/src/runtime_decls/strings.rs:999,,1,0,,,,3,3,0,3,3,0,3,0,0
js_process_emit_before_exit_pending,unreviewed,Unknown,unclear,unclear,unclear,unclear,Not transitively audited in this finite first pass; declaration or literal call spelling alone is not effect evidence.,,crates/perry-runtime/src/os/os_process_emitter.rs:479,crates/perry-codegen/src/runtime_decls/strings.rs:1001,crates/perry-codegen/src/codegen/entry.rs:1376,1,1,,,,1,1,0,1,1,0,1,0,0
js_process_emit_warning,unreviewed,Unknown,unclear,unclear,unclear,unclear,Not transitively audited in this finite first pass; declaration or literal call spelling alone is not effect evidence.,,crates/perry-runtime/src/process/env_misc.rs:735,crates/perry-codegen/src/runtime_decls/strings.rs:977,crates/perry-codegen/src/expr/os_uri_dates.rs:135,1,1,,,,19,19,205,19,19,205,19,0,0
js_process_env,unreviewed,Unknown,unclear,unclear,unclear,unclear,Not transitively audited in this finite first pass; declaration or literal call spelling alone is not effect evidence.,,crates/perry-runtime/src/process/env_misc.rs:1169,crates/perry-codegen/src/runtime_decls/strings.rs:981,crates/perry-codegen/src/expr/array_methods.rs:463;crates/perry-codegen/src/expr/property_get/globalget.rs:45,1,2,,,,99,90,156,99,90,156,99,0,0
js_process_exit,unreviewed,Unknown,unclear,unclear,unclear,unclear,Not transitively audited in this finite first pass; declaration or literal call spelling alone is not effect evidence.,,crates/perry-runtime/src/process/env_misc.rs:86,crates/perry-codegen/src/runtime_decls/strings.rs:990,crates/perry-codegen/src/expr/string_regex_proc.rs:120,1,1,,,,92,83,197,92,83,197,92,0,0
js_process_exit_code_get,unreviewed,Unknown,unclear,unclear,unclear,unclear,Not transitively audited in this finite first pass; declaration or literal call spelling alone is not effect evidence.,,crates/perry-runtime/src/process/env_misc.rs:915,crates/perry-codegen/src/runtime_decls/strings.rs:906,,1,0,,,,2,1,3,2,1,3,2,0,0
js_process_exit_code_set,unreviewed,Unknown,unclear,unclear,unclear,unclear,Not transitively audited in this finite first pass; declaration or literal call spelling alone is not effect evidence.,,crates/perry-runtime/src/process/env_misc.rs:936,crates/perry-codegen/src/runtime_decls/strings.rs:907,,1,0,,,,5,5,15,5,5,15,5,0,0
js_process_geteuid,unreviewed,Unknown,unclear,unclear,unclear,unclear,Not transitively audited in this finite first pass; declaration or literal call spelling alone is not effect evidence.,,crates/perry-runtime/src/process/credentials.rs:25,crates/perry-codegen/src/runtime_decls/strings.rs:974,,1,0,,,,1,0,0,1,0,0,1,0,0
js_process_getgid,unreviewed,Unknown,unclear,unclear,unclear,unclear,Not transitively audited in this finite first pass; declaration or literal call spelling alone is not effect evidence.,,crates/perry-runtime/src/process/credentials.rs:36,crates/perry-codegen/src/runtime_decls/strings.rs:975,,1,0,,,,1,1,4,1,1,4,1,0,0
js_process_getuid,unreviewed,Unknown,unclear,unclear,unclear,unclear,Not transitively audited in this finite first pass; declaration or literal call spelling alone is not effect evidence.,,crates/perry-runtime/src/process/credentials.rs:14,crates/perry-codegen/src/runtime_decls/strings.rs:973,,1,0,,,,3,3,8,3,3,8,3,0,0
js_process_kill,unreviewed,Unknown,unclear,unclear,unclear,unclear,Not transitively audited in this finite first pass; declaration or literal call spelling alone is not effect evidence.,,crates/perry-runtime/src/os/signal.rs:970,crates/perry-codegen/src/runtime_decls/strings.rs:989,crates/perry-codegen/src/expr/string_regex_proc.rs:432,1,1,,,,23,23,43,23,23,43,23,0,0
js_process_memory_usage,unreviewed,Unknown,unclear,unclear,unclear,unclear,Not transitively audited in this finite first pass; declaration or literal call spelling alone is not effect evidence.,,crates/perry-runtime/src/process/env_misc.rs:1460,crates/perry-codegen/src/runtime_decls/strings.rs:924,crates/perry-codegen/src/expr/os_uri_dates.rs:82;crates/perry-codegen/src/lower_call/native/mod.rs:114,1,2,,,,7,7,13,7,7,13,7,0,0
js_process_off,unreviewed,Unknown,unclear,unclear,unclear,unclear,Not transitively audited in this finite first pass; declaration or literal call spelling alone is not effect evidence.,,crates/perry-runtime/src/os/os_process_emitter.rs:586,crates/perry-codegen/src/runtime_decls/strings.rs:1015,,1,0,,,,10,10,17,10,10,17,10,0,0
js_process_on,unreviewed,Unknown,unclear,unclear,unclear,unclear,Not transitively audited in this finite first pass; declaration or literal call spelling alone is not effect evidence.,,crates/perry-runtime/src/os/os_process_emitter.rs:434,crates/perry-codegen/src/runtime_decls/strings.rs:994,crates/perry-codegen/src/expr/misc_methods.rs:733,1,1,,,,30,29,85,30,29,85,30,0,0
js_process_once,unreviewed,Unknown,unclear,unclear,unclear,unclear,Not transitively audited in this finite first pass; declaration or literal call spelling alone is not effect evidence.,,crates/perry-runtime/src/os/os_process_emitter.rs:446,crates/perry-codegen/src/runtime_decls/strings.rs:996,crates/perry-codegen/src/expr/misc_methods.rs:753,1,1,,,,4,4,2,4,4,2,4,0,0
js_process_pending_exit_code,unreviewed,Unknown,unclear,unclear,unclear,unclear,Not transitively audited in this finite first pass; declaration or literal call spelling alone is not effect evidence.,,crates/perry-runtime/src/process/env_misc.rs:957,crates/perry-codegen/src/runtime_decls/strings.rs:1008,crates/perry-codegen/src/codegen/entry.rs:1411,1,1,,,,1,1,0,1,1,0,1,0,0
js_process_pid,unreviewed,Unknown,unclear,unclear,unclear,unclear,Not transitively audited in this finite first pass; declaration or literal call spelling alone is not effect evidence.,,crates/perry-runtime/src/os.rs:626,crates/perry-codegen/src/runtime_decls/strings.rs:919,crates/perry-codegen/src/expr/env_clones.rs:377,1,1,,,,40,39,153,40,39,153,41,0,0
js_process_ppid,unreviewed,Unknown,unclear,unclear,unclear,unclear,Not transitively audited in this finite first pass; declaration or literal call spelling alone is not effect evidence.,,crates/perry-runtime/src/os.rs:646,crates/perry-codegen/src/runtime_decls/strings.rs:920,crates/perry-codegen/src/expr/env_clones.rs:378,1,1,,,,3,3,4,3,3,4,3,0,0
js_process_remove_all_listeners,unreviewed,Unknown,unclear,unclear,unclear,unclear,Not transitively audited in this finite first pass; declaration or literal call spelling alone is not effect evidence.,,crates/perry-runtime/src/os/os_process_emitter.rs:591,crates/perry-codegen/src/runtime_decls/strings.rs:1016,,1,0,,,,2,2,5,2,2,5,2,0,0
js_process_remove_listener,unreviewed,Unknown,unclear,unclear,unclear,unclear,Not transitively audited in this finite first pass; declaration or literal call spelling alone is not effect evidence.,,crates/perry-runtime/src/os/os_process_emitter.rs:565,crates/perry-codegen/src/runtime_decls/strings.rs:1014,,1,0,,,,3,2,0,3,2,0,3,0,0
js_process_resource_usage,unreviewed,Unknown,unclear,unclear,unclear,unclear,Not transitively audited in this finite first pass; declaration or literal call spelling alone is not effect evidence.,,crates/perry-runtime/src/process/attributes.rs:17,crates/perry-codegen/src/runtime_decls/strings.rs:979,crates/perry-codegen/src/expr/os_uri_dates.rs:152,1,1,,,,1,1,3,1,1,3,1,0,0
js_process_run_exit_sequence,unreviewed,Unknown,unclear,unclear,unclear,unclear,Not transitively audited in this finite first pass; declaration or literal call spelling alone is not effect evidence.,,crates/perry-runtime/src/process/env_misc.rs:149,crates/perry-codegen/src/runtime_decls/strings.rs:1002,crates/perry-codegen/src/codegen/entry.rs:1380,1,1,,,,1,1,0,1,1,0,1,0,0
js_process_run_finalization_exit,unreviewed,Unknown,unclear,unclear,unclear,unclear,Not transitively audited in this finite first pass; declaration or literal call spelling alone is not effect evidence.,,crates/perry-runtime/src/process/finalization.rs:221,crates/perry-codegen/src/runtime_decls/strings.rs:1003,crates/perry-codegen/src/codegen/entry.rs:1382,1,1,,,,1,1,0,1,1,0,1,0,0
js_process_set_title,unreviewed,Unknown,unclear,unclear,unclear,unclear,Not transitively audited in this finite first pass; declaration or literal call spelling alone is not effect evidence.,,crates/perry-runtime/src/process/attributes.rs:120,crates/perry-codegen/src/runtime_decls/strings.rs:985,crates/perry-codegen/src/expr/misc_methods.rs:274,1,1,,,,3,3,3,3,3,3,3,0,0
js_process_stderr,unreviewed,Unknown,unclear,unclear,unclear,unclear,Not transitively audited in this finite first pass; declaration or literal call spelling alone is not effect evidence.,,crates/perry-runtime/src/os_process_streams.rs:1758,crates/perry-codegen/src/runtime_decls/strings.rs:1042,crates/perry-codegen/src/expr/string_regex_proc.rs:398,1,1,,,,104,102,256,104,102,256,104,0,0
js_process_stderr_isatty,unreviewed,Unknown,unclear,unclear,unclear,unclear,Not transitively audited in this finite first pass; declaration or literal call spelling alone is not effect evidence.,,crates/perry-runtime/src/tty.rs:1175,crates/perry-codegen/src/runtime_decls/strings.rs:1059,crates/perry-codegen/src/expr/misc_methods.rs:841,1,1,,,,4,4,0,4,4,0,4,0,0
js_process_stdin,unreviewed,Unknown,unclear,unclear,unclear,unclear,Not transitively audited in this finite first pass; declaration or literal call spelling alone is not effect evidence.,,crates/perry-runtime/src/os_process_streams.rs:1701,crates/perry-codegen/src/runtime_decls/strings.rs:1040,crates/perry-codegen/src/expr/string_regex_proc.rs:396,1,1,,,,25,24,51,25,24,51,25,0,0
js_process_stdin_isatty,unreviewed,Unknown,unclear,unclear,unclear,unclear,Not transitively audited in this finite first pass; declaration or literal call spelling alone is not effect evidence.,,crates/perry-runtime/src/tty.rs:1159,crates/perry-codegen/src/runtime_decls/strings.rs:1057,crates/perry-codegen/src/expr/misc_methods.rs:839,1,1,,,,9,8,17,9,8,17,9,0,0
js_process_stdout,unreviewed,Unknown,unclear,unclear,unclear,unclear,Not transitively audited in this finite first pass; declaration or literal call spelling alone is not effect evidence.,,crates/perry-runtime/src/os_process_streams.rs:1740,crates/perry-codegen/src/runtime_decls/strings.rs:1041,crates/perry-codegen/src/expr/string_regex_proc.rs:397,1,1,,,,97,94,235,97,94,235,97,0,0
js_process_stdout_columns,unreviewed,Unknown,unclear,unclear,unclear,unclear,Not transitively audited in this finite first pass; declaration or literal call spelling alone is not effect evidence.,,crates/perry-runtime/src/tty.rs:1186,crates/perry-codegen/src/runtime_decls/strings.rs:1060,crates/perry-codegen/src/expr/misc_methods.rs:845,1,1,,,,6,6,17,6,6,17,6,0,0
js_process_stdout_isatty,unreviewed,Unknown,unclear,unclear,unclear,unclear,Not transitively audited in this finite first pass; declaration or literal call spelling alone is not effect evidence.,,crates/perry-runtime/src/tty.rs:1167,crates/perry-codegen/src/runtime_decls/strings.rs:1058,crates/perry-codegen/src/expr/misc_methods.rs:840,1,1,,,,11,11,20,11,11,20,11,0,0
js_process_stdout_on,unreviewed,Unknown,unclear,unclear,unclear,unclear,Not transitively audited in this finite first pass; declaration or literal call spelling alone is not effect evidence.,,crates/perry-runtime/src/tty.rs:1215,crates/perry-codegen/src/runtime_decls/strings.rs:1062,crates/perry-codegen/src/expr/misc_methods.rs:823,1,1,,,,2,2,3,2,2,3,2,0,0
js_process_stdout_rows,unreviewed,Unknown,unclear,unclear,unclear,unclear,Not transitively audited in this finite first pass; declaration or literal call spelling alone is not effect evidence.,,crates/perry-runtime/src/tty.rs:1200,crates/perry-codegen/src/runtime_decls/strings.rs:1061,crates/perry-codegen/src/expr/misc_methods.rs:847,1,1,,,,3,3,10,3,3,10,3,0,0
js_process_uptime,unreviewed,Unknown,unclear,unclear,unclear,unclear,Not transitively audited in this finite first pass; declaration or literal call spelling alone is not effect evidence.,,crates/perry-runtime/src/os.rs:550,crates/perry-codegen/src/runtime_decls/strings.rs:921,crates/perry-codegen/src/expr/env_clones.rs:201;crates/perry-codegen/src/lower_call/native/mod.rs:111,1,2,,,,6,5,14,6,5,14,6,0,0
js_process_version,unreviewed,Unknown,unclear,unclear,unclear,unclear,Not transitively audited in this finite first pass; declaration or literal call spelling alone is not effect evidence.,,crates/perry-runtime/src/os.rs:664,crates/perry-codegen/src/runtime_decls/strings.rs:922,crates/perry-codegen/src/expr/arrays_finds.rs:759;crates/perry-codegen/src/expr/property_get.rs:725,1,2,,,,35,35,162,35,35,162,35,0,0
js_process_versions,unreviewed,Unknown,unclear,unclear,unclear,unclear,Not transitively audited in this finite first pass; declaration or literal call spelling alone is not effect evidence.,,crates/perry-runtime/src/os.rs:685,crates/perry-codegen/src/runtime_decls/strings.rs:923,crates/perry-codegen/src/expr/env_clones.rs:199,1,1,,,,22,22,127,22,22,127,22,0,0
js_promise_all_iterable,unreviewed,Unknown,unclear,unclear,unclear,unclear,Not transitively audited in this finite first pass; declaration or literal call spelling alone is not effect evidence.,,crates/perry-runtime/src/promise/combinators.rs:530,crates/perry-codegen/src/runtime_decls/strings_part2.rs:933,,1,0,,,,364,359,1003,364,359,1003,364,0,0
js_promise_all_settled_iterable,unreviewed,Unknown,unclear,unclear,unclear,unclear,Not transitively audited in this finite first pass; declaration or literal call spelling alone is not effect evidence.,,crates/perry-runtime/src/promise/combinators.rs:544,crates/perry-codegen/src/runtime_decls/strings_part2.rs:936,,1,0,,,,23,23,68,23,23,68,23,0,0
js_promise_catch_checked,unreviewed,Unknown,unclear,unclear,unclear,unclear,Not transitively audited in this finite first pass; declaration or literal call spelling alone is not effect evidence.,,crates/perry-runtime/src/promise/checked_dispatch.rs:81,crates/perry-codegen/src/runtime_decls/strings_part2.rs:924,crates/perry-codegen/src/lower_call/property_get/promise_chain.rs:141,1,1,,,,153,137,237,153,137,237,154,0,0
js_promise_closure_arg,unreviewed,Unknown,unclear,unclear,unclear,unclear,Not transitively audited in this finite first pass; declaration or literal call spelling alone is not effect evidence.,,crates/perry-runtime/src/promise/checked_dispatch.rs:125,crates/perry-codegen/src/runtime_decls/strings_part2.rs:926,crates/perry-codegen/src/lower_call/property_get/promise_chain.rs:93;crates/perry-codegen/src/lower_call/property_get/promise_chain.rs:98,1,2,,,,952,772,2219,952,772,2219,952,0,0
js_promise_finally_checked,unreviewed,Unknown,unclear,unclear,unclear,unclear,Not transitively audited in this finite first pass; declaration or literal call spelling alone is not effect evidence.,,crates/perry-runtime/src/promise/checked_dispatch.rs:98,crates/perry-codegen/src/runtime_decls/strings_part2.rs:925,crates/perry-codegen/src/lower_call/property_get/promise_chain.rs:160,1,1,,,,27,27,38,27,27,38,27,0,0
js_promise_new_with_executor,unreviewed,Unknown,unclear,unclear,unclear,unclear,Not transitively audited in this finite first pass; declaration or literal call spelling alone is not effect evidence.,,crates/perry-runtime/src/promise/combinators.rs:611,crates/perry-codegen/src/runtime_decls/strings_part2.rs:772,crates/perry-codegen/src/lower_call/builtin.rs:1801,1,1,,,,329,325,472,329,325,472,329,0,0
js_promise_race_iterable,unreviewed,Unknown,unclear,unclear,unclear,unclear,Not transitively audited in this finite first pass; declaration or literal call spelling alone is not effect evidence.,,crates/perry-runtime/src/promise/combinators.rs:537,crates/perry-codegen/src/runtime_decls/strings_part2.rs:934,,1,0,,,,53,53,126,53,53,126,53,0,0
js_promise_reason,unreviewed,Unknown,unclear,unclear,unclear,unclear,Not transitively audited in this finite first pass; declaration or literal call spelling alone is not effect evidence.,,crates/perry-runtime/src/promise/then.rs:197,crates/perry-codegen/src/runtime_decls/strings_part2.rs:704,crates/perry-codegen/src/expr/fs_await.rs:299,1,1,,,,307,289,294,337,289,294,337,0,0
js_promise_rejected,unreviewed,Unknown,unclear,unclear,unclear,unclear,Not transitively audited in this finite first pass; declaration or literal call spelling alone is not effect evidence.,,crates/perry-runtime/src/promise/combinators.rs:176,crates/perry-codegen/src/runtime_decls/strings_part2.rs:909,crates/perry-codegen/src/expr/fs_await.rs:302;crates/perry-codegen/src/lower_call/console_promise.rs:631;crates/perry-codegen/src/stmt/mod.rs:134;crates/perry-codegen/src/stmt/mod.rs:593,1,4,,,,4569,4395,0,4568,4394,0,4588,0,0
js_promise_report_unhandled_rejections,unreviewed,Unknown,unclear,unclear,unclear,unclear,Not transitively audited in this finite first pass; declaration or literal call spelling alone is not effect evidence.,,crates/perry-runtime/src/promise/rejection.rs:254,crates/perry-codegen/src/runtime_decls/strings.rs:1005,crates/perry-codegen/src/codegen/entry.rs:1396,1,1,,,,1,1,0,1,1,0,1,0,0
js_promise_resolved,unreviewed,Unknown,unclear,unclear,unclear,unclear,Not transitively audited in this finite first pass; declaration or literal call spelling alone is not effect evidence.,,crates/perry-runtime/src/promise/async_step.rs:163,crates/perry-codegen/src/runtime_decls/strings_part2.rs:907,crates/perry-codegen/src/codegen/closure.rs:1385;crates/perry-codegen/src/codegen/function.rs:1436;crates/perry-codegen/src/codegen/method.rs:1341;crates/perry-codegen/src/codegen/method.rs:1874;crates/perry-codegen/src/expr/calls/fs.rs:98;crates/perry-codegen/src/expr/dyn_extern_i18n.rs:738;crates/perry-codegen/src/lower_call/console_promise.rs:621;crates/perry-codegen/src/lower_call/early_branches.rs:265;crates/perry-codegen/src/stmt/mod.rs:365,1,9,,,,537,519,383,537,519,383,1382,0,0
js_promise_resolved_then,unreviewed,Unknown,unclear,unclear,unclear,unclear,Not transitively audited in this finite first pass; declaration or literal call spelling alone is not effect evidence.,,crates/perry-runtime/src/promise/async_step.rs:280,crates/perry-codegen/src/runtime_decls/strings_part2.rs:918,crates/perry-codegen/src/lower_call/property_get/promise_chain.rs:103,1,1,,,,476,386,1100,476,386,1100,476,0,0
js_promise_run_microtasks_await_loop,unreviewed,Unknown,unclear,unclear,unclear,unclear,Not transitively audited in this finite first pass; declaration or literal call spelling alone is not effect evidence.,,crates/perry-runtime/src/promise/microtasks.rs:129,crates/perry-codegen/src/runtime_decls/strings_part2.rs:722,crates/perry-codegen/src/expr/fs_await.rs:196,1,1,,,,337,289,612,337,289,612,337,0,0
js_promise_run_microtasks_event_loop,unreviewed,Unknown,unclear,unclear,unclear,unclear,Not transitively audited in this finite first pass; declaration or literal call spelling alone is not effect evidence.,,crates/perry-runtime/src/promise/microtasks.rs:111,crates/perry-codegen/src/runtime_decls/strings_part2.rs:721,crates/perry-codegen/src/codegen/entry.rs:1259;crates/perry-codegen/src/codegen/entry.rs:1297;crates/perry-codegen/src/codegen/entry.rs:1379,1,3,,,,6,6,0,6,6,0,6,0,0
js_promise_run_promise_jobs,unreviewed,Unknown,unclear,unclear,unclear,unclear,Not transitively audited in this finite first pass; declaration or literal call spelling alone is not effect evidence.,,crates/perry-runtime/src/promise/microtasks.rs:144,crates/perry-codegen/src/runtime_decls/strings_part2.rs:729,crates/perry-codegen/src/codegen/entry.rs:1390;crates/perry-codegen/src/expr/fs_await.rs:170,1,2,,,,338,290,612,338,290,612,338,0,0
js_promise_state,unreviewed,Unknown,unclear,unclear,unclear,unclear,Not transitively audited in this finite first pass; declaration or literal call spelling alone is not effect evidence.,,crates/perry-runtime/src/promise/then.rs:178,crates/perry-codegen/src/runtime_decls/strings_part2.rs:702,crates/perry-codegen/src/expr/fs_await.rs:184;crates/perry-codegen/src/expr/fs_await.rs:226;crates/perry-codegen/src/expr/fs_await.rs:282,1,3,,,,1012,868,1841,1011,867,1836,1011,0,0
js_promise_subclass_init,unreviewed,Unknown,unclear,unclear,unclear,unclear,Not transitively audited in this finite first pass; declaration or literal call spelling alone is not effect evidence.,,crates/perry-runtime/src/promise/subclass.rs:116,crates/perry-codegen/src/runtime_decls/stdlib_ffi/streams_events.rs:24,crates/perry-codegen/src/expr/this_super_call.rs:1121;crates/perry-codegen/src/lower_call/new_helpers.rs:341,1,2,,,,1,1,4,1,1,4,1,0,0
js_promise_then_checked,unreviewed,Unknown,unclear,unclear,unclear,unclear,Not transitively audited in this finite first pass; declaration or literal call spelling alone is not effect evidence.,,crates/perry-runtime/src/promise/checked_dispatch.rs:28,crates/perry-codegen/src/runtime_decls/strings_part2.rs:923,crates/perry-codegen/src/lower_call/property_get/promise_chain.rs:125,1,1,,,,227,215,181,229,216,181,230,0,0
js_promise_value,unreviewed,Unknown,unclear,unclear,unclear,unclear,Not transitively audited in this finite first pass; declaration or literal call spelling alone is not effect evidence.,,crates/perry-runtime/src/promise/then.rs:187,crates/perry-codegen/src/runtime_decls/strings_part2.rs:703,crates/perry-codegen/src/expr/fs_await.rs:316,1,1,,,,337,289,323,337,289,323,337,0,0
js_proxy_new,unreviewed,Unknown,unclear,unclear,unclear,unclear,Not transitively audited in this finite first pass; declaration or literal call spelling alone is not effect evidence.,,crates/perry-runtime/src/proxy.rs:451,crates/perry-codegen/src/runtime_decls/objects.rs:503,,1,0,,,,5,5,0,5,5,0,5,0,0
js_put_value_set,unreviewed,Unknown,unclear,unclear,unclear,unclear,Not transitively audited in this finite first pass; declaration or literal call spelling alone is not effect evidence.,,crates/perry-runtime/src/proxy/put_value.rs:137,crates/perry-codegen/src/runtime_decls/objects.rs:518,crates/perry-codegen/src/expr/index_set.rs:416;crates/perry-codegen/src/expr/member_update.rs:355;crates/perry-codegen/src/expr/member_update.rs:458;crates/perry-codegen/src/expr/property_set/sloppy_class_field.rs:203;crates/perry-codegen/src/expr/property_set/sloppy_class_field.rs:334;crates/perry-codegen/src/expr/property_set.rs:253;crates/perry-codegen/src/expr/proxy_reflect.rs:2103,1,7,,,,13065,13057,34499,13065,13057,34499,13066,0,0
js_put_value_set_dyn_ic,unreviewed,Unknown,unclear,unclear,unclear,unclear,Not transitively audited in this finite first pass; declaration or literal call spelling alone is not effect evidence.,,crates/perry-runtime/src/proxy/put_value.rs:609,crates/perry-codegen/src/runtime_decls/objects.rs:531,crates/perry-codegen/src/expr/proxy_reflect.rs:1464;crates/perry-codegen/src/expr/proxy_reflect.rs:2086,1,2,,,,25160,24818,118241,25172,24826,118255,25215,0,0
js_queue_microtask,unreviewed,Unknown,unclear,unclear,unclear,unclear,Not transitively audited in this finite first pass; declaration or literal call spelling alone is not effect evidence.,,crates/perry-runtime/src/builtins/globals.rs:1042,crates/perry-codegen/src/runtime_decls/strings_part2.rs:73,crates/perry-codegen/src/expr/instance_misc1.rs:1124,1,1,,,,52,52,80,52,52,80,52,0,0
js_queue_next_tick,unreviewed,Unknown,unclear,unclear,unclear,unclear,Not transitively audited in this finite first pass; declaration or literal call spelling alone is not effect evidence.,,crates/perry-runtime/src/builtins/globals.rs:1047,crates/perry-codegen/src/runtime_decls/strings_part2.rs:74,crates/perry-codegen/src/expr/instance_misc1.rs:1147,1,1,,,,30,30,14,30,30,14,30,0,0
js_queue_next_tick_args,unreviewed,Unknown,unclear,unclear,unclear,unclear,Not transitively audited in this finite first pass; declaration or literal call spelling alone is not effect evidence.,,crates/perry-runtime/src/builtins/globals.rs:1060,crates/perry-codegen/src/runtime_decls/strings_part2.rs:77,crates/perry-codegen/src/expr/instance_misc1.rs:1180,1,1,,,,18,18,6,18,18,6,18,0,0
js_readline_set_raw_mode,unreviewed,Unknown,unclear,unclear,unclear,unclear,Not transitively audited in this finite first pass; declaration or literal call spelling alone is not effect evidence.,,crates/perry-runtime/src/stdlib_stubs.rs:275,crates/perry-codegen/src/runtime_decls/strings.rs:1044,crates/perry-codegen/src/expr/misc_methods.rs:769,1,1,,,,4,3,10,4,3,10,4,0,0
js_readline_stdin_on,unreviewed,Unknown,unclear,unclear,unclear,unclear,Not transitively audited in this finite first pass; declaration or literal call spelling alone is not effect evidence.,,crates/perry-runtime/src/stdlib_stubs.rs:281,crates/perry-codegen/src/runtime_decls/strings.rs:1045,crates/perry-codegen/src/expr/misc_methods.rs:783,1,1,,,,11,10,20,11,10,20,11,0,0
js_readline_stdin_remove_listener,unreviewed,Unknown,unclear,unclear,unclear,unclear,Not transitively audited in this finite first pass; declaration or literal call spelling alone is not effect evidence.,,crates/perry-runtime/src/stdlib_stubs.rs:287,crates/perry-codegen/src/runtime_decls/strings.rs:1046,crates/perry-codegen/src/expr/misc_methods.rs:796,1,1,,,,6,5,12,6,5,12,6,0,0
js_reflect_apply,unreviewed,Unknown,unclear,unclear,unclear,unclear,Not transitively audited in this finite first pass; declaration or literal call spelling alone is not effect evidence.,,crates/perry-runtime/src/proxy/reflect_misc.rs:99,crates/perry-codegen/src/runtime_decls/objects.rs:579,,1,0,,,,6,6,9,6,6,9,6,0,0
js_reflect_construct,unreviewed,Unknown,unclear,unclear,unclear,unclear,Not transitively audited in this finite first pass; declaration or literal call spelling alone is not effect evidence.,,crates/perry-runtime/src/proxy/reflect_misc.rs:18,crates/perry-codegen/src/runtime_decls/objects.rs:515,,1,0,,,,3,3,6,3,3,6,3,0,0
js_reflect_define_property,unreviewed,Unknown,unclear,unclear,unclear,unclear,Not transitively audited in this finite first pass; declaration or literal call spelling alone is not effect evidence.,,crates/perry-runtime/src/proxy/reflect_misc.rs:119,crates/perry-codegen/src/runtime_decls/objects.rs:580,,1,0,,,,3,3,7,3,3,7,3,0,0
js_reflect_delete,unreviewed,Unknown,unclear,unclear,unclear,unclear,Not transitively audited in this finite first pass; declaration or literal call spelling alone is not effect evidence.,,crates/perry-runtime/src/proxy/reflect.rs:203,crates/perry-codegen/src/runtime_decls/objects.rs:577,,1,0,,,,5,5,40,5,5,40,5,0,0
js_reflect_get,unreviewed,Unknown,unclear,unclear,unclear,unclear,Not transitively audited in this finite first pass; declaration or literal call spelling alone is not effect evidence.,,crates/perry-runtime/src/proxy/reflect.rs:19,crates/perry-codegen/src/runtime_decls/objects.rs:516,,1,0,,,,3,3,7,3,3,7,3,0,0
js_reflect_get_own_property_descriptor,unreviewed,Unknown,unclear,unclear,unclear,unclear,Not transitively audited in this finite first pass; declaration or literal call spelling alone is not effect evidence.,,crates/perry-runtime/src/proxy/reflect.rs:354,crates/perry-codegen/src/runtime_decls/objects.rs:585,,1,0,,,,6,6,23,6,6,23,6,0,0
js_reflect_get_prototype_of,unreviewed,Unknown,unclear,unclear,unclear,unclear,Not transitively audited in this finite first pass; declaration or literal call spelling alone is not effect evidence.,,crates/perry-runtime/src/proxy/reflect_misc.rs:246,crates/perry-codegen/src/runtime_decls/objects.rs:590,crates/perry-codegen/src/expr/proxy_reflect.rs:2219,1,1,,,,1,1,1,1,1,1,1,0,0
js_reflect_has,unreviewed,Unknown,unclear,unclear,unclear,unclear,Not transitively audited in this finite first pass; declaration or literal call spelling alone is not effect evidence.,,crates/perry-runtime/src/proxy/reflect.rs:136,crates/perry-codegen/src/runtime_decls/objects.rs:576,,1,0,,,,1,1,0,1,1,0,1,0,0
js_reflect_own_keys,unreviewed,Unknown,unclear,unclear,unclear,unclear,Not transitively audited in this finite first pass; declaration or literal call spelling alone is not effect evidence.,,crates/perry-runtime/src/proxy/reflect_misc.rs:57,crates/perry-codegen/src/runtime_decls/objects.rs:578,crates/perry-codegen/src/expr/proxy_reflect.rs:2133,1,1,,,,7,7,28,7,7,28,7,0,0
js_reflect_set,unreviewed,Unknown,unclear,unclear,unclear,unclear,Not transitively audited in this finite first pass; declaration or literal call spelling alone is not effect evidence.,,crates/perry-runtime/src/proxy/reflect.rs:85,crates/perry-codegen/src/runtime_decls/objects.rs:517,,1,0,,,,1,1,0,1,1,0,1,0,0
js_regexp_construct,unreviewed,Unknown,unclear,unclear,unclear,unclear,Not transitively audited in this finite first pass; declaration or literal call spelling alone is not effect evidence.,,crates/perry-runtime/src/regex.rs:1332,crates/perry-codegen/src/runtime_decls/strings.rs:1324,crates/perry-codegen/src/lower_call/builtin.rs:397,1,1,,,,163,163,637,163,163,637,163,0,0
js_regexp_construct_call,unreviewed,Unknown,unclear,unclear,unclear,unclear,Not transitively audited in this finite first pass; declaration or literal call spelling alone is not effect evidence.,,crates/perry-runtime/src/regex.rs:1399,crates/perry-codegen/src/runtime_decls/strings.rs:1327,,1,0,,,,14,13,101,14,13,101,14,0,0
js_regexp_exec,unreviewed,Unknown,unclear,unclear,unclear,unclear,Not transitively audited in this finite first pass; declaration or literal call spelling alone is not effect evidence.,,crates/perry-runtime/src/regex/exec.rs:13,crates/perry-codegen/src/runtime_decls/strings_part2.rs:11,crates/perry-codegen/src/expr/instance_misc1.rs:1266,1,1,,,,124,124,350,124,124,350,124,0,0
js_regexp_get_last_index,unreviewed,Unknown,unclear,unclear,unclear,unclear,Not transitively audited in this finite first pass; declaration or literal call spelling alone is not effect evidence.,,crates/perry-runtime/src/regex.rs:1885,crates/perry-codegen/src/runtime_decls/strings_part2.rs:386,crates/perry-codegen/src/expr/array_methods.rs:176,1,1,,,,4,4,23,4,4,23,4,0,0
js_regexp_new_site,unreviewed,Unknown,unclear,unclear,unclear,unclear,Not transitively audited in this finite first pass; declaration or literal call spelling alone is not effect evidence.,,crates/perry-runtime/src/regex.rs:770,crates/perry-codegen/src/runtime_decls/strings.rs:1321,crates/perry-codegen/src/expr/logical_collections.rs:1349,1,1,,,,6082,6057,55880,6080,6055,55879,6099,0,0
js_regexp_set_last_index,unreviewed,Unknown,unclear,unclear,unclear,unclear,Not transitively audited in this finite first pass; declaration or literal call spelling alone is not effect evidence.,,crates/perry-runtime/src/regex.rs:1895,crates/perry-codegen/src/runtime_decls/strings_part2.rs:387,crates/perry-codegen/src/expr/string_regex_proc.rs:390,1,1,,,,10,10,30,10,10,30,10,0,0
js_regexp_test,unreviewed,Unknown,unclear,unclear,unclear,unclear,Not transitively audited in this finite first pass; declaration or literal call spelling alone is not effect evidence.,,crates/perry-runtime/src/regex.rs:1496,crates/perry-codegen/src/runtime_decls/strings.rs:1328,crates/perry-codegen/src/expr/instance_misc1.rs:1231,1,1,,,,713,711,2039,713,711,2040,717,0,0
js_register_anon_shape_class_id,unreviewed,Unknown,unclear,unclear,unclear,unclear,Not transitively audited in this finite first pass; declaration or literal call spelling alone is not effect evidence.,,crates/perry-runtime/src/object/class_registry/class_meta.rs:594,crates/perry-codegen/src/runtime_decls/strings.rs:1409,crates/perry-codegen/src/codegen/string_pool.rs:1172,1,1,,,,16379,0,0,16379,0,0,16379,0,0
js_register_class_computed_accessor,unreviewed,Unknown,unclear,unclear,unclear,unclear,Not transitively audited in this finite first pass; declaration or literal call spelling alone is not effect evidence.,,crates/perry-runtime/src/object/class_registry/parent_static.rs:734,crates/perry-codegen/src/runtime_decls/strings_part2.rs:244,crates/perry-codegen/src/expr/static_field_meta.rs:421,1,1,,,,18,18,130,18,18,130,18,0,0
js_register_class_computed_method,unreviewed,Unknown,unclear,unclear,unclear,unclear,Not transitively audited in this finite first pass; declaration or literal call spelling alone is not effect evidence.,,crates/perry-runtime/src/object/class_registry/parent_static.rs:575,crates/perry-codegen/src/runtime_decls/strings_part2.rs:239,crates/perry-codegen/src/expr/static_field_meta.rs:360,1,1,,,,109,108,264,109,108,264,109,0,0
js_register_class_constructor,unreviewed,Unknown,unclear,unclear,unclear,unclear,Not transitively audited in this finite first pass; declaration or literal call spelling alone is not effect evidence.,,crates/perry-runtime/src/object/class_constructors.rs:113,crates/perry-codegen/src/runtime_decls/stdlib_ffi/language_core.rs:357,crates/perry-codegen/src/codegen/string_pool.rs:1080,1,1,,,,17957,0,0,17957,0,0,17957,0,0
js_register_class_constructor_flags,unreviewed,Unknown,unclear,unclear,unclear,unclear,Not transitively audited in this finite first pass; declaration or literal call spelling alone is not effect evidence.,,crates/perry-runtime/src/object/class_constructors.rs:159,crates/perry-codegen/src/runtime_decls/stdlib_ffi/language_core.rs:361,crates/perry-codegen/src/codegen/string_pool.rs:1110,1,1,,,,51,0,0,51,0,0,51,0,0
js_register_class_extends_error,unreviewed,Unknown,unclear,unclear,unclear,unclear,Not transitively audited in this finite first pass; declaration or literal call spelling alone is not effect evidence.,,crates/perry-runtime/src/object/class_meta_registry.rs:288,crates/perry-codegen/src/runtime_decls/strings.rs:1394,crates/perry-codegen/src/codegen/static_fields.rs:74,1,1,,,,93,93,0,93,93,0,93,0,0
js_register_class_extends_typed_array,unreviewed,Unknown,unclear,unclear,unclear,unclear,Not transitively audited in this finite first pass; declaration or literal call spelling alone is not effect evidence.,,crates/perry-runtime/src/object/data_view_registry.rs:49,crates/perry-codegen/src/runtime_decls/strings.rs:1396,crates/perry-codegen/src/codegen/static_fields.rs:91,1,1,,,,2,2,0,2,2,0,2,0,0
js_register_class_getter,unreviewed,Unknown,unclear,unclear,unclear,unclear,Not transitively audited in this finite first pass; declaration or literal call spelling alone is not effect evidence.,,crates/perry-runtime/src/object/class_registry/registration.rs:314,crates/perry-codegen/src/runtime_decls/stdlib_ffi/language_core.rs:320,,1,0,,,,398,0,0,398,0,0,398,0,0
js_register_class_has_instance,unreviewed,Unknown,unclear,unclear,unclear,unclear,Not transitively audited in this finite first pass; declaration or literal call spelling alone is not effect evidence.,,crates/perry-runtime/src/object/class_meta_registry.rs:232,crates/perry-codegen/src/runtime_decls/stdlib_ffi/language_core.rs:482,,1,0,,,,37,37,0,37,37,0,37,0,0
js_register_class_id,unreviewed,Unknown,unclear,unclear,unclear,unclear,Not transitively audited in this finite first pass; declaration or literal call spelling alone is not effect evidence.,,crates/perry-runtime/src/object/class_registry/class_meta.rs:9,crates/perry-codegen/src/runtime_decls/strings.rs:1397,crates/perry-codegen/src/codegen/string_pool.rs:1162,1,1,,,,17957,0,0,17957,0,0,17957,0,0
js_register_class_length,unreviewed,Unknown,unclear,unclear,unclear,unclear,Not transitively audited in this finite first pass; declaration or literal call spelling alone is not effect evidence.,,crates/perry-runtime/src/object/class_registry/class_meta.rs:153,crates/perry-codegen/src/runtime_decls/strings.rs:1404,crates/perry-codegen/src/codegen/string_pool.rs:1242,1,1,,,,17957,0,0,17957,0,0,17957,0,0
js_register_class_method,unreviewed,Unknown,unclear,unclear,unclear,unclear,Not transitively audited in this finite first pass; declaration or literal call spelling alone is not effect evidence.,,crates/perry-runtime/src/object/class_registry/registration.rs:142,crates/perry-codegen/src/runtime_decls/stdlib_ffi/language_core.rs:350,crates/perry-codegen/src/codegen/string_pool.rs:984,1,1,,,,5666,0,0,5666,0,0,5666,0,0
js_register_class_method_bind_length,unreviewed,Unknown,unclear,unclear,unclear,unclear,Not transitively audited in this finite first pass; declaration or literal call spelling alone is not effect evidence.,,crates/perry-runtime/src/object/class_registry/registration.rs:428,crates/perry-codegen/src/runtime_decls/stdlib_ffi/language_core.rs:329,crates/perry-codegen/src/codegen/string_pool.rs:1008,1,1,,,,5666,0,0,5666,0,0,5666,0,0
js_register_class_name,unreviewed,Unknown,unclear,unclear,unclear,unclear,Not transitively audited in this finite first pass; declaration or literal call spelling alone is not effect evidence.,,crates/perry-runtime/src/object/class_registry/class_meta.rs:45,crates/perry-codegen/src/runtime_decls/strings.rs:1401,crates/perry-codegen/src/codegen/string_pool.rs:1189,1,1,,,,1578,0,0,1578,0,0,1578,0,0
js_register_class_parent,unreviewed,Unknown,unclear,unclear,unclear,unclear,Not transitively audited in this finite first pass; declaration or literal call spelling alone is not effect evidence.,,crates/perry-runtime/src/object/class_registry/parent_static.rs:38,crates/perry-codegen/src/runtime_decls/strings.rs:1426,crates/perry-codegen/src/codegen/string_pool.rs:696,1,1,,,,270,0,0,270,0,0,270,0,0
js_register_class_parent_dynamic,unreviewed,Unknown,unclear,unclear,unclear,unclear,Not transitively audited in this finite first pass; declaration or literal call spelling alone is not effect evidence.,,crates/perry-runtime/src/object/class_registry/parent_static.rs:65,crates/perry-codegen/src/runtime_decls/strings.rs:1437,crates/perry-codegen/src/expr/static_field_meta.rs:126,1,1,,,,653,529,5481,653,529,5481,653,0,0
js_register_class_setter,unreviewed,Unknown,unclear,unclear,unclear,unclear,Not transitively audited in this finite first pass; declaration or literal call spelling alone is not effect evidence.,,crates/perry-runtime/src/object/class_registry/registration.rs:356,crates/perry-codegen/src/runtime_decls/stdlib_ffi/language_core.rs:322,,1,0,,,,56,0,0,56,0,0,56,0,0
js_register_class_source,unreviewed,Unknown,unclear,unclear,unclear,unclear,Not transitively audited in this finite first pass; declaration or literal call spelling alone is not effect evidence.,,crates/perry-runtime/src/object/class_registry/class_meta.rs:91,crates/perry-codegen/src/runtime_decls/strings.rs:1403,crates/perry-codegen/src/codegen/string_pool.rs:1206,1,1,,,,1578,0,0,1578,0,0,1578,0,0
js_register_class_static_getter,unreviewed,Unknown,unclear,unclear,unclear,unclear,Not transitively audited in this finite first pass; declaration or literal call spelling alone is not effect evidence.,,crates/perry-runtime/src/object/class_registry/registration.rs:393,crates/perry-codegen/src/runtime_decls/stdlib_ffi/language_core.rs:340,,1,0,,,,38,0,0,38,0,0,38,0,0
js_register_class_static_method,unreviewed,Unknown,unclear,unclear,unclear,unclear,Not transitively audited in this finite first pass; declaration or literal call spelling alone is not effect evidence.,,crates/perry-runtime/src/object/class_registry/parent_static.rs:530,crates/perry-codegen/src/runtime_decls/stdlib_ffi/language_core.rs:368,crates/perry-codegen/src/codegen/string_pool.rs:1037,1,1,,,,318,0,0,318,0,0,318,0,0
js_register_class_static_method_bind_length,unreviewed,Unknown,unclear,unclear,unclear,unclear,Not transitively audited in this finite first pass; declaration or literal call spelling alone is not effect evidence.,,crates/perry-runtime/src/object/class_registry/registration.rs:462,crates/perry-codegen/src/runtime_decls/stdlib_ffi/language_core.rs:334,crates/perry-codegen/src/codegen/string_pool.rs:1061,1,1,,,,318,0,0,318,0,0,318,0,0
js_register_class_string_member_order,unreviewed,Unknown,unclear,unclear,unclear,unclear,Not transitively audited in this finite first pass; declaration or literal call spelling alone is not effect evidence.,,crates/perry-runtime/src/object/class_registry/registration.rs:107,crates/perry-codegen/src/runtime_decls/stdlib_ffi/language_core.rs:323,crates/perry-codegen/src/codegen/string_pool.rs:996;crates/perry-codegen/src/codegen/string_pool.rs:1048;crates/perry-codegen/src/codegen/string_pool.rs:1339;crates/perry-codegen/src/codegen/string_pool.rs:1451,1,4,,,,6476,0,0,6476,0,0,6476,0,0
js_register_class_to_string_tag,unreviewed,Unknown,unclear,unclear,unclear,unclear,Not transitively audited in this finite first pass; declaration or literal call spelling alone is not effect evidence.,,crates/perry-runtime/src/object/class_meta_registry.rs:246,crates/perry-codegen/src/runtime_decls/stdlib_ffi/language_core.rs:483,,1,0,,,,2,2,0,2,2,0,2,0,0
js_register_closure_arity,unreviewed,Unknown,unclear,unclear,unclear,unclear,Not transitively audited in this finite first pass; declaration or literal call spelling alone is not effect evidence.,,crates/perry-runtime/src/closure/registry.rs:567,crates/perry-codegen/src/runtime_decls/strings.rs:231,crates/perry-codegen/src/codegen/string_pool.rs:1515;crates/perry-codegen/src/codegen/string_pool.rs:1626,1,2,,,,58159,0,0,58159,0,0,58159,0,0
js_register_closure_arrow_function,unreviewed,Unknown,unclear,unclear,unclear,unclear,Not transitively audited in this finite first pass; declaration or literal call spelling alone is not effect evidence.,,crates/perry-runtime/src/closure/registry.rs:603,crates/perry-codegen/src/runtime_decls/strings.rs:233,crates/perry-codegen/src/codegen/string_pool.rs:1548,1,1,,,,27252,0,0,27252,0,0,27252,0,0
js_register_closure_async_function,unreviewed,Unknown,unclear,unclear,unclear,unclear,Not transitively audited in this finite first pass; declaration or literal call spelling alone is not effect evidence.,,crates/perry-runtime/src/closure/registry.rs:538,crates/perry-codegen/src/runtime_decls/strings.rs:250,crates/perry-codegen/src/codegen/string_pool.rs:1653;crates/perry-codegen/src/expr/closure.rs:430,1,2,,,,2367,399,4223,2367,399,4223,2367,0,0
js_register_closure_async_generator_function,unreviewed,Unknown,unclear,unclear,unclear,unclear,Not transitively audited in this finite first pass; declaration or literal call spelling alone is not effect evidence.,,crates/perry-runtime/src/closure/registry.rs:799,crates/perry-codegen/src/runtime_decls/strings.rs:252,crates/perry-codegen/src/codegen/string_pool.rs:1680,1,1,,,,73,0,0,73,0,0,73,0,0
js_register_closure_generator_function,unreviewed,Unknown,unclear,unclear,unclear,unclear,Not transitively audited in this finite first pass; declaration or literal call spelling alone is not effect evidence.,,crates/perry-runtime/src/closure/registry.rs:783,crates/perry-codegen/src/runtime_decls/strings.rs:251,crates/perry-codegen/src/codegen/string_pool.rs:1663,1,1,,,,88,0,0,88,0,0,88,0,0
js_register_closure_length,unreviewed,Unknown,unclear,unclear,unclear,unclear,Not transitively audited in this finite first pass; declaration or literal call spelling alone is not effect evidence.,,crates/perry-runtime/src/closure/registry.rs:587,crates/perry-codegen/src/runtime_decls/strings.rs:232,crates/perry-codegen/src/codegen/string_pool.rs:1433;crates/perry-codegen/src/codegen/string_pool.rs:1535;crates/perry-codegen/src/codegen/string_pool.rs:1641,1,3,,,,58548,0,0,58548,0,0,58548,0,0
js_register_closure_rest,unreviewed,Unknown,unclear,unclear,unclear,unclear,Not transitively audited in this finite first pass; declaration or literal call spelling alone is not effect evidence.,,crates/perry-runtime/src/closure/registry.rs:492,crates/perry-codegen/src/runtime_decls/strings.rs:223,crates/perry-codegen/src/codegen/string_pool.rs:1099,1,1,,,,283,0,0,283,0,0,283,0,0
js_register_closure_rest_and_arguments,unreviewed,Unknown,unclear,unclear,unclear,unclear,Not transitively audited in this finite first pass; declaration or literal call spelling alone is not effect evidence.,,crates/perry-runtime/src/closure/registry.rs:527,crates/perry-codegen/src/runtime_decls/strings.rs:230,,1,0,,,,1,0,0,1,0,0,1,0,0
js_register_closure_strict_function,unreviewed,Unknown,unclear,unclear,unclear,unclear,Not transitively audited in this finite first pass; declaration or literal call spelling alone is not effect evidence.,,crates/perry-runtime/src/closure/registry.rs:736,crates/perry-codegen/src/runtime_decls/strings.rs:249,crates/perry-codegen/src/codegen/string_pool.rs:1692,1,1,,,,58492,0,0,58492,0,0,58492,0,0
js_register_closure_synthetic_arguments,unreviewed,Unknown,unclear,unclear,unclear,unclear,Not transitively audited in this finite first pass; declaration or literal call spelling alone is not effect evidence.,,crates/perry-runtime/src/closure/registry.rs:512,crates/perry-codegen/src/runtime_decls/strings.rs:229,,1,0,,,,115,0,0,115,0,0,115,0,0
js_register_closure_trusted_direct,unreviewed,Unknown,unclear,unclear,unclear,unclear,Not transitively audited in this finite first pass; declaration or literal call spelling alone is not effect evidence.,,crates/perry-runtime/src/closure/registry.rs:664,crates/perry-codegen/src/runtime_decls/strings.rs:234,crates/perry-codegen/src/codegen/string_pool.rs:1562,1,1,,,,16,0,0,16,0,0,16,0,0
js_register_function_name_static,unreviewed,Unknown,unclear,unclear,unclear,unclear,Not transitively audited in this finite first pass; declaration or literal call spelling alone is not effect evidence.,,crates/perry-runtime/src/builtins/fn_metadata.rs:182,crates/perry-codegen/src/runtime_decls/mod.rs:108,,1,0,,,,59714,0,0,59714,0,0,59714,0,0
js_register_function_prototype_method,unreviewed,Unknown,unclear,unclear,unclear,unclear,Not transitively audited in this finite first pass; declaration or literal call spelling alone is not effect evidence.,,crates/perry-runtime/src/object/class_registry/prototype_methods.rs:477,crates/perry-codegen/src/runtime_decls/strings.rs:1514,crates/perry-codegen/src/expr/static_field_meta.rs:827,1,1,,,,795,795,5739,795,795,5739,795,0,0
js_register_function_source_static,unreviewed,Unknown,unclear,unclear,unclear,unclear,Not transitively audited in this finite first pass; declaration or literal call spelling alone is not effect evidence.,,crates/perry-runtime/src/builtins/fn_metadata.rs:390,crates/perry-codegen/src/runtime_decls/mod.rs:113,,1,0,,,,56261,0,0,56261,0,0,56261,0,0
js_register_prototype_method,unreviewed,Unknown,unclear,unclear,unclear,unclear,Not transitively audited in this finite first pass; declaration or literal call spelling alone is not effect evidence.,,crates/perry-runtime/src/object/class_registry/prototype_methods.rs:319,crates/perry-codegen/src/runtime_decls/strings.rs:1502,crates/perry-codegen/src/expr/static_field_meta.rs:795,1,1,,,,7,7,7,7,7,7,7,0,0
js_rel_ge,unreviewed,Unknown,unclear,unclear,unclear,unclear,Not transitively audited in this finite first pass; declaration or literal call spelling alone is not effect evidence.,,crates/perry-runtime/src/builtins/arithmetic.rs:488,crates/perry-codegen/src/runtime_decls/strings.rs:1207,,1,0,,,,1700,1686,7010,1700,1686,7011,1704,0,0
js_rel_gt,unreviewed,Unknown,unclear,unclear,unclear,unclear,Not transitively audited in this finite first pass; declaration or literal call spelling alone is not effect evidence.,,crates/perry-runtime/src/builtins/arithmetic.rs:470,crates/perry-codegen/src/runtime_decls/strings.rs:1206,,1,0,,,,3946,3864,25016,3946,3864,25021,3960,0,0
js_rel_le,unreviewed,Unknown,unclear,unclear,unclear,unclear,Not transitively audited in this finite first pass; declaration or literal call spelling alone is not effect evidence.,,crates/perry-runtime/src/builtins/arithmetic.rs:479,crates/perry-codegen/src/runtime_decls/strings.rs:1205,,1,0,,,,1409,1363,4583,1409,1363,4583,1412,0,0
js_rel_lt,unreviewed,Unknown,unclear,unclear,unclear,unclear,Not transitively audited in this finite first pass; declaration or literal call spelling alone is not effect evidence.,,crates/perry-runtime/src/builtins/arithmetic.rs:461,crates/perry-codegen/src/runtime_decls/strings.rs:1204,,1,0,,,,3859,3841,18275,3859,3841,18279,3874,0,0
js_removeenv,unreviewed,Unknown,unclear,unclear,unclear,unclear,Not transitively audited in this finite first pass; declaration or literal call spelling alone is not effect evidence.,,crates/perry-runtime/src/process/env_misc.rs:1133,crates/perry-codegen/src/runtime_decls/strings.rs:904,crates/perry-codegen/src/expr/instance_misc1.rs:705;crates/perry-codegen/src/expr/instance_misc1.rs:712,1,2,,,,1,1,0,1,1,0,1,0,0
js_require_object_coercible,unreviewed,Unknown,unclear,unclear,unclear,unclear,Not transitively audited in this finite first pass; declaration or literal call spelling alone is not effect evidence.,,crates/perry-runtime/src/object/has_own_helpers.rs:47,crates/perry-codegen/src/runtime_decls/objects.rs:369,crates/perry-codegen/src/expr/index_get.rs:1857;crates/perry-codegen/src/expr/instance_misc1.rs:723;crates/perry-codegen/src/expr/instance_misc1.rs:750;crates/perry-codegen/src/expr/instance_misc1.rs:776;crates/perry-codegen/src/expr/property_get/composed_ics.rs:29;crates/perry-codegen/src/lower_call/native/native_runtime_branch.rs:47,1,6,,,,6860,6589,32216,6869,6598,32252,6909,0,0
js_response_new,unreviewed,Unknown,unclear,unclear,unclear,unclear,Not transitively audited in this finite first pass; declaration or literal call spelling alone is not effect evidence.,,crates/perry-runtime/src/stdlib_stubs.rs:226,crates/perry-codegen/src/runtime_decls/strings_part2.rs:961,crates/perry-codegen/src/lower_call/builtin.rs:1248,1,1,,,,6,6,18,6,6,18,6,0,0
js_run_stdlib_pump,unreviewed,Unknown,unclear,unclear,unclear,unclear,Not transitively audited in this finite first pass; declaration or literal call spelling alone is not effect evidence.,,crates/perry-runtime/src/lib.rs:573,crates/perry-codegen/src/runtime_decls/strings_part2.rs:733,crates/perry-codegen/src/codegen/entry.rs:1261;crates/perry-codegen/src/codegen/entry.rs:1301;crates/perry-codegen/src/expr/fs_await.rs:201,1,3,,,,339,291,612,339,291,612,339,0,0
js_runtime_validate_string_arg,unreviewed,Unknown,unclear,unclear,unclear,unclear,Not transitively audited in this finite first pass; declaration or literal call spelling alone is not effect evidence.,,crates/perry-runtime/src/validators.rs:362,crates/perry-codegen/src/runtime_decls/strings_part2.rs:462,crates/perry-codegen/src/expr/calls/helpers.rs:54,1,1,,,,57,57,148,57,57,148,59,0,0
js_segments_project_can_open,unreviewed,Unknown,unclear,unclear,unclear,unclear,Not transitively audited in this finite first pass; declaration or literal call spelling alone is not effect evidence.,,crates/perry-runtime/src/intl/segments_project.rs:100,crates/perry-codegen/src/runtime_decls/strings.rs:1590,,1,0,,,,10,10,53,10,10,53,10,0,0
js_segments_project_iterator,unreviewed,Unknown,unclear,unclear,unclear,unclear,Not transitively audited in this finite first pass; declaration or literal call spelling alone is not effect evidence.,,crates/perry-runtime/src/intl/segments_project.rs:191,crates/perry-codegen/src/runtime_decls/strings.rs:1592,,1,0,,,,10,10,44,10,10,44,10,0,0
js_segments_project_next,unreviewed,Unknown,unclear,unclear,unclear,unclear,Not transitively audited in this finite first pass; declaration or literal call spelling alone is not effect evidence.,,crates/perry-runtime/src/intl/segments_project.rs:301,crates/perry-codegen/src/runtime_decls/strings.rs:1593,,1,0,,,,20,20,122,20,20,122,20,0,0
js_segments_project_observe_iterator,unreviewed,Unknown,unclear,unclear,unclear,unclear,Not transitively audited in this finite first pass; declaration or literal call spelling alone is not effect evidence.,,crates/perry-runtime/src/intl/segments_project.rs:260,crates/perry-codegen/src/runtime_decls/strings.rs:1595,,1,0,,,,26,26,58,26,26,58,26,0,0
js_segments_project_open,unreviewed,Unknown,unclear,unclear,unclear,unclear,Not transitively audited in this finite first pass; declaration or literal call spelling alone is not effect evidence.,,crates/perry-runtime/src/intl/segments_project.rs:138,crates/perry-codegen/src/runtime_decls/strings.rs:1591,,1,0,,,,10,10,73,10,10,73,10,0,0
js_segments_project_segment,unreviewed,Unknown,unclear,unclear,unclear,unclear,Not transitively audited in this finite first pass; declaration or literal call spelling alone is not effect evidence.,,crates/perry-runtime/src/intl/segments_project.rs:359,crates/perry-codegen/src/runtime_decls/strings.rs:1594,,1,0,,,,10,10,67,10,10,67,10,0,0
js_set_add,unreviewed,Unknown,unclear,unclear,unclear,unclear,Not transitively audited in this finite first pass; declaration or literal call spelling alone is not effect evidence.,,crates/perry-runtime/src/set.rs:1364,crates/perry-codegen/src/runtime_decls/strings.rs:639,crates/perry-codegen/src/expr/bigint_set.rs:110;crates/perry-codegen/src/expr/bigint_set.rs:801;crates/perry-codegen/src/lower_call/property_get/map_set.rs:205,1,3,,,,317,315,1511,317,315,1511,319,0,0
js_set_alloc,unreviewed,Unknown,unclear,unclear,unclear,unclear,Not transitively audited in this finite first pass; declaration or literal call spelling alone is not effect evidence.,,crates/perry-runtime/src/set.rs:1222,crates/perry-codegen/src/runtime_decls/strings.rs:440,crates/perry-codegen/src/expr/logical_collections.rs:1149,1,1,,,,424,408,3362,424,408,3362,425,0,0
js_set_clear,unreviewed,Unknown,unclear,unclear,unclear,unclear,Not transitively audited in this finite first pass; declaration or literal call spelling alone is not effect evidence.,,crates/perry-runtime/src/set.rs:1812,crates/perry-codegen/src/runtime_decls/strings.rs:1230,crates/perry-codegen/src/expr/string_regex_proc.rs:24;crates/perry-codegen/src/lower_call/property_get/map_set.rs:243,1,2,,,,8,6,10,8,6,10,8,0,0
js_set_compaction_epoch,unreviewed,Unknown,unclear,unclear,unclear,unclear,Not transitively audited in this finite first pass; declaration or literal call spelling alone is not effect evidence.,,crates/perry-runtime/src/set.rs:1069,crates/perry-codegen/src/runtime_decls/strings.rs:1255,,1,0,,,,29,29,141,29,29,141,29,0,0
js_set_cursor_next,unreviewed,Unknown,unclear,unclear,unclear,unclear,Not transitively audited in this finite first pass; declaration or literal call spelling alone is not effect evidence.,,crates/perry-runtime/src/set.rs:1050,crates/perry-codegen/src/runtime_decls/strings.rs:1254,,1,0,,,,29,29,141,29,29,141,29,0,0
js_set_delete,unreviewed,Unknown,unclear,unclear,unclear,unclear,Not transitively audited in this finite first pass; declaration or literal call spelling alone is not effect evidence.,,crates/perry-runtime/src/set.rs:1640,crates/perry-codegen/src/runtime_decls/strings.rs:654,crates/perry-codegen/src/expr/bigint_set.rs:284;crates/perry-codegen/src/expr/bigint_set.rs:1322;crates/perry-codegen/src/lower_call/property_get/map_set.rs:231,1,3,,,,54,54,138,54,54,138,55,0,0
js_set_from_iterable,unreviewed,Unknown,unclear,unclear,unclear,unclear,Not transitively audited in this finite first pass; declaration or literal call spelling alone is not effect evidence.,,crates/perry-runtime/src/set.rs:2049,crates/perry-codegen/src/runtime_decls/strings.rs:442,crates/perry-codegen/src/expr/logical_collections.rs:1561,1,1,,,,584,564,1778,584,564,1778,584,0,0
js_set_has,unreviewed,Unknown,unclear,unclear,unclear,unclear,Not transitively audited in this finite first pass; declaration or literal call spelling alone is not effect evidence.,,crates/perry-runtime/src/set.rs:1509,crates/perry-codegen/src/runtime_decls/strings.rs:646,crates/perry-codegen/src/expr/bigint_set.rs:219;crates/perry-codegen/src/expr/bigint_set.rs:1066;crates/perry-codegen/src/lower_call/property_get/map_set.rs:216,1,3,,,,368,368,1373,369,369,1379,372,0,0
js_set_immediate_callback,unreviewed,Unknown,unclear,unclear,unclear,unclear,Not transitively audited in this finite first pass; declaration or literal call spelling alone is not effect evidence.,,crates/perry-runtime/src/timer.rs:1086,crates/perry-codegen/src/runtime_decls/strings_part2.rs:809,crates/perry-codegen/src/lower_call/extern_timers.rs:152;crates/perry-codegen/src/lower_call/namespace_call.rs:186,1,2,,,,34,33,20,34,33,20,34,0,0
js_set_immediate_callback_args,unreviewed,Unknown,unclear,unclear,unclear,unclear,Not transitively audited in this finite first pass; declaration or literal call spelling alone is not effect evidence.,,crates/perry-runtime/src/timer.rs:1194,crates/perry-codegen/src/runtime_decls/strings_part2.rs:810,crates/perry-codegen/src/lower_call/extern_timers.rs:170;crates/perry-codegen/src/lower_call/namespace_call.rs:196,1,2,,,,4,4,2,4,4,2,4,0,0
js_set_interval_callback_args,unreviewed,Unknown,unclear,unclear,unclear,unclear,Not transitively audited in this finite first pass; declaration or literal call spelling alone is not effect evidence.,,crates/perry-runtime/src/timer.rs:1671,crates/perry-codegen/src/runtime_decls/strings_part2.rs:816,crates/perry-codegen/src/lower_call/extern_timers.rs:270;crates/perry-codegen/src/lower_call/namespace_call.rs:164,1,2,,,,13,13,16,13,13,16,13,0,0
js_set_process_entry_path,unreviewed,Unknown,unclear,unclear,unclear,unclear,Not transitively audited in this finite first pass; declaration or literal call spelling alone is not effect evidence.,,crates/perry-runtime/src/os.rs:569,crates/perry-codegen/src/runtime_decls/mod.rs:47,crates/perry-codegen/src/codegen/entry.rs:571,1,1,,,,1,1,0,1,1,0,1,0,0
js_set_prototype_property,unreviewed,Unknown,unclear,unclear,unclear,unclear,Not transitively audited in this finite first pass; declaration or literal call spelling alone is not effect evidence.,,crates/perry-runtime/src/object/class_registry/prototype_objects.rs:162,crates/perry-codegen/src/runtime_decls/strings.rs:1494,crates/perry-codegen/src/expr/static_field_meta.rs:741,1,1,,,,127,127,434,127,127,434,127,0,0
js_set_size,unreviewed,Unknown,unclear,unclear,unclear,unclear,Not transitively audited in this finite first pass; declaration or literal call spelling alone is not effect evidence.,,crates/perry-runtime/src/set.rs:1353,crates/perry-codegen/src/runtime_decls/strings.rs:661,crates/perry-codegen/src/expr/bigint_set.rs:1413;crates/perry-codegen/src/expr/property_get.rs:575,1,2,,,,56,56,246,56,56,246,56,0,0
js_set_timeout_callback,unreviewed,Unknown,unclear,unclear,unclear,unclear,Not transitively audited in this finite first pass; declaration or literal call spelling alone is not effect evidence.,,crates/perry-runtime/src/timer.rs:1074,crates/perry-codegen/src/runtime_decls/strings_part2.rs:799,crates/perry-codegen/src/lower_call/extern_timers.rs:110;crates/perry-codegen/src/lower_call/extern_timers.rs:133;crates/perry-codegen/src/lower_call/namespace_call.rs:121,1,3,,,,208,206,311,208,206,311,208,0,0
js_set_timeout_callback_args,unreviewed,Unknown,unclear,unclear,unclear,unclear,Not transitively audited in this finite first pass; declaration or literal call spelling alone is not effect evidence.,,crates/perry-runtime/src/timer.rs:1172,crates/perry-codegen/src/runtime_decls/strings_part2.rs:804,crates/perry-codegen/src/lower_call/extern_timers.rs:223;crates/perry-codegen/src/lower_call/namespace_call.rs:132,1,2,,,,115,115,137,115,115,137,115,0,0
js_set_value_raw_at,unreviewed,Unknown,unclear,unclear,unclear,unclear,Not transitively audited in this finite first pass; declaration or literal call spelling alone is not effect evidence.,,crates/perry-runtime/src/set.rs:1928,crates/perry-codegen/src/runtime_decls/strings.rs:1244,crates/perry-codegen/src/expr/arrays_finds.rs:625,1,1,,,,29,29,139,29,29,139,29,0,0
js_set_values_iter_obj,unreviewed,Unknown,unclear,unclear,unclear,unclear,Not transitively audited in this finite first pass; declaration or literal call spelling alone is not effect evidence.,,crates/perry-runtime/src/collection_iter_object.rs:161,crates/perry-codegen/src/runtime_decls/strings.rs:1265,,1,0,,,,1,1,1,1,1,1,1,0,0
js_setenv,unreviewed,Unknown,unclear,unclear,unclear,unclear,Not transitively audited in this finite first pass; declaration or literal call spelling alone is not effect evidence.,,crates/perry-runtime/src/process/env_misc.rs:992,crates/perry-codegen/src/runtime_decls/strings.rs:903,crates/perry-codegen/src/codegen/entry.rs:689;crates/perry-codegen/src/expr/property_set.rs:481;crates/perry-codegen/src/expr/proxy_reflect.rs:1780;crates/perry-codegen/src/expr/proxy_reflect.rs:1799,1,4,,,,32,29,50,32,29,50,32,0,0
js_shadow_frame_pop,unreviewed,CannotCollect,unclear,unclear,unclear,unclear,Not transitively audited in this finite first pass; declaration or literal call spelling alone is not effect evidence.,,crates/perry-runtime/src/gc/roots/shadow_stack.rs:523,crates/perry-codegen/src/native_emit.rs:926;crates/perry-codegen/src/runtime_decls/arrays.rs:136,,2,0,,,,7,0,0,448,0,0,659,0,0
js_shadow_slot_bind,unreviewed,CannotCollect,unclear,unclear,unclear,unclear,Not transitively audited in this finite first pass; declaration or literal call spelling alone is not effect evidence.,,crates/perry-runtime/src/gc/roots/shadow_stack.rs:624,crates/perry-codegen/src/function/precise_roots.rs:328;crates/perry-codegen/src/gc_call_effects.rs:1055;crates/perry-codegen/src/native_emit.rs:927;crates/perry-codegen/src/native_emit.rs:1136;crates/perry-codegen/src/runtime_decls/arrays.rs:138,crates/perry-codegen/src/block.rs:1738;crates/perry-codegen/src/codegen/closure.rs:672;crates/perry-codegen/src/codegen/closure.rs:760;crates/perry-codegen/src/codegen/closure.rs:806;crates/perry-codegen/src/codegen/closure.rs:945;crates/perry-codegen/src/codegen/function.rs:748;crates/perry-codegen/src/codegen/method.rs:334;crates/perry-codegen/src/codegen/method.rs:344;crates/perry-codegen/src/codegen/method.rs:1521;crates/perry-codegen/src/codegen/method.rs:1531;crates/perry-codegen/src/expr/shadow_inline.rs:147;crates/perry-codegen/src/expr/shadow_slot.rs:297;crates/perry-codegen/src/expr/shadow_slot.rs:311,5,13,,,,19964,0,0,19977,0,0,19977,0,0
js_shadow_slot_set,unreviewed,CannotCollect,unclear,unclear,unclear,unclear,Not transitively audited in this finite first pass; declaration or literal call spelling alone is not effect evidence.,,crates/perry-runtime/src/gc/roots/shadow_stack.rs:590,crates/perry-codegen/src/runtime_decls/arrays.rs:137,crates/perry-codegen/src/expr/instance_misc1.rs:179;crates/perry-codegen/src/expr/shadow_inline.rs:151;crates/perry-codegen/src/expr/shadow_slot.rs:201;crates/perry-codegen/src/stmt/masked_window_region.rs:807,1,4,,,,6574,0,0,6570,0,0,16202,0,0
js_shared_array_buffer_new_value,unreviewed,Unknown,unclear,unclear,unclear,unclear,Not transitively audited in this finite first pass; declaration or literal call spelling alone is not effect evidence.,,crates/perry-runtime/src/buffer/from.rs:825,crates/perry-codegen/src/runtime_decls/strings_part2.rs:684,,1,0,,,,1,1,3,1,1,3,1,0,0
js_short_packed_spread_values,unreviewed,Unknown,unclear,unclear,unclear,unclear,Not transitively audited in this finite first pass; declaration or literal call spelling alone is not effect evidence.,,crates/perry-runtime/src/array/flat_clone.rs:122,crates/perry-codegen/src/runtime_decls/arrays.rs:235,crates/perry-codegen/src/expr/call_spread_short.rs:245,1,1,,,,112,108,332,112,108,332,113,0,0
js_spread_tail_fallback_args,unreviewed,Unknown,unclear,unclear,unclear,unclear,Not transitively audited in this finite first pass; declaration or literal call spelling alone is not effect evidence.,,crates/perry-runtime/src/object/native_call_method.rs:568,crates/perry-codegen/src/runtime_decls/arrays.rs:238,crates/perry-codegen/src/expr/call_spread_short.rs:394,1,1,,,,112,108,310,112,108,310,113,0,0
js_static_this_arm_value,unreviewed,Unknown,unclear,unclear,unclear,unclear,Not transitively audited in this finite first pass; declaration or literal call spelling alone is not effect evidence.,,crates/perry-runtime/src/object/this_binding.rs:147,crates/perry-codegen/src/runtime_decls/stdlib_ffi/language_core.rs:399,crates/perry-codegen/src/expr/static_field_meta.rs:719;crates/perry-codegen/src/lower_call/property_get/static_dispatch.rs:275,1,2,,,,2,2,15,2,2,15,2,0,0
js_static_this_resolve,unreviewed,Unknown,unclear,unclear,unclear,unclear,Not transitively audited in this finite first pass; declaration or literal call spelling alone is not effect evidence.,,crates/perry-runtime/src/object/this_binding.rs:159,crates/perry-codegen/src/runtime_decls/stdlib_ffi/language_core.rs:397,crates/perry-codegen/src/codegen/method.rs:1514,1,1,,,,365,365,165,365,365,165,365,0,0
js_stdlib_has_active_handles,unreviewed,Unknown,unclear,unclear,unclear,unclear,Not transitively audited in this finite first pass; declaration or literal call spelling alone is not effect evidence.,,crates/perry-runtime/src/lib.rs:620,crates/perry-codegen/src/runtime_decls/strings_part2.rs:786,crates/perry-codegen/src/codegen/entry.rs:227;crates/perry-codegen/src/expr/fs_await.rs:241,1,2,,,,339,291,612,339,291,612,339,0,0
js_stdlib_init_dispatch,unreviewed,Unknown,unclear,unclear,unclear,unclear,Not transitively audited in this finite first pass; declaration or literal call spelling alone is not effect evidence.,,crates/perry-runtime/src/stdlib_stubs.rs:165,crates/perry-codegen/src/runtime_decls/mod.rs:50,crates/perry-codegen/src/codegen/entry.rs:649,1,1,,,,1,1,0,1,1,0,1,0,0
js_string_addref_if_heap_string,reviewed,CannotCollect,never allocates,no,no,no,Static-address return or magnitude/null/tag validation plus one header load/write. is_valid_string_ptr is two scalar tests; no string materialization.,string/mod.rs:248-268; string/alloc.rs:190-221,crates/perry-runtime/src/string/alloc.rs:207,crates/perry-codegen/src/runtime_decls/strings.rs:1348,crates/perry-codegen/src/expr/array_push.rs:218;crates/perry-codegen/src/expr/array_push.rs:310;crates/perry-codegen/src/expr/helpers.rs:324;crates/perry-codegen/src/expr/write_barrier.rs:451;crates/perry-codegen/src/expr/write_barrier.rs:866;crates/perry-codegen/src/expr/write_barrier.rs:975,1,6,,,,87154,29221,163471,87282,29237,163555,91782,0,0
js_string_append_known_heap,reviewed,Unknown,may allocate,may,may,unclear,"String-producing route can call string_copy_range, string_storage_alloc or js_string_from_bytes. Empty/same/reused-buffer branches do not make the export leaf. Conservatively keep may-GC; not an audit of every coercion tail.","string/slice_ops.rs:9-129; string/concat.rs:623; string/append.rs:30,194; string/alloc.rs:137-155",crates/perry-runtime/src/string/append.rs:194,crates/perry-codegen/src/runtime_decls/strings.rs:66,crates/perry-codegen/src/lower_string_concat.rs:352;crates/perry-codegen/src/lower_string_concat.rs:431;crates/perry-codegen/src/lower_string_concat.rs:453,1,3,,,,966,966,3372,966,966,3372,1143,0,0
js_string_at,unreviewed,Unknown,unclear,unclear,unclear,unclear,Not transitively audited in this finite first pass; declaration or literal call spelling alone is not effect evidence.,,crates/perry-runtime/src/string/char_ops.rs:612,crates/perry-codegen/src/runtime_decls/strings_part2.rs:350,crates/perry-codegen/src/expr/string_regex_proc.rs:61;crates/perry-codegen/src/lower_string_method.rs:759,1,2,,,,173,169,1093,173,169,1093,173,0,0
js_string_char_at,unreviewed,Unknown,unclear,unclear,unclear,unclear,Not transitively audited in this finite first pass; declaration or literal call spelling alone is not effect evidence.,,crates/perry-runtime/src/string/char_ops.rs:296,crates/perry-codegen/src/runtime_decls/strings.rs:696,crates/perry-codegen/src/lower_string_method.rs:556,1,1,,,,135,135,716,135,135,716,135,0,0
js_string_char_code_at,reviewed,Unknown,never allocates,no,no,no,"Already-i32 index and borrowed header bytes; bounded WTF8 scalar walk, no index coercion and no character-string allocation.","string/char_ops.rs:65-124,653-699; string/mod.rs:542-572,993-995,1060-1062",crates/perry-runtime/src/string/char_ops.rs:65,crates/perry-codegen/src/runtime_decls/strings_part2.rs:360,crates/perry-codegen/src/lower_string_method/char_code_at.rs:144;crates/perry-codegen/src/lower_string_method.rs:806,1,2,,,,413,413,1455,413,413,1455,413,0,0
js_string_code_point_at,reviewed,Unknown,never allocates,no,no,no,"Already-i32 index and borrowed header bytes; bounded WTF8 scalar walk, no index coercion and no character-string allocation.","string/char_ops.rs:65-124,653-699; string/mod.rs:542-572,993-995,1060-1062",crates/perry-runtime/src/string/char_ops.rs:653,crates/perry-codegen/src/runtime_decls/strings_part2.rs:351,crates/perry-codegen/src/expr/string_regex_proc.rs:69;crates/perry-codegen/src/lower_string_method.rs:781,1,2,,,,31,31,102,31,31,102,31,0,0
js_string_coerce,unreviewed,Unknown,unclear,unclear,unclear,unclear,Not transitively audited in this finite first pass; declaration or literal call spelling alone is not effect evidence.,,crates/perry-runtime/src/builtins/numbers.rs:643,crates/perry-codegen/src/runtime_decls/strings.rs:431,crates/perry-codegen/src/expr/dyn_extern_i18n.rs:286;crates/perry-codegen/src/expr/logical_collections.rs:1086;crates/perry-codegen/src/expr/logical_collections.rs:1266;crates/perry-codegen/src/expr/logical_collections.rs:1273;crates/perry-codegen/src/lower_string_method.rs:242;crates/perry-codegen/src/lower_string_method.rs:284;crates/perry-codegen/src/lower_string_method.rs:522;crates/perry-codegen/src/lower_string_method.rs:660;crates/perry-codegen/src/lower_string_method.rs:711;crates/perry-codegen/src/lower_string_method.rs:842;crates/perry-codegen/src/lower_string_method.rs:1011;crates/perry-codegen/src/lower_string_method.rs:1204,1,12,,,,22072,21867,85624,22092,21885,85651,22151,0,0
js_string_compare,reviewed,Unknown,never allocates,no,no,no,"Complete comparison uses borrowed byte slices, is_ascii/from_utf8 validation and lazy encode_utf16 iterators; no Vec/collect, coercion, cache, GC or callback. Valid StringHeader ABI required.","string/compare.rs:42-122; string/mod.rs:266-268,993-995",crates/perry-runtime/src/string/compare.rs:57,crates/perry-codegen/src/runtime_decls/strings.rs:765,crates/perry-codegen/src/expr/compare.rs:1516,1,1,,,,431,411,1366,433,413,1372,433,0,0
js_string_concat_box,unreviewed,Unknown,unclear,unclear,unclear,unclear,Not transitively audited in this finite first pass; declaration or literal call spelling alone is not effect evidence.,,crates/perry-runtime/src/string/concat.rs:183,crates/perry-codegen/src/runtime_decls/strings.rs:19,crates/perry-codegen/src/lower_string_concat.rs:472;crates/perry-codegen/src/lower_string_concat.rs:673,1,2,,,,5253,5203,22794,5257,5202,22793,5283,0,0
js_string_concat_chain,unreviewed,Unknown,unclear,unclear,unclear,unclear,Not transitively audited in this finite first pass; declaration or literal call spelling alone is not effect evidence.,,crates/perry-runtime/src/string/concat.rs:985,crates/perry-codegen/src/runtime_decls/strings.rs:54,crates/perry-codegen/src/lower_string_concat.rs:799,1,1,,,,9724,9623,32938,9726,9623,32938,9751,0,0
js_string_concat_value_box,unreviewed,Unknown,unclear,unclear,unclear,unclear,Not transitively audited in this finite first pass; declaration or literal call spelling alone is not effect evidence.,,crates/perry-runtime/src/string/concat.rs:914,crates/perry-codegen/src/runtime_decls/strings.rs:39,crates/perry-codegen/src/concat_site_cache.rs:250;crates/perry-codegen/src/lower_string_concat.rs:587,1,2,,,,17,17,77,17,17,77,23,0,0
js_string_end_index_to_i32,reviewed,Unknown,may allocate,may,may,may,Nonnumeric input takes js_number_coerce; object coercion can invoke JS and exceptions allocate. A scalar result does not imply a scalar-only call.,string/char_ops.rs:21-57; array/splice_slice.rs:165-193; builtins/numbers.rs:436-640,crates/perry-runtime/src/string/char_ops.rs:52,crates/perry-codegen/src/runtime_decls/strings.rs:709,crates/perry-codegen/src/lower_string_method.rs:341,1,1,,,,1273,1270,5613,1273,1270,5613,1285,0,0
js_string_ends_with,unreviewed,Unknown,unclear,unclear,unclear,unclear,Not transitively audited in this finite first pass; declaration or literal call spelling alone is not effect evidence.,,crates/perry-runtime/src/string/compare.rs:393,crates/perry-codegen/src/runtime_decls/strings.rs:174,,1,0,,,,370,370,1255,370,370,1255,371,0,0
js_string_ends_with_at,unreviewed,Unknown,unclear,unclear,unclear,unclear,Not transitively audited in this finite first pass; declaration or literal call spelling alone is not effect evidence.,,crates/perry-runtime/src/string/compare.rs:466,crates/perry-codegen/src/runtime_decls/strings.rs:180,,1,0,,,,5,5,17,5,5,18,5,0,0
js_string_equals,reviewed,Unknown,never allocates,no,no,no,"Complete comparison uses borrowed byte slices, is_ascii/from_utf8 validation and lazy encode_utf16 iterators; no Vec/collect, coercion, cache, GC or callback. Valid StringHeader ABI required.","string/compare.rs:42-122; string/mod.rs:266-268,993-995",crates/perry-runtime/src/string/compare.rs:87,crates/perry-codegen/src/runtime_decls/strings.rs:764,crates/perry-codegen/src/expr/compare.rs:320;crates/perry-codegen/src/expr/compare.rs:808;crates/perry-codegen/src/expr/compare.rs:890;crates/perry-codegen/src/expr/compare.rs:915;crates/perry-codegen/src/expr/dyn_extern_i18n.rs:127;crates/perry-codegen/src/expr/dyn_extern_i18n.rs:672,1,6,,,,13230,12940,61536,13368,13077,61944,13413,0,0
js_string_from_bytes,reviewed,Unknown,may allocate,may,may,no,"Null-string boxing, SSO materialization/cache miss, numeric-to-string or explicit string construction reaches Perry string allocation. Existing-header/short-value hot arms do not cover the complete helper.","value/nanbox.rs:123-133,274-325; string/alloc.rs:8-10,53-73,90-108,137-155,180-183; string/mod.rs:636-656",crates/perry-runtime/src/string/alloc.rs:8,crates/perry-codegen/src/runtime_decls/mod.rs:161;crates/perry-codegen/src/runtime_decls/strings_part2.rs:674,crates/perry-codegen/src/expr/calls/crypto_hash.rs:177,2,1,,,,94766,0,0,94766,0,0,94766,0,0
js_string_from_char_code,unreviewed,Unknown,unclear,unclear,unclear,unclear,Not transitively audited in this finite first pass; declaration or literal call spelling alone is not effect evidence.,,crates/perry-runtime/src/string/char_ops.rs:511,crates/perry-codegen/src/runtime_decls/strings_part2.rs:358,crates/perry-codegen/src/expr/string_regex_proc.rs:376,1,1,,,,136,136,436,136,136,436,137,0,0
js_string_from_char_code_array,unreviewed,Unknown,unclear,unclear,unclear,unclear,Not transitively audited in this finite first pass; declaration or literal call spelling alone is not effect evidence.,,crates/perry-runtime/src/string/char_ops.rs:519,crates/perry-codegen/src/runtime_decls/strings_part2.rs:359,crates/perry-codegen/src/expr/string_regex_proc.rs:382,1,1,,,,18,18,41,18,18,41,18,0,0
js_string_from_code_point,unreviewed,Unknown,unclear,unclear,unclear,unclear,Not transitively audited in this finite first pass; declaration or literal call spelling alone is not effect evidence.,,crates/perry-runtime/src/string/char_ops.rs:562,crates/perry-codegen/src/runtime_decls/strings_part2.rs:355,crates/perry-codegen/src/expr/string_regex_proc.rs:35,1,1,,,,19,19,40,19,19,40,19,0,0
js_string_from_wtf8_bytes,unreviewed,Unknown,unclear,unclear,unclear,unclear,Not transitively audited in this finite first pass; declaration or literal call spelling alone is not effect evidence.,,crates/perry-runtime/src/string/alloc.rs:162,crates/perry-codegen/src/runtime_decls/mod.rs:162;crates/perry-codegen/src/runtime_decls/strings_part2.rs:675,,2,0,,,,1,0,0,1,0,0,1,0,0
js_string_index_get_boxed,unreviewed,Unknown,unclear,unclear,unclear,unclear,Not transitively audited in this finite first pass; declaration or literal call spelling alone is not effect evidence.,,crates/perry-runtime/src/string/char_ops.rs:141,crates/perry-codegen/src/runtime_decls/strings.rs:703,crates/perry-codegen/src/expr/index_get.rs:516;crates/perry-codegen/src/expr/index_get.rs:1454,1,2,,,,355,355,1646,357,357,1649,357,0,0
js_string_index_of,reviewed,Unknown,never allocates,no,no,no,"Already-StringHeader operands and i32 index; borrowed slices and str::find plus bounded UTF16/byte offset walks. string_as_str is a borrowed view, not decoding to owned storage. No cache or materialization path.","string/slice_ops.rs:429-497; string/mod.rs:542-619,993-995,1042-1062",crates/perry-runtime/src/string/slice_ops.rs:429,crates/perry-codegen/src/runtime_decls/strings.rs:76,crates/perry-codegen/src/lower_string_method.rs:296,1,1,,,,511,511,1810,511,511,1810,515,0,0
js_string_index_of_from,reviewed,Unknown,never allocates,no,no,no,"Already-StringHeader operands and i32 index; borrowed slices and str::find plus bounded UTF16/byte offset walks. string_as_str is a borrowed view, not decoding to owned storage. No cache or materialization path.","string/slice_ops.rs:429-497; string/mod.rs:542-619,993-995,1042-1062",crates/perry-runtime/src/string/slice_ops.rs:439,crates/perry-codegen/src/runtime_decls/strings.rs:77,crates/perry-codegen/src/lower_string_method.rs:290;crates/perry-codegen/src/lower_string_method.rs:1355,1,2,,,,1767,1746,6071,1767,1746,6071,1773,0,0
js_string_index_to_i32,reviewed,Unknown,may allocate,may,may,may,Nonnumeric input takes js_number_coerce; object coercion can invoke JS and exceptions allocate. A scalar result does not imply a scalar-only call.,string/char_ops.rs:21-57; array/splice_slice.rs:165-193; builtins/numbers.rs:436-640,crates/perry-runtime/src/string/char_ops.rs:21,crates/perry-codegen/src/runtime_decls/strings.rs:706,crates/perry-codegen/src/lower_string_method/char_code_at.rs:143;crates/perry-codegen/src/lower_string_method.rs:289;crates/perry-codegen/src/lower_string_method.rs:337;crates/perry-codegen/src/lower_string_method.rs:555;crates/perry-codegen/src/lower_string_method.rs:757;crates/perry-codegen/src/lower_string_method.rs:779;crates/perry-codegen/src/lower_string_method.rs:804;crates/perry-codegen/src/lower_string_method.rs:1291,1,8,,,,3206,3199,13632,3206,3199,13634,3233,0,0
js_string_is_well_formed,unreviewed,Unknown,unclear,unclear,unclear,unclear,Not transitively audited in this finite first pass; declaration or literal call spelling alone is not effect evidence.,,crates/perry-runtime/src/string/compare.rs:773,crates/perry-codegen/src/runtime_decls/strings_part2.rs:374,crates/perry-codegen/src/lower_string_method.rs:1114,1,1,,,,1,1,0,1,1,0,1,0,0
js_string_last_index_of,unreviewed,Unknown,unclear,unclear,unclear,unclear,Not transitively audited in this finite first pass; declaration or literal call spelling alone is not effect evidence.,,crates/perry-runtime/src/string/slice_ops.rs:539,crates/perry-codegen/src/runtime_decls/strings_part2.rs:361,crates/perry-codegen/src/lower_string_method.rs:859,1,1,,,,120,120,819,120,120,819,120,0,0
js_string_last_index_of_from,unreviewed,Unknown,unclear,unclear,unclear,unclear,Not transitively audited in this finite first pass; declaration or literal call spelling alone is not effect evidence.,,crates/perry-runtime/src/string/slice_ops.rs:588,crates/perry-codegen/src/runtime_decls/strings_part2.rs:362,crates/perry-codegen/src/lower_string_method.rs:848,1,1,,,,12,12,47,12,12,47,12,0,0
js_string_locale_compare,unreviewed,Unknown,unclear,unclear,unclear,unclear,Not transitively audited in this finite first pass; declaration or literal call spelling alone is not effect evidence.,,crates/perry-runtime/src/string/compare.rs:653,crates/perry-codegen/src/runtime_decls/strings_part2.rs:367,crates/perry-codegen/src/lower_string_method.rs:1021,1,1,,,,61,61,2,61,61,2,61,0,0
js_string_locale_compare_opts,unreviewed,Unknown,unclear,unclear,unclear,unclear,Not transitively audited in this finite first pass; declaration or literal call spelling alone is not effect evidence.,,crates/perry-runtime/src/string/compare.rs:743,crates/perry-codegen/src/runtime_decls/strings_part2.rs:368,crates/perry-codegen/src/lower_string_method.rs:1015,1,1,,,,1,1,0,1,1,0,1,0,0
js_string_match,unreviewed,Unknown,unclear,unclear,unclear,unclear,Not transitively audited in this finite first pass; declaration or literal call spelling alone is not effect evidence.,,crates/perry-runtime/src/regex/match_string.rs:69,crates/perry-codegen/src/runtime_decls/strings.rs:1716,crates/perry-codegen/src/expr/instance_misc1.rs:1502,1,1,,,,8,8,24,8,8,24,8,0,0
js_string_match_all_value,unreviewed,Unknown,unclear,unclear,unclear,unclear,Not transitively audited in this finite first pass; declaration or literal call spelling alone is not effect evidence.,,crates/perry-runtime/src/regex/match_all.rs:247,crates/perry-codegen/src/runtime_decls/strings.rs:1718;crates/perry-codegen/src/runtime_decls/strings_part2.rs:377,crates/perry-codegen/src/expr/instance_misc1.rs:1532;crates/perry-codegen/src/lower_string_method.rs:1097,2,2,,,,22,22,58,22,22,58,22,0,0
js_string_match_value,unreviewed,Unknown,unclear,unclear,unclear,unclear,Not transitively audited in this finite first pass; declaration or literal call spelling alone is not effect evidence.,,crates/perry-runtime/src/regex/match_string.rs:52,crates/perry-codegen/src/runtime_decls/strings_part2.rs:382,crates/perry-codegen/src/lower_string_method.rs:1068,1,1,,,,450,448,1308,450,448,1308,455,0,0
js_string_normalize,unreviewed,Unknown,unclear,unclear,unclear,unclear,Not transitively audited in this finite first pass; declaration or literal call spelling alone is not effect evidence.,,crates/perry-runtime/src/string/compare.rs:513,crates/perry-codegen/src/runtime_decls/strings_part2.rs:369,crates/perry-codegen/src/lower_string_method.rs:948,1,1,,,,63,61,92,63,61,92,63,0,0
js_string_pad_end,unreviewed,Unknown,unclear,unclear,unclear,unclear,Not transitively audited in this finite first pass; declaration or literal call spelling alone is not effect evidence.,,crates/perry-runtime/src/string/pad.rs:241,crates/perry-codegen/src/runtime_decls/strings_part2.rs:371,,1,0,,,,34,34,262,34,34,262,34,0,0
js_string_pad_fill,unreviewed,Unknown,unclear,unclear,unclear,unclear,Not transitively audited in this finite first pass; declaration or literal call spelling alone is not effect evidence.,,crates/perry-runtime/src/string/pad.rs:19,crates/perry-codegen/src/runtime_decls/strings_part2.rs:373,crates/perry-codegen/src/lower_string_method.rs:897,1,1,,,,45,44,121,45,44,121,45,0,0
js_string_pad_start,unreviewed,Unknown,unclear,unclear,unclear,unclear,Not transitively audited in this finite first pass; declaration or literal call spelling alone is not effect evidence.,,crates/perry-runtime/src/string/pad.rs:198,crates/perry-codegen/src/runtime_decls/strings_part2.rs:370,,1,0,,,,59,58,174,59,58,174,59,0,0
js_string_position_to_index,reviewed,Unknown,never allocates,no,no,no,"Raw numeric DOUBLE ABI: finite/NaN/infinity comparisons, truncation and saturating i32 conversion only; not the generic index coercion helper.",string/slice_ops.rs:506-528,crates/perry-runtime/src/string/slice_ops.rs:506,crates/perry-codegen/src/runtime_decls/strings.rs:79,crates/perry-codegen/src/lower_string_method.rs:1352,1,1,,,,3,3,16,3,3,16,3,0,0
js_string_repeat,unreviewed,Unknown,unclear,unclear,unclear,unclear,Not transitively audited in this finite first pass; declaration or literal call spelling alone is not effect evidence.,,crates/perry-runtime/src/string/pad.rs:284,crates/perry-codegen/src/runtime_decls/strings.rs:761,crates/perry-codegen/src/lower_string_method.rs:577,1,1,,,,121,121,779,121,121,779,121,0,0
js_string_replace_all_regex_fn,unreviewed,Unknown,unclear,unclear,unclear,unclear,Not transitively audited in this finite first pass; declaration or literal call spelling alone is not effect evidence.,,crates/perry-runtime/src/regex/replace_expand.rs:433,crates/perry-codegen/src/runtime_decls/strings_part2.rs:405,,1,0,,,,1,1,0,1,1,0,1,0,0
js_string_replace_all_search_dyn,unreviewed,Unknown,unclear,unclear,unclear,unclear,Not transitively audited in this finite first pass; declaration or literal call spelling alone is not effect evidence.,,crates/perry-runtime/src/regex/replace_fn.rs:617,crates/perry-codegen/src/runtime_decls/strings_part2.rs:398,,1,0,,,,32,32,79,32,32,79,32,0,0
js_string_replace_all_string,unreviewed,Unknown,unclear,unclear,unclear,unclear,Not transitively audited in this finite first pass; declaration or literal call spelling alone is not effect evidence.,,crates/perry-runtime/src/regex/replace_fn.rs:411,crates/perry-codegen/src/runtime_decls/strings.rs:763,,1,0,,,,174,174,306,174,174,306,174,0,0
js_string_replace_all_string_dyn,unreviewed,Unknown,unclear,unclear,unclear,unclear,Not transitively audited in this finite first pass; declaration or literal call spelling alone is not effect evidence.,,crates/perry-runtime/src/regex/replace_fn.rs:553,crates/perry-codegen/src/runtime_decls/strings_part2.rs:394,,1,0,,,,12,12,18,12,12,18,12,0,0
js_string_replace_all_string_fn,unreviewed,Unknown,unclear,unclear,unclear,unclear,Not transitively audited in this finite first pass; declaration or literal call spelling alone is not effect evidence.,,crates/perry-runtime/src/regex/replace_fn.rs:219,crates/perry-codegen/src/runtime_decls/strings_part2.rs:403,,1,0,,,,2,2,6,2,2,6,2,0,0
js_string_replace_regex,unreviewed,Unknown,unclear,unclear,unclear,unclear,Not transitively audited in this finite first pass; declaration or literal call spelling alone is not effect evidence.,,crates/perry-runtime/src/regex/replace_expand_fancy.rs:148,crates/perry-codegen/src/runtime_decls/strings.rs:1175,,1,0,,,,718,717,1530,717,716,1530,720,0,0
js_string_replace_regex_dyn,unreviewed,Unknown,unclear,unclear,unclear,unclear,Not transitively audited in this finite first pass; declaration or literal call spelling alone is not effect evidence.,,crates/perry-runtime/src/regex/replace_fn.rs:635,crates/perry-codegen/src/runtime_decls/strings_part2.rs:395,,1,0,,,,61,61,177,61,61,177,61,0,0
js_string_replace_regex_fn,unreviewed,Unknown,unclear,unclear,unclear,unclear,Not transitively audited in this finite first pass; declaration or literal call spelling alone is not effect evidence.,,crates/perry-runtime/src/regex/replace_expand.rs:332,crates/perry-codegen/src/runtime_decls/strings_part2.rs:404,,1,0,,,,62,62,62,62,62,62,62,0,0
js_string_replace_search_dyn,unreviewed,Unknown,unclear,unclear,unclear,unclear,Not transitively audited in this finite first pass; declaration or literal call spelling alone is not effect evidence.,,crates/perry-runtime/src/regex/replace_fn.rs:599,crates/perry-codegen/src/runtime_decls/strings_part2.rs:397,,1,0,,,,240,240,675,240,240,675,240,0,0
js_string_replace_string,unreviewed,Unknown,unclear,unclear,unclear,unclear,Not transitively audited in this finite first pass; declaration or literal call spelling alone is not effect evidence.,,crates/perry-runtime/src/regex/replace_fn.rs:358,crates/perry-codegen/src/runtime_decls/strings.rs:762,,1,0,,,,118,118,452,118,118,452,118,0,0
js_string_replace_string_dyn,unreviewed,Unknown,unclear,unclear,unclear,unclear,Not transitively audited in this finite first pass; declaration or literal call spelling alone is not effect evidence.,,crates/perry-runtime/src/regex/replace_fn.rs:528,crates/perry-codegen/src/runtime_decls/strings_part2.rs:393,,1,0,,,,50,50,209,50,50,209,50,0,0
js_string_replace_string_fn,unreviewed,Unknown,unclear,unclear,unclear,unclear,Not transitively audited in this finite first pass; declaration or literal call spelling alone is not effect evidence.,,crates/perry-runtime/src/regex/replace_fn.rs:158,crates/perry-codegen/src/runtime_decls/strings_part2.rs:392,,1,0,,,,3,3,3,3,3,3,3,0,0
js_string_search_value,unreviewed,Unknown,unclear,unclear,unclear,unclear,Not transitively audited in this finite first pass; declaration or literal call spelling alone is not effect evidence.,,crates/perry-runtime/src/regex/match_string.rs:39,crates/perry-codegen/src/runtime_decls/strings_part2.rs:381,crates/perry-codegen/src/lower_string_method.rs:1046,1,1,,,,18,18,87,18,18,88,18,0,0
js_string_search_value_to_string,unreviewed,Unknown,unclear,unclear,unclear,unclear,Not transitively audited in this finite first pass; declaration or literal call spelling alone is not effect evidence.,,crates/perry-runtime/src/string/compare.rs:310,crates/perry-codegen/src/runtime_decls/strings.rs:175,crates/perry-codegen/src/lower_string_method.rs:1280;crates/perry-codegen/src/lower_string_method.rs:1344,1,2,,,,3217,3182,10489,3216,3181,10490,3224,0,0
js_string_slice,reviewed,Unknown,may allocate,may,may,unclear,"String-producing route can call string_copy_range, string_storage_alloc or js_string_from_bytes. Empty/same/reused-buffer branches do not make the export leaf. Conservatively keep may-GC; not an audit of every coercion tail.","string/slice_ops.rs:9-129; string/concat.rs:623; string/append.rs:30,194; string/alloc.rs:137-155",crates/perry-runtime/src/string/slice_ops.rs:9,crates/perry-codegen/src/runtime_decls/strings.rs:80,,1,0,,,,1857,1854,7568,1857,1854,7569,1879,0,0
js_string_split_n,unreviewed,Unknown,unclear,unclear,unclear,unclear,Not transitively audited in this finite first pass; declaration or literal call spelling alone is not effect evidence.,,crates/perry-runtime/src/string/split.rs:448,crates/perry-codegen/src/runtime_decls/strings.rs:86,crates/perry-codegen/src/lower_string_method.rs:374,1,1,,,,594,594,2007,594,594,2007,594,0,0
js_string_split_value,unreviewed,Unknown,unclear,unclear,unclear,unclear,Not transitively audited in this finite first pass; declaration or literal call spelling alone is not effect evidence.,,crates/perry-runtime/src/string/split.rs:726,crates/perry-codegen/src/runtime_decls/strings.rs:106,crates/perry-codegen/src/lower_string_method.rs:415,1,1,,,,254,254,633,254,254,633,254,0,0
js_string_starts_with,unreviewed,Unknown,unclear,unclear,unclear,unclear,Not transitively audited in this finite first pass; declaration or literal call spelling alone is not effect evidence.,,crates/perry-runtime/src/string/compare.rs:362,crates/perry-codegen/src/runtime_decls/strings.rs:173,,1,0,,,,1164,1150,3593,1163,1149,3593,1166,0,0
js_string_starts_with_at,unreviewed,Unknown,unclear,unclear,unclear,unclear,Not transitively audited in this finite first pass; declaration or literal call spelling alone is not effect evidence.,,crates/perry-runtime/src/string/compare.rs:424,crates/perry-codegen/src/runtime_decls/strings.rs:179,,1,0,,,,2,2,10,2,2,10,2,0,0
js_string_substr,reviewed,Unknown,may allocate,may,may,unclear,"String-producing route can call string_copy_range, string_storage_alloc or js_string_from_bytes. Empty/same/reused-buffer branches do not make the export leaf. Conservatively keep may-GC; not an audit of every coercion tail.","string/slice_ops.rs:9-129; string/concat.rs:623; string/append.rs:30,194; string/alloc.rs:137-155",crates/perry-runtime/src/string/slice_ops.rs:123,crates/perry-codegen/src/runtime_decls/strings.rs:84,crates/perry-codegen/src/lower_string_method.rs:1250,1,1,,,,128,128,494,128,128,494,128,0,0
js_string_substring,reviewed,Unknown,may allocate,may,may,unclear,"String-producing route can call string_copy_range, string_storage_alloc or js_string_from_bytes. Empty/same/reused-buffer branches do not make the export leaf. Conservatively keep may-GC; not an audit of every coercion tail.","string/slice_ops.rs:9-129; string/concat.rs:623; string/append.rs:30,194; string/alloc.rs:137-155",crates/perry-runtime/src/string/slice_ops.rs:61,crates/perry-codegen/src/runtime_decls/strings.rs:81,,1,0,,,,499,499,2068,499,499,2068,502,0,0
js_string_to_locale_lower_case,unreviewed,Unknown,unclear,unclear,unclear,unclear,Not transitively audited in this finite first pass; declaration or literal call spelling alone is not effect evidence.,,crates/perry-runtime/src/string/locale.rs:362,crates/perry-codegen/src/runtime_decls/strings.rs:674,,1,0,,,,6,6,14,6,6,14,6,0,0
js_string_to_lower_case,unreviewed,Unknown,unclear,unclear,unclear,unclear,Not transitively audited in this finite first pass; declaration or literal call spelling alone is not effect evidence.,,crates/perry-runtime/src/string/slice_ops.rs:369,crates/perry-codegen/src/runtime_decls/strings.rs:670,,1,0,,,,1121,1113,3064,1120,1112,3064,1122,0,0
js_string_to_upper_case,unreviewed,Unknown,unclear,unclear,unclear,unclear,Not transitively audited in this finite first pass; declaration or literal call spelling alone is not effect evidence.,,crates/perry-runtime/src/string/slice_ops.rs:375,crates/perry-codegen/src/runtime_decls/strings.rs:671,,1,0,,,,131,131,592,131,131,592,132,0,0
js_string_to_well_formed,unreviewed,Unknown,unclear,unclear,unclear,unclear,Not transitively audited in this finite first pass; declaration or literal call spelling alone is not effect evidence.,,crates/perry-runtime/src/string/compare.rs:790,crates/perry-codegen/src/runtime_decls/strings_part2.rs:375,crates/perry-codegen/src/lower_string_method.rs:1124,1,1,,,,1,1,0,1,1,0,1,0,0
js_string_trim,unreviewed,Unknown,unclear,unclear,unclear,unclear,Not transitively audited in this finite first pass; declaration or literal call spelling alone is not effect evidence.,,crates/perry-runtime/src/string/slice_ops.rs:292,crates/perry-codegen/src/runtime_decls/strings.rs:677,,1,0,,,,1226,1218,3672,1225,1217,3672,1227,0,0
js_string_trim_end,unreviewed,Unknown,unclear,unclear,unclear,unclear,Not transitively audited in this finite first pass; declaration or literal call spelling alone is not effect evidence.,,crates/perry-runtime/src/string/slice_ops.rs:304,crates/perry-codegen/src/runtime_decls/strings.rs:679,,1,0,,,,45,45,145,45,45,145,45,0,0
js_string_trim_start,unreviewed,Unknown,unclear,unclear,unclear,unclear,Not transitively audited in this finite first pass; declaration or literal call spelling alone is not effect evidence.,,crates/perry-runtime/src/string/slice_ops.rs:298,crates/perry-codegen/src/runtime_decls/strings.rs:678,,1,0,,,,21,21,90,21,21,90,23,0,0
js_string_validate_collator_args,unreviewed,Unknown,unclear,unclear,unclear,unclear,Not transitively audited in this finite first pass; declaration or literal call spelling alone is not effect evidence.,,crates/perry-runtime/src/string/locale.rs:409,crates/perry-codegen/src/runtime_decls/strings.rs:676,crates/perry-codegen/src/lower_string_method.rs:998,1,1,,,,1,1,1,1,1,1,1,0,0
js_structured_clone_with_options,unreviewed,Unknown,unclear,unclear,unclear,unclear,Not transitively audited in this finite first pass; declaration or literal call spelling alone is not effect evidence.,,crates/perry-runtime/src/builtins/globals.rs:706,crates/perry-codegen/src/runtime_decls/strings_part2.rs:408,crates/perry-codegen/src/expr/env_clones.rs:389,1,1,,,,40,40,106,50,50,142,50,0,0
js_super_accessor_get,unreviewed,Unknown,unclear,unclear,unclear,unclear,Not transitively audited in this finite first pass; declaration or literal call spelling alone is not effect evidence.,,crates/perry-runtime/src/object/property_key.rs:334,crates/perry-codegen/src/runtime_decls/objects.rs:575,crates/perry-codegen/src/expr/super_method.rs:321,1,1,,,,5,5,12,5,5,12,5,0,0
js_super_construct_apply,unreviewed,Unknown,unclear,unclear,unclear,unclear,Not transitively audited in this finite first pass; declaration or literal call spelling alone is not effect evidence.,,crates/perry-runtime/src/object/class_constructors.rs:444,crates/perry-codegen/src/runtime_decls/strings.rs:1475,crates/perry-codegen/src/expr/this_super_call.rs:476,1,1,,,,32,32,76,32,32,76,32,0,0
js_super_method_call_dynamic,unreviewed,Unknown,unclear,unclear,unclear,unclear,Not transitively audited in this finite first pass; declaration or literal call spelling alone is not effect evidence.,,crates/perry-runtime/src/object/class_constructors.rs:647,crates/perry-codegen/src/runtime_decls/strings.rs:1478,crates/perry-codegen/src/expr/super_method.rs:83,1,1,,,,94,94,115,94,94,115,94,0,0
js_super_method_call_dynamic_apply,unreviewed,Unknown,unclear,unclear,unclear,unclear,Not transitively audited in this finite first pass; declaration or literal call spelling alone is not effect evidence.,,crates/perry-runtime/src/object/class_constructors.rs:831,crates/perry-codegen/src/runtime_decls/strings.rs:1485,crates/perry-codegen/src/expr/super_method.rs:245,1,1,,,,3,3,3,3,3,3,3,0,0
js_switch_strict_equals,reviewed,Unknown,may allocate,may,may,no,"V2 definite allocating route: the both-strings arm calls js_get_string_pointer_unified for each operand. SSO invokes materialize_to_heap -> intern_dispatch_bytes, whose miss creates a managed StringHeader. Numeric/bit arms and the strict-equality name do not establish a whole-export leaf. No coercing object callback in this export.","value/nanbox.rs:337-373,274-293; string/alloc.rs:53-73; string/intern.rs:intern_dispatch_bytes; string/mod.rs:636-643",crates/perry-runtime/src/value/nanbox.rs:337,crates/perry-codegen/src/runtime_decls/strings.rs:1333,crates/perry-codegen/src/stmt/switch_stmt.rs:165,1,1,,,,5896,5858,19546,5893,5858,19560,5897,0,0
js_symbol_for,unreviewed,Unknown,unclear,unclear,unclear,unclear,Not transitively audited in this finite first pass; declaration or literal call spelling alone is not effect evidence.,,crates/perry-runtime/src/symbol/constructors.rs:44,crates/perry-codegen/src/runtime_decls/strings_part2.rs:281,crates/perry-codegen/src/expr/string_regex_proc.rs:456,1,1,,,,1361,1359,15135,1361,1359,15152,1361,0,0
js_symbol_new,unreviewed,Unknown,unclear,unclear,unclear,unclear,Not transitively audited in this finite first pass; declaration or literal call spelling alone is not effect evidence.,,crates/perry-runtime/src/symbol/constructors.rs:19,crates/perry-codegen/src/runtime_decls/strings_part2.rs:279,crates/perry-codegen/src/expr/string_regex_proc.rs:445,1,1,,,,247,242,3503,248,243,3504,248,0,0
js_symbol_new_empty,unreviewed,Unknown,unclear,unclear,unclear,unclear,Not transitively audited in this finite first pass; declaration or literal call spelling alone is not effect evidence.,,crates/perry-runtime/src/symbol/constructors.rs:11,crates/perry-codegen/src/runtime_decls/strings_part2.rs:280,crates/perry-codegen/src/expr/string_regex_proc.rs:449,1,1,,,,6,6,35,6,6,35,6,0,0
js_tagged_template_get_or_init,unreviewed,Unknown,unclear,unclear,unclear,unclear,Not transitively audited in this finite first pass; declaration or literal call spelling alone is not effect evidence.,,crates/perry-runtime/src/array/header.rs:228,crates/perry-codegen/src/runtime_decls/arrays.rs:24,crates/perry-codegen/src/expr/instance_misc1.rs:869,1,1,,,,339,339,1492,339,339,1492,339,0,0
js_tdz_suppress_begin,unreviewed,CannotCollect,unclear,unclear,unclear,unclear,Not transitively audited in this finite first pass; declaration or literal call spelling alone is not effect evidence.,,crates/perry-runtime/src/box.rs:1120,crates/perry-codegen/src/runtime_decls/strings.rs:1454,crates/perry-codegen/src/expr/static_field_meta.rs:157;crates/perry-codegen/src/expr/static_field_meta.rs:204;crates/perry-codegen/src/expr/static_field_meta.rs:632,1,3,,,,4106,0,0,4106,0,0,4106,0,0
js_tdz_suppress_end,unreviewed,CannotCollect,unclear,unclear,unclear,unclear,Not transitively audited in this finite first pass; declaration or literal call spelling alone is not effect evidence.,,crates/perry-runtime/src/box.rs:1126,crates/perry-codegen/src/runtime_decls/strings.rs:1455,crates/perry-codegen/src/expr/static_field_meta.rs:162;crates/perry-codegen/src/expr/static_field_meta.rs:213;crates/perry-codegen/src/expr/static_field_meta.rs:637,1,3,,,,4106,0,0,4106,0,0,4106,0,0
js_text_decoder_decode_llvm,unreviewed,Unknown,unclear,unclear,unclear,unclear,Not transitively audited in this finite first pass; declaration or literal call spelling alone is not effect evidence.,,crates/perry-runtime/src/text.rs:513,crates/perry-codegen/src/runtime_decls/strings_part2.rs:68,crates/perry-codegen/src/expr/string_regex_proc.rs:557,1,1,,,,20,20,28,20,20,28,20,0,0
js_text_decoder_new,unreviewed,Unknown,unclear,unclear,unclear,unclear,Not transitively audited in this finite first pass; declaration or literal call spelling alone is not effect evidence.,,crates/perry-runtime/src/text.rs:157,crates/perry-codegen/src/runtime_decls/strings_part2.rs:65,crates/perry-codegen/src/expr/string_regex_proc.rs:519,1,1,,,,26,26,99,26,26,99,26,0,0
js_text_encoder_encode_llvm,unreviewed,Unknown,unclear,unclear,unclear,unclear,Not transitively audited in this finite first pass; declaration or literal call spelling alone is not effect evidence.,,crates/perry-runtime/src/text.rs:294,crates/perry-codegen/src/runtime_decls/strings_part2.rs:66,crates/perry-codegen/src/expr/string_regex_proc.rs:535,1,1,,,,25,25,75,25,25,75,25,0,0
js_text_encoder_new,unreviewed,Unknown,unclear,unclear,unclear,unclear,Not transitively audited in this finite first pass; declaration or literal call spelling alone is not effect evidence.,,crates/perry-runtime/src/text.rs:110,crates/perry-codegen/src/runtime_decls/strings_part2.rs:63,crates/perry-codegen/src/expr/string_regex_proc.rs:503,1,1,,,,11,11,38,12,12,38,12,0,0
js_throw,unreviewed,Unknown,unclear,unclear,unclear,unclear,Not transitively audited in this finite first pass; declaration or literal call spelling alone is not effect evidence.,,crates/perry-runtime/src/exception.rs:408,crates/perry-codegen/src/runtime_decls/strings_part2.rs:745,crates/perry-codegen/src/expr/fs_await.rs:306;crates/perry-codegen/src/stmt/mod.rs:597;crates/perry-codegen/src/stmt/try_stmt.rs:192;crates/perry-codegen/src/stmt/try_stmt.rs:216,1,4,,,,15548,15433,22249,15733,15478,22252,15755,0,0
js_throw_error_with_code,unreviewed,Unknown,unclear,unclear,unclear,unclear,Not transitively audited in this finite first pass; declaration or literal call spelling alone is not effect evidence.,,crates/perry-runtime/src/error.rs:496,crates/perry-codegen/src/runtime_decls/strings.rs:401,crates/perry-codegen/src/expr/dyn_extern_i18n.rs:518,1,1,,,,2,2,0,2,2,0,2,0,0
js_throw_reference_error_this_before_super,unreviewed,Unknown,unclear,unclear,unclear,unclear,Not transitively audited in this finite first pass; declaration or literal call spelling alone is not effect evidence.,,crates/perry-runtime/src/error.rs:1393,crates/perry-codegen/src/runtime_decls/strings.rs:1629,crates/perry-codegen/src/codegen/method.rs:1280;crates/perry-codegen/src/expr/this_super_call.rs:84;crates/perry-codegen/src/expr/this_super_call.rs:122;crates/perry-codegen/src/lower_call/new.rs:1209,1,4,,,,1888,1888,8,1900,1900,8,5220,0,0
js_throw_type_error_property_access,unreviewed,Unknown,unclear,unclear,unclear,unclear,Not transitively audited in this finite first pass; declaration or literal call spelling alone is not effect evidence.,,crates/perry-runtime/src/error.rs:1748,crates/perry-codegen/src/runtime_decls/strings.rs:383,crates/perry-codegen/src/expr/property_get/generic_dispatch.rs:1031;crates/perry-codegen/src/expr/property_get/helpers.rs:859;crates/perry-codegen/src/expr/property_get.rs:1813;crates/perry-codegen/src/expr/property_set.rs:362,1,4,,,,12145,12135,246,12159,12135,246,12161,0,0
js_timer_has_pending,unreviewed,Unknown,unclear,unclear,unclear,unclear,Not transitively audited in this finite first pass; declaration or literal call spelling alone is not effect evidence.,,crates/perry-runtime/src/timer.rs:257,crates/perry-codegen/src/runtime_decls/strings_part2.rs:781,crates/perry-codegen/src/codegen/entry.rs:211;crates/perry-codegen/src/expr/fs_await.rs:238,1,2,,,,339,291,612,339,291,612,339,0,0
js_timer_validate_callback,unreviewed,Unknown,unclear,unclear,unclear,unclear,Not transitively audited in this finite first pass; declaration or literal call spelling alone is not effect evidence.,,crates/perry-runtime/src/timer.rs:992,crates/perry-codegen/src/runtime_decls/strings_part2.rs:797,crates/perry-codegen/src/expr/instance_misc1.rs:1119;crates/perry-codegen/src/expr/instance_misc1.rs:1142;crates/perry-codegen/src/expr/instance_misc1.rs:1175;crates/perry-codegen/src/lower_call/extern_timers.rs:104;crates/perry-codegen/src/lower_call/extern_timers.rs:128;crates/perry-codegen/src/lower_call/extern_timers.rs:147;crates/perry-codegen/src/lower_call/extern_timers.rs:165;crates/perry-codegen/src/lower_call/extern_timers.rs:218;crates/perry-codegen/src/lower_call/extern_timers.rs:243;crates/perry-codegen/src/lower_call/extern_timers.rs:265,1,10,,,,517,513,680,517,513,680,517,0,0
js_timer_wrap_id,unreviewed,Unknown,unclear,unclear,unclear,unclear,Not transitively audited in this finite first pass; declaration or literal call spelling alone is not effect evidence.,,crates/perry-runtime/src/timer.rs:486,crates/perry-codegen/src/runtime_decls/strings_part2.rs:798,crates/perry-codegen/src/lower_call/extern_timers.rs:115;crates/perry-codegen/src/lower_call/extern_timers.rs:138;crates/perry-codegen/src/lower_call/extern_timers.rs:153;crates/perry-codegen/src/lower_call/extern_timers.rs:175;crates/perry-codegen/src/lower_call/extern_timers.rs:233;crates/perry-codegen/src/lower_call/extern_timers.rs:253;crates/perry-codegen/src/lower_call/extern_timers.rs:280;crates/perry-codegen/src/lower_call/namespace_call.rs:126;crates/perry-codegen/src/lower_call/namespace_call.rs:142;crates/perry-codegen/src/lower_call/namespace_call.rs:158;crates/perry-codegen/src/lower_call/namespace_call.rs:174;crates/perry-codegen/src/lower_call/namespace_call.rs:187;crates/perry-codegen/src/lower_call/namespace_call.rs:201,1,13,,,,417,413,540,417,413,540,417,0,0
js_to_numeric,unreviewed,Unknown,unclear,unclear,unclear,unclear,Not transitively audited in this finite first pass; declaration or literal call spelling alone is not effect evidence.,,crates/perry-runtime/src/value/dynamic_arith.rs:485,crates/perry-codegen/src/runtime_decls/strings.rs:1360,crates/perry-codegen/src/expr/literals_vars.rs:935;crates/perry-codegen/src/expr/member_update.rs:81;crates/perry-codegen/src/expr/member_update.rs:337;crates/perry-codegen/src/expr/member_update.rs:441,1,4,,,,1932,1914,9163,1933,1915,9173,1935,0,0
js_to_property_key,unreviewed,Unknown,unclear,unclear,unclear,unclear,Not transitively audited in this finite first pass; declaration or literal call spelling alone is not effect evidence.,,crates/perry-runtime/src/object/property_key.rs:14,crates/perry-codegen/src/runtime_decls/strings_part2.rs:295,crates/perry-codegen/src/expr/proxy_reflect.rs:1792,1,1,,,,160,159,747,160,159,747,160,0,0
js_trace_events_flush_output,unreviewed,Unknown,unclear,unclear,unclear,unclear,Not transitively audited in this finite first pass; declaration or literal call spelling alone is not effect evidence.,,crates/perry-runtime/src/node_submodules/trace_events.rs:619,crates/perry-codegen/src/runtime_decls/strings.rs:1004,crates/perry-codegen/src/codegen/entry.rs:1391,1,1,,,,1,1,0,1,1,0,1,0,0
js_transition_ic_spill_append,unreviewed,CannotCollect,unclear,unclear,unclear,unclear,Not transitively audited in this finite first pass; declaration or literal call spelling alone is not effect evidence.,,crates/perry-runtime/src/proxy/put_value.rs:921,crates/perry-codegen/src/runtime_decls/objects.rs:524,crates/perry-codegen/src/expr/proxy_reflect.rs:1435,1,1,,,,23282,1635,6574,23290,1635,6574,23326,0,0
js_try_end,unreviewed,Unknown,unclear,unclear,unclear,unclear,Not transitively audited in this finite first pass; declaration or literal call spelling alone is not effect evidence.,,crates/perry-runtime/src/exception.rs:262,crates/perry-codegen/src/runtime_decls/strings_part2.rs:764,crates/perry-codegen/src/stmt/mod.rs:125;crates/perry-codegen/src/stmt/mod.rs:130;crates/perry-codegen/src/stmt/mod.rs:311;crates/perry-codegen/src/stmt/mod.rs:336;crates/perry-codegen/src/stmt/mod.rs:354;crates/perry-codegen/src/stmt/mod.rs:373;crates/perry-codegen/src/stmt/mod.rs:382;crates/perry-codegen/src/stmt/mod.rs:440;crates/perry-codegen/src/stmt/mod.rs:464;crates/perry-codegen/src/stmt/mod.rs:541;crates/perry-codegen/src/stmt/mod.rs:561;crates/perry-codegen/src/stmt/try_stmt.rs:135;crates/perry-codegen/src/stmt/try_stmt.rs:141;crates/perry-codegen/src/stmt/try_stmt.rs:183;crates/perry-codegen/src/stmt/try_stmt.rs:188,1,15,,,,62920,60353,154461,63200,60351,154481,66316,0,0
js_tty_isatty,unreviewed,Unknown,unclear,unclear,unclear,unclear,Not transitively audited in this finite first pass; declaration or literal call spelling alone is not effect evidence.,,crates/perry-runtime/src/tty.rs:370,crates/perry-codegen/src/runtime_decls/strings.rs:1053,crates/perry-codegen/src/expr/misc_methods.rs:835,1,1,,,,3,2,5,3,2,5,3,0,0
js_typed_array_get,unreviewed,Unknown,unclear,unclear,unclear,unclear,Not transitively audited in this finite first pass; declaration or literal call spelling alone is not effect evidence.,,crates/perry-runtime/src/typedarray/access.rs:38,crates/perry-codegen/src/runtime_decls/strings_part2.rs:104,crates/perry-codegen/src/expr/index_get.rs:1282,1,1,,,,7,7,0,7,7,0,7,0,0
js_typed_array_index_get_dynamic,unreviewed,Unknown,unclear,unclear,unclear,unclear,Not transitively audited in this finite first pass; declaration or literal call spelling alone is not effect evidence.,,crates/perry-runtime/src/typedarray/access.rs:272,crates/perry-codegen/src/runtime_decls/strings_part2.rs:117,crates/perry-codegen/src/expr/arrays_finds.rs:968;crates/perry-codegen/src/expr/index_get.rs:1227;crates/perry-codegen/src/expr/index_get.rs:1317,1,3,,,,65,65,925,65,65,925,65,0,0
js_typed_array_index_set_dynamic,unreviewed,Unknown,unclear,unclear,unclear,unclear,Not transitively audited in this finite first pass; declaration or literal call spelling alone is not effect evidence.,,crates/perry-runtime/src/typedarray_props.rs:875,crates/perry-codegen/src/runtime_decls/strings_part2.rs:120,crates/perry-codegen/src/expr/arrays_finds.rs:1074;crates/perry-codegen/src/expr/index_set.rs:536;crates/perry-codegen/src/expr/index_set.rs:577;crates/perry-codegen/src/expr/index_set.rs:656,1,4,,,,54,54,308,54,54,308,54,0,0
js_typed_array_new,unreviewed,Unknown,unclear,unclear,unclear,unclear,Not transitively audited in this finite first pass; declaration or literal call spelling alone is not effect evidence.,,crates/perry-runtime/src/typedarray/construct.rs:28,crates/perry-codegen/src/runtime_decls/strings_part2.rs:99,crates/perry-codegen/src/expr/arrays_finds.rs:1302,1,1,,,,41,41,176,41,41,176,44,0,0
js_typed_array_new_empty,unreviewed,Unknown,unclear,unclear,unclear,unclear,Not transitively audited in this finite first pass; declaration or literal call spelling alone is not effect evidence.,,crates/perry-runtime/src/typedarray/construct.rs:13,crates/perry-codegen/src/runtime_decls/strings_part2.rs:96,crates/perry-codegen/src/expr/arrays_finds.rs:1261;crates/perry-codegen/src/expr/arrays_finds.rs:1279;crates/perry-codegen/src/expr/arrays_finds.rs:1289,1,3,,,,21,20,59,21,20,59,21,0,0
js_typed_array_read_f64,unreviewed,Unknown,unclear,unclear,unclear,unclear,Not transitively audited in this finite first pass; declaration or literal call spelling alone is not effect evidence.,,crates/perry-runtime/src/typedarray/access.rs:199,crates/perry-codegen/src/runtime_decls/strings_part2.rs:111,crates/perry-codegen/src/expr/ta_param_f64_read.rs:337,1,1,,,,8,8,26,8,8,26,8,0,0
js_typed_array_set,unreviewed,Unknown,unclear,unclear,unclear,unclear,Not transitively audited in this finite first pass; declaration or literal call spelling alone is not effect evidence.,,crates/perry-runtime/src/typedarray/access.rs:329,crates/perry-codegen/src/runtime_decls/strings_part2.rs:119,crates/perry-codegen/src/expr/index_set.rs:609,1,1,,,,12,12,26,12,12,26,12,0,0
js_typed_array_view,unreviewed,Unknown,unclear,unclear,unclear,unclear,Not transitively audited in this finite first pass; declaration or literal call spelling alone is not effect evidence.,,crates/perry-runtime/src/typedarray_view.rs:60,crates/perry-codegen/src/runtime_decls/strings_part2.rs:102,crates/perry-codegen/src/lower_call/builtin.rs:329,1,1,,,,4,4,7,4,4,7,4,0,0
js_typed_feedback_array_index_get_fallback_boxed,unreviewed,Unknown,unclear,unclear,unclear,unclear,Not transitively audited in this finite first pass; declaration or literal call spelling alone is not effect evidence.,,crates/perry-runtime/src/typed_feedback.rs:2228,crates/perry-codegen/src/runtime_decls/objects.rs:444,crates/perry-codegen/src/expr/index_get/guarded_array.rs:509,1,1,,,,3197,3152,19685,3199,3154,19691,3206,0,0
js_typed_feedback_array_index_set_fallback_boxed,unreviewed,Unknown,unclear,unclear,unclear,unclear,Not transitively audited in this finite first pass; declaration or literal call spelling alone is not effect evidence.,,crates/perry-runtime/src/typed_feedback.rs:2592,crates/perry-codegen/src/runtime_decls/objects.rs:475,crates/perry-codegen/src/expr/index.rs:402;crates/perry-codegen/src/expr/index_set.rs:1027,1,2,,,,193,182,2124,193,182,2124,200,0,0
js_typed_feedback_array_set_f64_extend,unreviewed,Unknown,unclear,unclear,unclear,unclear,Not transitively audited in this finite first pass; declaration or literal call spelling alone is not effect evidence.,,crates/perry-runtime/src/typed_feedback.rs:2408,crates/perry-codegen/src/runtime_decls/objects.rs:454,crates/perry-codegen/src/expr/index_set.rs:1290;crates/perry-codegen/src/expr/index_set.rs:1357;crates/perry-codegen/src/expr/index_set.rs:1418;crates/perry-codegen/src/expr/index_set.rs:1448,1,4,,,,3,3,4,3,3,4,3,0,0
js_typed_feedback_array_set_index_or_string,unreviewed,Unknown,unclear,unclear,unclear,unclear,Not transitively audited in this finite first pass; declaration or literal call spelling alone is not effect evidence.,,crates/perry-runtime/src/typed_feedback.rs:2731,crates/perry-codegen/src/runtime_decls/objects.rs:491,crates/perry-codegen/src/expr/index_set.rs:324;crates/perry-codegen/src/expr/index_set.rs:833,1,2,,,,92,92,655,92,92,655,93,0,0
js_typed_feedback_array_set_string_key,unreviewed,Unknown,unclear,unclear,unclear,unclear,Not transitively audited in this finite first pass; declaration or literal call spelling alone is not effect evidence.,,crates/perry-runtime/src/typed_feedback.rs:2710,crates/perry-codegen/src/runtime_decls/objects.rs:485,crates/perry-codegen/src/expr/index_set.rs:770;crates/perry-codegen/src/expr/index_set.rs:1617,1,2,,,,4,4,69,4,4,69,26,0,0
js_typed_feedback_class_field_get_guard,unreviewed,CannotCollect,unclear,unclear,unclear,unclear,Not transitively audited in this finite first pass; declaration or literal call spelling alone is not effect evidence.,,crates/perry-runtime/src/typed_feedback/guards.rs:414,crates/perry-codegen/src/runtime_decls/objects.rs:201,crates/perry-codegen/src/expr/property_get/helpers.rs:770;crates/perry-codegen/src/expr/property_get.rs:1706;crates/perry-codegen/src/lower_call/method_override.rs:1236,1,3,,,,20,1,6,20,1,6,20,0,0
js_typed_feedback_closure_direct_call_guard,unreviewed,CannotCollect,unclear,unclear,unclear,unclear,Not transitively audited in this finite first pass; declaration or literal call spelling alone is not effect evidence.,,crates/perry-runtime/src/typed_feedback/guards.rs:1122,crates/perry-codegen/src/runtime_decls/objects.rs:246,crates/perry-codegen/src/lower_call/early_branches.rs:681,1,1,,,,1661,335,1576,1661,335,1576,1663,0,0
js_typed_feedback_maybe_dump_trace,unreviewed,CannotCollect,unclear,unclear,unclear,unclear,Not transitively audited in this finite first pass; declaration or literal call spelling alone is not effect evidence.,,crates/perry-runtime/src/typed_feedback/trace.rs:319,crates/perry-codegen/src/runtime_decls/mod.rs:44,,1,0,,,,1,0,0,2,0,0,2,0,0
js_typed_feedback_native_call_method_by_id,reviewed,Unknown,may allocate,may,may,may,"Dynamic dispatch can invoke arbitrary generated JS, Proxy apply/get, accessor or native constructor routes; plain successful RegExp.test arm does not cover whole dispatcher. by-id/feedback wrappers ultimately forward to same method dispatcher.","closure/dispatch/value_call.rs:31-106; object/native_call_method.rs:500-536,660,1206; typed_feedback/guards.rs:853-917",crates/perry-runtime/src/typed_feedback/guards.rs:903,crates/perry-codegen/src/runtime_decls/objects.rs:220,crates/perry-codegen/src/lower_call/console_promise.rs:775,1,1,,,,33190,32857,204181,33188,32855,204188,33289,0,0
js_typed_feedback_numeric_array_index_get_guard,unreviewed,CannotCollect,unclear,unclear,unclear,unclear,Not transitively audited in this finite first pass; declaration or literal call spelling alone is not effect evidence.,,crates/perry-runtime/src/typed_feedback.rs:2003,crates/perry-codegen/src/module.rs:1655;crates/perry-codegen/src/runtime_decls/objects.rs:395,crates/perry-codegen/src/expr/index_get/guarded_array.rs:451;crates/perry-codegen/src/stmt/loops.rs:953,2,2,,,,32,0,0,32,0,0,32,0,0
js_typed_feedback_numeric_array_index_set_guard,unreviewed,CannotCollect,unclear,unclear,unclear,unclear,Not transitively audited in this finite first pass; declaration or literal call spelling alone is not effect evidence.,,crates/perry-runtime/src/typed_feedback.rs:2496,crates/perry-codegen/src/runtime_decls/objects.rs:464,crates/perry-codegen/src/expr/index_set.rs:1009;crates/perry-codegen/src/expr/index_set_packed_loop.rs:342,1,2,,,,40,0,0,40,0,0,40,0,0
js_typed_feedback_object_get_field_by_name_f64,unreviewed,Unknown,unclear,unclear,unclear,unclear,Not transitively audited in this finite first pass; declaration or literal call spelling alone is not effect evidence.,,crates/perry-runtime/src/typed_feedback.rs:1030,crates/perry-codegen/src/runtime_decls/objects.rs:164,crates/perry-codegen/src/expr/index_get.rs:1770;crates/perry-codegen/src/expr/index_get.rs:1824;crates/perry-codegen/src/expr/property_get/generic_dispatch.rs:284,1,3,,,,244,242,889,244,242,889,245,0,0
js_typed_feedback_object_get_field_by_value_f64,unreviewed,Unknown,unclear,unclear,unclear,unclear,Not transitively audited in this finite first pass; declaration or literal call spelling alone is not effect evidence.,,crates/perry-runtime/src/typed_feedback.rs:983,crates/perry-codegen/src/runtime_decls/strings.rs:716,crates/perry-codegen/src/expr/index_get.rs:1931,1,1,,,,1267,1259,5546,1267,1259,5546,1653,0,0
js_typed_feedback_object_set_index_polymorphic,unreviewed,Unknown,unclear,unclear,unclear,unclear,Not transitively audited in this finite first pass; declaration or literal call spelling alone is not effect evidence.,,crates/perry-runtime/src/typed_feedback.rs:2765,crates/perry-codegen/src/runtime_decls/objects.rs:496,crates/perry-codegen/src/expr/index_set.rs:1654,1,1,,,,25,7,87,25,7,87,26,0,0
js_typed_feedback_plain_array_index_set_guard,unreviewed,CannotCollect,unclear,unclear,unclear,unclear,Not transitively audited in this finite first pass; declaration or literal call spelling alone is not effect evidence.,,crates/perry-runtime/src/typed_feedback.rs:2448,crates/perry-codegen/src/runtime_decls/objects.rs:459,,1,0,,,,153,0,0,153,0,0,160,0,0
js_u8_buffer_read_f64,unreviewed,Unknown,unclear,unclear,unclear,unclear,Not transitively audited in this finite first pass; declaration or literal call spelling alone is not effect evidence.,,crates/perry-runtime/src/typedarray/access.rs:238,crates/perry-codegen/src/runtime_decls/strings_part2.rs:114,crates/perry-codegen/src/expr/u8_buffer_read.rs:218,1,1,,,,41,41,153,41,41,153,41,0,0
js_uint8array_alloc,unreviewed,Unknown,unclear,unclear,unclear,unclear,Not transitively audited in this finite first pass; declaration or literal call spelling alone is not effect evidence.,,crates/perry-runtime/src/buffer/from.rs:544,crates/perry-codegen/src/runtime_decls/strings_part2.rs:87,crates/perry-codegen/src/expr/arrays_finds.rs:869;crates/perry-codegen/src/expr/arrays_finds.rs:879;crates/perry-codegen/src/expr/arrays_finds.rs:887,1,3,,,,41,41,74,41,41,74,41,0,0
js_uint8array_from_array,unreviewed,Unknown,unclear,unclear,unclear,unclear,Not transitively audited in this finite first pass; declaration or literal call spelling alone is not effect evidence.,,crates/perry-runtime/src/buffer/from.rs:479,crates/perry-codegen/src/runtime_decls/strings_part2.rs:85,crates/perry-codegen/src/expr/instance_misc1.rs:942,1,1,,,,15,15,30,15,15,30,15,0,0
js_uint8array_get,unreviewed,Unknown,unclear,unclear,unclear,unclear,Not transitively audited in this finite first pass; declaration or literal call spelling alone is not effect evidence.,,crates/perry-runtime/src/typedarray/access.rs:650,crates/perry-codegen/src/runtime_decls/strings_part2.rs:125,crates/perry-codegen/src/expr/arrays_finds.rs:267,1,1,,,,13,13,33,10,10,33,10,0,0
js_uint8array_index_get_value,unreviewed,Unknown,unclear,unclear,unclear,unclear,Not transitively audited in this finite first pass; declaration or literal call spelling alone is not effect evidence.,,crates/perry-runtime/src/typedarray/access.rs:698,crates/perry-codegen/src/runtime_decls/strings_part2.rs:126,crates/perry-codegen/src/expr/arrays_finds.rs:994;crates/perry-codegen/src/expr/index_get.rs:1341,1,2,,,,12,12,69,12,12,69,12,0,0
js_uint8array_new,unreviewed,Unknown,unclear,unclear,unclear,unclear,Not transitively audited in this finite first pass; declaration or literal call spelling alone is not effect evidence.,,crates/perry-runtime/src/buffer/from.rs:576,crates/perry-codegen/src/runtime_decls/strings_part2.rs:90,crates/perry-codegen/src/expr/arrays_finds.rs:901,1,1,,,,138,138,271,138,138,271,138,0,0
js_uint8array_set,unreviewed,Unknown,unclear,unclear,unclear,unclear,Not transitively audited in this finite first pass; declaration or literal call spelling alone is not effect evidence.,,crates/perry-runtime/src/typedarray/access.rs:735,crates/perry-codegen/src/runtime_decls/strings_part2.rs:127,crates/perry-codegen/src/expr/arrays_finds.rs:1128,1,1,,,,112,112,324,109,109,324,109,0,0
js_uint8array_view,unreviewed,Unknown,unclear,unclear,unclear,unclear,Not transitively audited in this finite first pass; declaration or literal call spelling alone is not effect evidence.,,crates/perry-runtime/src/buffer/from.rs:678,crates/perry-codegen/src/runtime_decls/strings_part2.rs:93,crates/perry-codegen/src/lower_call/builtin.rs:295,1,1,,,,58,58,285,58,58,285,58,0,0
js_unsettled_top_level_await_exit,unreviewed,Unknown,unclear,unclear,unclear,unclear,Not transitively audited in this finite first pass; declaration or literal call spelling alone is not effect evidence.,,crates/perry-runtime/src/event_pump.rs:690,crates/perry-codegen/src/runtime_decls/strings_part2.rs:744,crates/perry-codegen/src/expr/fs_await.rs:263,1,1,,,,307,289,294,337,289,294,337,0,0
js_url_can_parse,unreviewed,Unknown,unclear,unclear,unclear,unclear,Not transitively audited in this finite first pass; declaration or literal call spelling alone is not effect evidence.,,crates/perry-runtime/src/url/url_class.rs:522,crates/perry-codegen/src/runtime_decls/stdlib_ffi/web.rs:42,crates/perry-codegen/src/expr/url_main.rs:214,1,1,,,,1,1,2,1,1,2,1,0,0
js_url_coerce_string,unreviewed,Unknown,unclear,unclear,unclear,unclear,Not transitively audited in this finite first pass; declaration or literal call spelling alone is not effect evidence.,,crates/perry-runtime/src/url/mod.rs:116,crates/perry-codegen/src/runtime_decls/stdlib_ffi/web.rs:93,crates/perry-codegen/src/expr/url_main.rs:105;crates/perry-codegen/src/expr/url_main.rs:211;crates/perry-codegen/src/expr/url_main.rs:278,1,3,,,,240,240,1141,240,240,1141,240,0,0
js_url_file_url_to_path,unreviewed,Unknown,unclear,unclear,unclear,unclear,Not transitively audited in this finite first pass; declaration or literal call spelling alone is not effect evidence.,,crates/perry-runtime/src/url/node_compat.rs:472,crates/perry-codegen/src/runtime_decls/stdlib_ffi/web.rs:25,crates/perry-codegen/src/expr/url_main.rs:46,1,1,,,,11,11,16,11,11,16,11,0,0
js_url_get_href,unreviewed,Unknown,unclear,unclear,unclear,unclear,Not transitively audited in this finite first pass; declaration or literal call spelling alone is not effect evidence.,,crates/perry-runtime/src/url/url_class.rs:256,crates/perry-codegen/src/runtime_decls/stdlib_ffi/web.rs:30,,1,0,,,,2,2,5,2,2,5,2,0,0
js_url_get_search_params,unreviewed,Unknown,unclear,unclear,unclear,unclear,Not transitively audited in this finite first pass; declaration or literal call spelling alone is not effect evidence.,,crates/perry-runtime/src/url/url_class.rs:675,crates/perry-codegen/src/runtime_decls/stdlib_ffi/web.rs:36,,1,0,,,,4,4,8,4,4,8,4,0,0
js_url_legacy_parse,unreviewed,Unknown,unclear,unclear,unclear,unclear,Not transitively audited in this finite first pass; declaration or literal call spelling alone is not effect evidence.,,crates/perry-runtime/src/url/node_compat.rs:921,crates/perry-codegen/src/runtime_decls/stdlib_ffi/web.rs:100,,1,0,,,,2,2,6,2,2,6,2,0,0
js_url_new,unreviewed,Unknown,unclear,unclear,unclear,unclear,Not transitively audited in this finite first pass; declaration or literal call spelling alone is not effect evidence.,,crates/perry-runtime/src/url/url_class.rs:195,crates/perry-codegen/src/runtime_decls/stdlib_ffi/web.rs:37,crates/perry-codegen/src/expr/url_main.rs:106,1,1,,,,157,157,499,157,157,499,157,0,0
js_url_new_with_base,unreviewed,Unknown,unclear,unclear,unclear,unclear,Not transitively audited in this finite first pass; declaration or literal call spelling alone is not effect evidence.,,crates/perry-runtime/src/url/url_class.rs:215,crates/perry-codegen/src/runtime_decls/stdlib_ffi/web.rs:38,,1,0,,,,41,41,293,41,41,293,41,0,0
js_url_path_to_file_url,unreviewed,Unknown,unclear,unclear,unclear,unclear,Not transitively audited in this finite first pass; declaration or literal call spelling alone is not effect evidence.,,crates/perry-runtime/src/url/node_compat.rs:519,crates/perry-codegen/src/runtime_decls/stdlib_ffi/web.rs:94,,1,0,,,,11,11,41,11,11,41,11,0,0
js_url_search_params_append,unreviewed,Unknown,unclear,unclear,unclear,unclear,Not transitively audited in this finite first pass; declaration or literal call spelling alone is not effect evidence.,,crates/perry-runtime/src/url/search_params.rs:705,crates/perry-codegen/src/runtime_decls/stdlib_ffi/web.rs:59,crates/perry-codegen/src/expr/url_main.rs:489,1,1,,,,3,3,9,3,3,9,3,0,0
js_url_search_params_delete,unreviewed,Unknown,unclear,unclear,unclear,unclear,Not transitively audited in this finite first pass; declaration or literal call spelling alone is not effect evidence.,,crates/perry-runtime/src/url/search_params.rs:737,crates/perry-codegen/src/runtime_decls/stdlib_ffi/web.rs:60,crates/perry-codegen/src/expr/url_main.rs:535,1,1,,,,2,2,6,2,2,6,2,0,0
js_url_search_params_get,unreviewed,Unknown,unclear,unclear,unclear,unclear,Not transitively audited in this finite first pass; declaration or literal call spelling alone is not effect evidence.,,crates/perry-runtime/src/url/search_params.rs:619,crates/perry-codegen/src/runtime_decls/stdlib_ffi/web.rs:61,crates/perry-codegen/src/expr/url_main.rs:370,1,1,,,,2,2,1,2,2,1,2,0,0
js_url_search_params_has,unreviewed,Unknown,unclear,unclear,unclear,unclear,Not transitively audited in this finite first pass; declaration or literal call spelling alone is not effect evidence.,,crates/perry-runtime/src/url/search_params.rs:640,crates/perry-codegen/src/runtime_decls/stdlib_ffi/web.rs:63,crates/perry-codegen/src/expr/url_main.rs:423,1,1,,,,2,2,7,2,2,7,2,0,0
js_url_search_params_new_any,unreviewed,Unknown,unclear,unclear,unclear,unclear,Not transitively audited in this finite first pass; declaration or literal call spelling alone is not effect evidence.,,crates/perry-runtime/src/url/search_params.rs:443,crates/perry-codegen/src/runtime_decls/stdlib_ffi/web.rs:67,crates/perry-codegen/src/expr/url_main.rs:336,1,1,,,,15,15,40,15,15,40,15,0,0
js_url_search_params_new_empty,unreviewed,Unknown,unclear,unclear,unclear,unclear,Not transitively audited in this finite first pass; declaration or literal call spelling alone is not effect evidence.,,crates/perry-runtime/src/url/search_params.rs:425,crates/perry-codegen/src/runtime_decls/stdlib_ffi/web.rs:68,crates/perry-codegen/src/expr/url_main.rs:338,1,1,,,,2,2,4,2,2,4,2,0,0
js_url_search_params_set,unreviewed,Unknown,unclear,unclear,unclear,unclear,Not transitively audited in this finite first pass; declaration or literal call spelling alone is not effect evidence.,,crates/perry-runtime/src/url/search_params.rs:655,crates/perry-codegen/src/runtime_decls/stdlib_ffi/web.rs:76,crates/perry-codegen/src/expr/url_main.rs:460,1,1,,,,12,12,38,12,12,38,12,0,0
js_url_search_params_sort,unreviewed,Unknown,unclear,unclear,unclear,unclear,Not transitively audited in this finite first pass; declaration or literal call spelling alone is not effect evidence.,,crates/perry-runtime/src/url/search_params.rs:898,crates/perry-codegen/src/runtime_decls/stdlib_ffi/web.rs:85,crates/perry-codegen/src/expr/url_main.rs:588,1,1,,,,1,1,2,1,1,2,1,0,0
js_url_search_params_to_string,unreviewed,Unknown,unclear,unclear,unclear,unclear,Not transitively audited in this finite first pass; declaration or literal call spelling alone is not effect evidence.,,crates/perry-runtime/src/url/search_params.rs:838,crates/perry-codegen/src/runtime_decls/stdlib_ffi/web.rs:77,crates/perry-codegen/src/expr/url_main.rs:552,1,1,,,,5,5,13,5,5,13,5,0,0
js_url_set_hash,unreviewed,Unknown,unclear,unclear,unclear,unclear,Not transitively audited in this finite first pass; declaration or literal call spelling alone is not effect evidence.,,crates/perry-runtime/src/url/url_class.rs:496,crates/perry-codegen/src/runtime_decls/stdlib_ffi/web.rs:49,,1,0,,,,2,2,4,2,2,4,2,0,0
js_url_set_password,unreviewed,Unknown,unclear,unclear,unclear,unclear,Not transitively audited in this finite first pass; declaration or literal call spelling alone is not effect evidence.,,crates/perry-runtime/src/url/url_class.rs:401,crates/perry-codegen/src/runtime_decls/stdlib_ffi/web.rs:54,,1,0,,,,2,2,3,2,2,3,2,0,0
js_url_set_pathname,unreviewed,Unknown,unclear,unclear,unclear,unclear,Not transitively audited in this finite first pass; declaration or literal call spelling alone is not effect evidence.,,crates/perry-runtime/src/url/url_class.rs:270,crates/perry-codegen/src/runtime_decls/stdlib_ffi/web.rs:47,,1,0,,,,4,4,10,4,4,10,4,0,0
js_url_set_protocol,unreviewed,Unknown,unclear,unclear,unclear,unclear,Not transitively audited in this finite first pass; declaration or literal call spelling alone is not effect evidence.,,crates/perry-runtime/src/url/url_class.rs:329,crates/perry-codegen/src/runtime_decls/stdlib_ffi/web.rs:50,,1,0,,,,2,2,8,2,2,8,2,0,0
js_url_set_search,unreviewed,Unknown,unclear,unclear,unclear,unclear,Not transitively audited in this finite first pass; declaration or literal call spelling alone is not effect evidence.,,crates/perry-runtime/src/url/url_class.rs:294,crates/perry-codegen/src/runtime_decls/stdlib_ffi/web.rs:48,,1,0,,,,10,10,43,10,10,43,10,0,0
js_url_set_username,unreviewed,Unknown,unclear,unclear,unclear,unclear,Not transitively audited in this finite first pass; declaration or literal call spelling alone is not effect evidence.,,crates/perry-runtime/src/url/url_class.rs:388,crates/perry-codegen/src/runtime_decls/stdlib_ffi/web.rs:53,,1,0,,,,2,2,3,2,2,3,2,0,0
js_util_debuglog,unreviewed,Unknown,unclear,unclear,unclear,unclear,Not transitively audited in this finite first pass; declaration or literal call spelling alone is not effect evidence.,,crates/perry-runtime/src/util_debuglog.rs:232,crates/perry-codegen/src/runtime_decls/strings.rs:822,,1,0,,,,1,0,0,1,0,0,1,0,0
js_util_inspect,unreviewed,Unknown,unclear,unclear,unclear,unclear,Not transitively audited in this finite first pass; declaration or literal call spelling alone is not effect evidence.,,crates/perry-runtime/src/builtins/formatting/util_format.rs:509,crates/perry-codegen/src/runtime_decls/strings.rs:821,,1,0,,,,3,3,0,3,3,0,3,0,0
js_util_is_deep_strict_equal,unreviewed,Unknown,unclear,unclear,unclear,unclear,Not transitively audited in this finite first pass; declaration or literal call spelling alone is not effect evidence.,,crates/perry-runtime/src/builtins/formatting/deep_equal.rs:83,crates/perry-codegen/src/runtime_decls/strings.rs:825,,1,0,,,,3,3,37,3,3,37,3,0,0
js_util_promisify,unreviewed,Unknown,unclear,unclear,unclear,unclear,Not transitively audited in this finite first pass; declaration or literal call spelling alone is not effect evidence.,,crates/perry-runtime/src/util_promisify.rs:178,crates/perry-codegen/src/runtime_decls/strings.rs:829,,1,0,,,,8,5,6,8,5,6,8,0,0
js_util_types_is_array_buffer_view,unreviewed,Unknown,unclear,unclear,unclear,unclear,Not transitively audited in this finite first pass; declaration or literal call spelling alone is not effect evidence.,,crates/perry-runtime/src/object/util_types.rs:197,crates/perry-codegen/src/runtime_decls/strings.rs:846,,1,0,,,,29,29,114,29,29,114,29,0,0
js_v8_get_heap_snapshot,unreviewed,Unknown,unclear,unclear,unclear,unclear,Not transitively audited in this finite first pass; declaration or literal call spelling alone is not effect evidence.,,crates/perry-runtime/src/node_v8.rs:361,crates/perry-codegen/src/runtime_decls/strings.rs:934,,1,0,,,,1,1,3,1,1,3,1,0,0
js_v8_get_heap_space_statistics,unreviewed,Unknown,unclear,unclear,unclear,unclear,Not transitively audited in this finite first pass; declaration or literal call spelling alone is not effect evidence.,,crates/perry-runtime/src/node_v8.rs:295,crates/perry-codegen/src/runtime_decls/strings.rs:932,,1,0,,,,1,1,3,1,1,3,1,0,0
js_v8_get_heap_statistics,unreviewed,Unknown,unclear,unclear,unclear,unclear,Not transitively audited in this finite first pass; declaration or literal call spelling alone is not effect evidence.,,crates/perry-runtime/src/node_v8.rs:249,crates/perry-codegen/src/runtime_decls/strings.rs:930,,1,0,,,,1,1,3,1,1,3,1,0,0
js_validate_array_callback,unreviewed,Unknown,unclear,unclear,unclear,unclear,Not transitively audited in this finite first pass; declaration or literal call spelling alone is not effect evidence.,,crates/perry-runtime/src/array/iter_methods.rs:1513,crates/perry-codegen/src/runtime_decls/strings.rs:1296,crates/perry-codegen/src/expr/arrays_finds.rs:412;crates/perry-codegen/src/expr/bigint_set.rs:543;crates/perry-codegen/src/expr/logical_collections.rs:433;crates/perry-codegen/src/expr/logical_collections.rs:593;crates/perry-codegen/src/expr/logical_collections.rs:609;crates/perry-codegen/src/expr/misc_methods.rs:656;crates/perry-codegen/src/expr/string_regex_proc.rs:314;crates/perry-codegen/src/lower_array_method.rs:263;crates/perry-codegen/src/lower_array_method.rs:428;crates/perry-codegen/src/lower_array_method.rs:462;crates/perry-codegen/src/lower_array_method.rs:492;crates/perry-codegen/src/lower_array_method.rs:506;crates/perry-codegen/src/lower_array_method.rs:519;crates/perry-codegen/src/lower_array_method.rs:545;crates/perry-codegen/src/lower_array_method.rs:576;crates/perry-codegen/src/lower_array_method.rs:649;crates/perry-codegen/src/lower_array_method.rs:680,1,17,,,,994,979,3705,994,979,3705,995,0,0
js_validate_array_comparator,unreviewed,AllocNoReentry,unclear,unclear,unclear,unclear,Not transitively audited in this finite first pass; declaration or literal call spelling alone is not effect evidence.,,crates/perry-runtime/src/array/sort.rs:597,crates/perry-codegen/src/runtime_decls/strings.rs:1291,crates/perry-codegen/src/expr/bigint_set.rs:512;crates/perry-codegen/src/expr/os_uri_dates.rs:324;crates/perry-codegen/src/lower_array_method.rs:345,1,3,,,,167,167,772,167,167,772,167,0,0
js_validate_array_map_callback,unreviewed,AllocNoReentry,unclear,unclear,unclear,unclear,Not transitively audited in this finite first pass; declaration or literal call spelling alone is not effect evidence.,,crates/perry-runtime/src/array/iter_methods.rs:1529,crates/perry-codegen/src/runtime_decls/strings.rs:1297,crates/perry-codegen/src/expr/math_simple.rs:523;crates/perry-codegen/src/lower_array_method.rs:614;crates/perry-codegen/src/stmt/unused_expr.rs:43,1,3,,,,497,491,2443,497,491,2443,497,0,0
js_value_concat_string,unreviewed,Unknown,unclear,unclear,unclear,unclear,Not transitively audited in this finite first pass; declaration or literal call spelling alone is not effect evidence.,,crates/perry-runtime/src/string/concat.rs:1461,crates/perry-codegen/src/runtime_decls/strings.rs:35,crates/perry-codegen/src/lower_string_concat.rs:607,1,1,,,,9,9,11,9,9,11,9,0,0
js_value_is_promise,unreviewed,Unknown,unclear,unclear,unclear,unclear,Not transitively audited in this finite first pass; declaration or literal call spelling alone is not effect evidence.,,crates/perry-runtime/src/promise/combinators.rs:273,crates/perry-codegen/src/runtime_decls/strings_part2.rs:708,crates/perry-codegen/src/expr/fs_await.rs:136,1,1,,,,337,289,612,337,289,612,337,0,0
js_value_length_property_f64,reviewed,Unknown,may allocate,may,may,may,"Complete getter/IC route can delegate to Proxy traps, accessor callbacks, native property synthesis or allocating property materialization. IC hit/read-only arms do not certify misses; retain may-GC.","object/field_get_set/get_field_by_name.rs:26-112; object/field_get_set/ic_miss.rs:9-51,535,1144; value/dynamic_object.rs:19,254,275; proxy/get.rs:7-77",crates/perry-runtime/src/value/dynamic_object.rs:254,crates/perry-codegen/src/runtime_decls/arrays.rs:115,crates/perry-codegen/src/expr/property_get.rs:283;crates/perry-codegen/src/expr/property_get.rs:349;crates/perry-codegen/src/expr/string_length.rs:62,1,3,,,,43,43,178,43,43,178,43,0,0
js_value_length_property_ic_f64,reviewed,Unknown,may allocate,may,may,may,"Complete getter/IC route can delegate to Proxy traps, accessor callbacks, native property synthesis or allocating property materialization. IC hit/read-only arms do not certify misses; retain may-GC.","object/field_get_set/get_field_by_name.rs:26-112; object/field_get_set/ic_miss.rs:9-51,535,1144; value/dynamic_object.rs:19,254,275; proxy/get.rs:7-77",crates/perry-runtime/src/value/dynamic_object.rs:275,crates/perry-codegen/src/runtime_decls/arrays.rs:116,crates/perry-codegen/src/expr/property_get/composed_ics.rs:423,1,1,,,,1699,1688,8406,1702,1691,8414,1712,0,0
js_value_to_locale_string,unreviewed,Unknown,unclear,unclear,unclear,unclear,Not transitively audited in this finite first pass; declaration or literal call spelling alone is not effect evidence.,,crates/perry-runtime/src/object/native_call_method/object_proto.rs:298,crates/perry-codegen/src/runtime_decls/stdlib_ffi/language_core.rs:22,crates/perry-codegen/src/expr/env_clones.rs:78,1,1,,,,13,13,100,13,13,100,13,0,0
js_value_to_str_ptr_for_ffi,unreviewed,Unknown,unclear,unclear,unclear,unclear,Not transitively audited in this finite first pass; declaration or literal call spelling alone is not effect evidence.,,crates/perry-runtime/src/value/to_string.rs:582,crates/perry-codegen/src/runtime_decls/strings.rs:1334,crates/perry-codegen/src/lower_call/native_module_dispatch.rs:131,1,1,,,,33,33,66,33,33,66,33,0,0
js_value_to_string_with_encoding_or_radix,unreviewed,Unknown,unclear,unclear,unclear,unclear,Not transitively audited in this finite first pass; declaration or literal call spelling alone is not effect evidence.,,crates/perry-runtime/src/buffer/encode.rs:197,crates/perry-codegen/src/runtime_decls/strings.rs:1663,crates/perry-codegen/src/lower_call/property_get/number_string.rs:139,1,1,,,,162,162,407,162,162,407,162,0,0
js_value_typeof,unreviewed,Unknown,unclear,unclear,unclear,unclear,Not transitively audited in this finite first pass; declaration or literal call spelling alone is not effect evidence.,,crates/perry-runtime/src/builtins/arithmetic.rs:838,crates/perry-codegen/src/runtime_decls/strings.rs:169,crates/perry-codegen/src/expr/literals_vars.rs:452,1,1,,,,2958,2919,9208,2961,2922,9215,2964,0,0
js_value_typeof_tag,reviewed,Unknown,unclear,unclear,unclear,unclear,"V2 resolves bundled stream target as native mutex/map reads only, but whole export remains unclear: JS_HANDLE calls registered JsHandleTypeofFn through js_handle_is_function; no in-repository implementation/registration target found for js_set_handle_typeof. Stream kind registration is also an open native function-pointer setter, not a sealed compiler effect contract. No unconditional leaf claim from bundled default target alone.",builtins/arithmetic.rs:688-828; value/handle.rs:161-176; value/tags.rs:120; object/class_handles.rs:559-572; crates/perry-stdlib/src/common/dispatch/init.rs:798-811; crates/perry-stdlib/src/streams/subclass.rs:98-132,crates/perry-runtime/src/builtins/arithmetic.rs:826,crates/perry-codegen/src/runtime_decls/strings.rs:172,crates/perry-codegen/src/expr/compare.rs:997;crates/perry-codegen/src/expr/compare.rs:1029,1,2,,,,4745,4575,17126,4746,4576,17133,4756,0,0
js_vm_create_context,unreviewed,Unknown,unclear,unclear,unclear,unclear,Not transitively audited in this finite first pass; declaration or literal call spelling alone is not effect evidence.,,crates/perry-runtime/src/object/native_module.rs:199,crates/perry-codegen/src/runtime_decls/stdlib_ffi/net_http.rs:9,,1,0,,,,1,1,10,1,1,10,1,0,0
js_wait_for_event,unreviewed,Unknown,unclear,unclear,unclear,unclear,Not transitively audited in this finite first pass; declaration or literal call spelling alone is not effect evidence.,,crates/perry-runtime/src/event_pump.rs:544,crates/perry-codegen/src/runtime_decls/strings_part2.rs:740,crates/perry-codegen/src/codegen/entry.rs:1351;crates/perry-codegen/src/expr/fs_await.rs:273,1,2,,,,338,290,612,338,290,612,338,0,0
js_weakmap_new,unreviewed,Unknown,unclear,unclear,unclear,unclear,Not transitively audited in this finite first pass; declaration or literal call spelling alone is not effect evidence.,,crates/perry-runtime/src/weakref.rs:1379,crates/perry-codegen/src/runtime_decls/strings.rs:1643,crates/perry-codegen/src/lower_call/builtin.rs:1819,1,1,,,,108,103,272,108,103,272,108,0,0
js_weakref_deref,unreviewed,Unknown,unclear,unclear,unclear,unclear,Not transitively audited in this finite first pass; declaration or literal call spelling alone is not effect evidence.,,crates/perry-runtime/src/weakref.rs:433,crates/perry-codegen/src/runtime_decls/strings_part2.rs:425,crates/perry-codegen/src/expr/arrays_finds.rs:850,1,1,,,,3,3,7,3,3,7,3,0,0
js_weakref_new,unreviewed,Unknown,unclear,unclear,unclear,unclear,Not transitively audited in this finite first pass; declaration or literal call spelling alone is not effect evidence.,,crates/perry-runtime/src/weakref.rs:409,crates/perry-codegen/src/runtime_decls/strings_part2.rs:424,crates/perry-codegen/src/expr/env_clones.rs:404,1,1,,,,33,33,226,33,33,226,36,0,0
js_weakset_new,unreviewed,Unknown,unclear,unclear,unclear,unclear,Not transitively audited in this finite first pass; declaration or literal call spelling alone is not effect evidence.,,crates/perry-runtime/src/weakref.rs:1768,crates/perry-codegen/src/runtime_decls/strings.rs:1644,crates/perry-codegen/src/lower_call/builtin.rs:1845,1,1,,,,12,12,16,12,12,16,12,0,0
js_webassembly_compile,unreviewed,Unknown,unclear,unclear,unclear,unclear,Not transitively audited in this finite first pass; declaration or literal call spelling alone is not effect evidence.,,crates/perry-runtime/src/webassembly.rs:518,crates/perry-codegen/src/runtime_decls/strings.rs:781,crates/perry-codegen/src/expr/math_simple.rs:1111,1,1,,,,2,2,6,2,2,6,2,0,0
js_webassembly_instantiate,unreviewed,Unknown,unclear,unclear,unclear,unclear,Not transitively audited in this finite first pass; declaration or literal call spelling alone is not effect evidence.,,crates/perry-runtime/src/webassembly.rs:1526,crates/perry-codegen/src/runtime_decls/strings.rs:790,crates/perry-codegen/src/expr/math_simple.rs:1146,1,1,,,,1,1,3,1,1,3,1,0,0
js_webassembly_module_new,unreviewed,Unknown,unclear,unclear,unclear,unclear,Not transitively audited in this finite first pass; declaration or literal call spelling alone is not effect evidence.,,crates/perry-runtime/src/webassembly.rs:506,crates/perry-codegen/src/runtime_decls/strings.rs:782,crates/perry-codegen/src/expr/math_simple.rs:1117,1,1,,,,2,2,14,2,2,14,2,0,0
js_write_barrier,unreviewed,CannotCollect,unclear,unclear,unclear,unclear,Not transitively audited in this finite first pass; declaration or literal call spelling alone is not effect evidence.,,crates/perry-runtime/src/gc/barrier/mod.rs:1234,crates/perry-codegen/src/runtime_decls/arrays.rs:179,crates/perry-codegen/src/expr/write_barrier.rs:78,1,1,,,,63527,45824,144729,63686,45864,144851,84293,0,0
js_write_barrier_root_heap_word,unreviewed,CannotCollect,unclear,unclear,unclear,unclear,Not transitively audited in this finite first pass; declaration or literal call spelling alone is not effect evidence.,,crates/perry-runtime/src/gc/barrier/mod.rs:1928,crates/perry-codegen/src/runtime_decls/arrays.rs:190,crates/perry-codegen/src/expr/write_barrier.rs:347,1,1,,,,17957,0,0,17957,0,0,17957,0,0
js_write_barrier_root_nanbox,unreviewed,CannotCollect,unclear,unclear,unclear,unclear,Not transitively audited in this finite first pass; declaration or literal call spelling alone is not effect evidence.,,crates/perry-runtime/src/gc/barrier/mod.rs:1933,crates/perry-codegen/src/runtime_decls/arrays.rs:189,crates/perry-codegen/src/block.rs:1739;crates/perry-codegen/src/expr/shadow_inline.rs:282;crates/perry-codegen/src/expr/shadow_slot.rs:353;crates/perry-codegen/src/expr/write_barrier.rs:337,1,4,,,,532333,97323,656652,534032,97440,657296,535659,0,0
js_write_barrier_slot,unreviewed,CannotCollect,unclear,unclear,unclear,unclear,Not transitively audited in this finite first pass; declaration or literal call spelling alone is not effect evidence.,,crates/perry-runtime/src/gc/barrier_store.rs:206,crates/perry-codegen/src/runtime_decls/arrays.rs:180,crates/perry-codegen/src/expr/write_barrier.rs:92,1,1,,,,42607,3043,12283,42636,3043,12283,47004,0,0
js_write_barrier_slot_validated_parent,unreviewed,CannotCollect,unclear,unclear,unclear,unclear,Not transitively audited in this finite first pass; declaration or literal call spelling alone is not effect evidence.,,crates/perry-runtime/src/gc/barrier_store.rs:225,crates/perry-codegen/src/runtime_decls/arrays.rs:184,crates/perry-codegen/src/expr/write_barrier.rs:230;crates/perry-codegen/src/expr/write_barrier.rs:323,1,2,,,,92848,19909,91712,93261,20014,92339,99342,0,0
js_ws_connect_start,unreviewed,Unknown,unclear,unclear,unclear,unclear,Not transitively audited in this finite first pass; declaration or literal call spelling alone is not effect evidence.,,crates/perry-runtime/src/stdlib_stubs.rs:57,crates/perry-codegen/src/runtime_decls/stdlib_ffi/web.rs:107,crates/perry-codegen/src/lower_call/builtin.rs:1915,1,1,,,,7,7,23,7,7,23,7,0,0
perry_transition_cache_base,unreviewed,CannotCollect,unclear,unclear,unclear,unclear,Not transitively audited in this finite first pass; declaration or literal call spelling alone is not effect evidence.,,crates/perry-runtime/src/object/mod.rs:778,crates/perry-codegen/src/runtime_decls/objects.rs:529,,1,0,,,,6831,0,0,6831,0,0,6831,0,0
setInterval,unreviewed,Unknown,unclear,unclear,unclear,unclear,Not transitively audited in this finite first pass; declaration or literal call spelling alone is not effect evidence.,,crates/perry-runtime/src/timer.rs:1625,crates/perry-codegen/src/runtime_decls/strings_part2.rs:815,crates/perry-codegen/src/lower_call/extern_timers.rs:248;crates/perry-codegen/src/lower_call/namespace_call.rs:153,1,2,,,,43,42,54,43,42,54,43,0,0
