phase,scope,category,dso,symbol,metadata_join,pgcm_function_ids,samples,period
between_phases,main_thread,compiled_function_prefix,/root/cc-perf-native-recv-0909/gc-leaf-census-20260911/compile-v2/cc-diagnostic,perry_closure_cli_2_1_112_js__42821,exact_start_and_symbol,16:3,135,699200344
between_phases,main_thread,other_application_symbol,/root/cc-perf-native-recv-0909/gc-leaf-census-20260911/compile-v2/cc-diagnostic,<perry_runtime::gc::trace::ValidPointerSet>::contains,no_pgcm_function_at_start,,91,475813540
between_phases,main_thread,other_application_symbol,/root/cc-perf-native-recv-0909/gc-leaf-census-20260911/compile-v2/cc-diagnostic,trunc,no_pgcm_function_at_start,,91,469081961
between_phases,main_thread,other_application_symbol,/root/cc-perf-native-recv-0909/gc-leaf-census-20260911/compile-v2/cc-diagnostic,perry_runtime::buffer::header::is_registered_buffer_slow,no_pgcm_function_at_start,,90,463241540
between_phases,main_thread,other_application_symbol,/root/cc-perf-native-recv-0909/gc-leaf-census-20260911/compile-v2/cc-diagnostic,perry_runtime::gc::trace::trace_heap_rewrite_slots::{closure#0}::{closure#0},no_pgcm_function_at_start,,83,440038720
between_phases,main_thread,runtime_helper_source_bound,/root/cc-perf-native-recv-0909/gc-leaf-census-20260911/compile-v2/cc-diagnostic,js_packed_arraylike_index_get,no_pgcm_function_at_start,,85,438646130
between_phases,main_thread,runtime_helper_source_bound,/root/cc-perf-native-recv-0909/gc-leaf-census-20260911/compile-v2/cc-diagnostic,js_dyn_index_get,no_pgcm_function_at_start,,68,352435965
between_phases,main_thread,other_application_symbol,/root/cc-perf-native-recv-0909/gc-leaf-census-20260911/compile-v2/cc-diagnostic,<perry_runtime::gc::layout::GcMutableSlotDescriptor>::visit_slots,no_pgcm_function_at_start,,66,349471770
between_phases,main_thread,other_application_symbol,/root/cc-perf-native-recv-0909/gc-leaf-census-20260911/compile-v2/cc-diagnostic,perry_runtime::buffer::header::is_array_buffer,no_pgcm_function_at_start,,67,346531007
between_phases,main_thread,runtime_helper_source_bound,/root/cc-perf-native-recv-0909/gc-leaf-census-20260911/compile-v2/cc-diagnostic,js_is_symbol,no_pgcm_function_at_start,,66,342025647
between_phases,main_thread,other_dso,/usr/lib/x86_64-linux-gnu/libc.so.6,__memmove_avx512_unaligned_erms,not_application_dso,,66,340837381
between_phases,main_thread,other_application_symbol,/root/cc-perf-native-recv-0909/gc-leaf-census-20260911/compile-v2/cc-diagnostic,<perry_runtime::arena::walk::ArenaObjectCursor>::next_budgeted,no_pgcm_function_at_start,,55,283857895
between_phases,main_thread,other_application_symbol,/root/cc-perf-native-recv-0909/gc-leaf-census-20260911/compile-v2/cc-diagnostic,compiler_builtins::math::libm_math::fmod::fmod,no_pgcm_function_at_start,,53,274717252
between_phases,main_thread,other_application_symbol,/root/cc-perf-native-recv-0909/gc-leaf-census-20260911/compile-v2/cc-diagnostic,perry_runtime::gc::trace::drain_trace_worklist_step,no_pgcm_function_at_start,,51,270119697
between_phases,main_thread,other_application_symbol,/root/cc-perf-native-recv-0909/gc-leaf-census-20260911/compile-v2/cc-diagnostic,perry_runtime::typedarray::lookup_registered_typed_array_kind,no_pgcm_function_at_start,,51,260349548
between_phases,main_thread,other_application_symbol,/root/cc-perf-native-recv-0909/gc-leaf-census-20260911/compile-v2/cc-diagnostic,perry_runtime::typedarray::typed_array_fast_index_get,no_pgcm_function_at_start,,49,250982488
between_phases,main_thread,runtime_helper_source_bound,/root/cc-perf-native-recv-0909/gc-leaf-census-20260911/compile-v2/cc-diagnostic,js_dyn_index_set_strict,no_pgcm_function_at_start,,43,222813826
command,main_thread,other_application_symbol,/root/cc-perf-native-recv-0909/gc-leaf-census-20260911/compile-v2/cc-diagnostic,perry_runtime::gc::malloc::gc_malloc_header_is_tracked,no_pgcm_function_at_start,,42,219470644
command,main_thread,runtime_helper_source_bound,/root/cc-perf-native-recv-0909/gc-leaf-census-20260911/compile-v2/cc-diagnostic,js_native_call_method,no_pgcm_function_at_start,,41,211700610
between_phases,main_thread,compiled_function_prefix,/root/cc-perf-native-recv-0909/gc-leaf-census-20260911/compile-v2/cc-diagnostic,perry_closure_cli_2_1_112_js__42817,exact_start_and_symbol,36:86,40,205917450
between_phases,main_thread,runtime_helper_source_bound,/root/cc-perf-native-recv-0909/gc-leaf-census-20260911/compile-v2/cc-diagnostic,js_dynamic_shl,no_pgcm_function_at_start,,38,196866938
between_phases,main_thread,other_application_symbol,/root/cc-perf-native-recv-0909/gc-leaf-census-20260911/compile-v2/cc-diagnostic,perry_runtime::buffer::header::is_registered_buffer,no_pgcm_function_at_start,,38,196588673
startup,main_thread,other_dso,/usr/lib/x86_64-linux-gnu/libc.so.6,__memmove_avx512_unaligned_erms,not_application_dso,,35,180778213
between_phases,main_thread,runtime_helper_source_bound,/root/cc-perf-native-recv-0909/gc-leaf-census-20260911/compile-v2/cc-diagnostic,js_number_coerce,no_pgcm_function_at_start,,34,175971948
between_phases,main_thread,other_application_symbol,/root/cc-perf-native-recv-0909/gc-leaf-census-20260911/compile-v2/cc-diagnostic,fmod,no_pgcm_function_at_start,,33,170079847
between_phases,main_thread,other_application_symbol,/root/cc-perf-native-recv-0909/gc-leaf-census-20260911/compile-v2/cc-diagnostic,<perry_runtime::gc::layout::HeapChildSlotIterator as core::iter::traits::iterator::Iterator>::next,no_pgcm_function_at_start,,28,147388571
between_phases,main_thread,other_application_symbol,/root/cc-perf-native-recv-0909/gc-leaf-census-20260911/compile-v2/cc-diagnostic,perry_runtime::arena::page_meta::old_page_account_swept_object,no_pgcm_function_at_start,,28,146584010
between_phases,main_thread,other_application_symbol,/root/cc-perf-native-recv-0909/gc-leaf-census-20260911/compile-v2/cc-diagnostic,perry_runtime::gc::layout_slot_visit::visit_gc_layout_slot_descriptors,no_pgcm_function_at_start,,27,142602713
command,main_thread,other_dso,/usr/lib/x86_64-linux-gnu/libc.so.6,__memmove_avx512_unaligned_erms,not_application_dso,,27,141033069
between_phases,main_thread,runtime_helper_source_bound,/root/cc-perf-native-recv-0909/gc-leaf-census-20260911/compile-v2/cc-diagnostic,js_dynamic_bitand,no_pgcm_function_at_start,,27,139065753
between_phases,main_thread,other_application_symbol,/root/cc-perf-native-recv-0909/gc-leaf-census-20260911/compile-v2/cc-diagnostic,<perry_runtime::gc::oldgen::IncrementalSweepState>::step,no_pgcm_function_at_start,,26,136536839
command,main_thread,runtime_helper_source_bound,/root/cc-perf-native-recv-0909/gc-leaf-census-20260911/compile-v2/cc-diagnostic,js_regexp_test,no_pgcm_function_at_start,,26,135592022
between_phases,main_thread,runtime_helper_source_bound,/root/cc-perf-native-recv-0909/gc-leaf-census-20260911/compile-v2/cc-diagnostic,js_dynamic_shr,no_pgcm_function_at_start,,25,129657833
startup,main_thread,other_application_symbol,/root/cc-perf-native-recv-0909/gc-leaf-census-20260911/compile-v2/cc-diagnostic,<perry_runtime::gc::copying::CopyingNurseryCollector>::mark_addr,no_pgcm_function_at_start,,24,122995815
between_phases,main_thread,compiled_function_prefix,/root/cc-perf-native-recv-0909/gc-leaf-census-20260911/compile-v2/cc-diagnostic,perry_closure_cli_2_1_112_js__42814,exact_start_and_symbol,74:14,23,119173582
between_phases,main_thread,other_application_symbol,/root/cc-perf-native-recv-0909/gc-leaf-census-20260911/compile-v2/cc-diagnostic,"<std::thread::local::LocalKey<core::cell::RefCell<std::collections::hash::map::HashMap<usize, perry_runtime::typedarray_view::ViewMeta, perry_runtime::fast_hash::PtrHasher>>>>::with::<perry_runtime::typedarray_view::view_meta_of::{closure#0}, core::option::Option<perry_runtime::typedarray_view::ViewMeta>>",no_pgcm_function_at_start,,23,119017411
startup,main_thread,runtime_helper_source_bound,/root/cc-perf-native-recv-0909/gc-leaf-census-20260911/compile-v2/cc-diagnostic,js_object_get_field_by_name,no_pgcm_function_at_start,,21,115870632
command,main_thread,other_application_symbol,/root/cc-perf-native-recv-0909/gc-leaf-census-20260911/compile-v2/cc-diagnostic,<unicode_segmentation::grapheme::GraphemeCursor>::next_boundary,no_pgcm_function_at_start,,22,114233231
startup,main_thread,other_application_symbol,/root/cc-perf-native-recv-0909/gc-leaf-census-20260911/compile-v2/cc-diagnostic,perry_runtime::object::descriptor_state::get_accessor_descriptor,no_pgcm_function_at_start,,22,114034376
command,main_thread,other_application_symbol,/root/cc-perf-native-recv-0909/gc-leaf-census-20260911/compile-v2/cc-diagnostic,perry_runtime::regex::js_regexp_new_impl,no_pgcm_function_at_start,,22,110985897
between_phases,main_thread,other_application_symbol,/root/cc-perf-native-recv-0909/gc-leaf-census-20260911/compile-v2/cc-diagnostic,perry_runtime::gc::layout_slot_visit::visit_gc_layout_slot_descriptors.specialized.1,no_pgcm_function_at_start,,21,110355538
startup,main_thread,other_application_symbol,/root/cc-perf-native-recv-0909/gc-leaf-census-20260911/compile-v2/cc-diagnostic,<perry_runtime::gc::copying::CopyingNurseryCollector>::visit_slot_with_parent,no_pgcm_function_at_start,,21,108987549
between_phases,main_thread,other_application_symbol,/root/cc-perf-native-recv-0909/gc-leaf-census-20260911/compile-v2/cc-diagnostic,perry_runtime::typedarray::data_ptr,no_pgcm_function_at_start,,21,108344098
between_phases,main_thread,other_application_symbol,/root/cc-perf-native-recv-0909/gc-leaf-census-20260911/compile-v2/cc-diagnostic,perry_runtime::gc::layout_slot_visit::visit_gc_rewrite_slot_descriptors::<perry_runtime::gc::layout_slot_visit::visit_gc_rewrite_slots<perry_runtime::gc::verify::restore_surviving_dirty_coverage::{closure#0}::{closure#0}>::{closure#0}>,no_pgcm_function_at_start,,20,105556274
between_phases,main_thread,other_application_symbol,/root/cc-perf-native-recv-0909/gc-leaf-census-20260911/compile-v2/cc-diagnostic,perry_runtime::buffer::access::read_buffer_byte,no_pgcm_function_at_start,,20,103676132
between_phases,main_thread,runtime_helper_source_bound,/root/cc-perf-native-recv-0909/gc-leaf-census-20260911/compile-v2/cc-diagnostic,js_numeric_step,no_pgcm_function_at_start,,20,101848075
command,main_thread,other_application_symbol,/root/cc-perf-native-recv-0909/gc-leaf-census-20260911/compile-v2/cc-diagnostic,perry_runtime::exception::try_push_with_kind,no_pgcm_function_at_start,,20,100847703
command,main_thread,runtime_helper_source_bound,/root/cc-perf-native-recv-0909/gc-leaf-census-20260911/compile-v2/cc-diagnostic,js_object_get_field_by_name,no_pgcm_function_at_start,,19,99574182
between_phases,main_thread,other_application_symbol,/root/cc-perf-native-recv-0909/gc-leaf-census-20260911/compile-v2/cc-diagnostic,<perry_runtime::gc::dead_owner::PostTraceProbe>::owner_is_dead,no_pgcm_function_at_start,,18,95148520
command,main_thread,runtime_helper_source_bound,/root/cc-perf-native-recv-0909/gc-leaf-census-20260911/compile-v2/cc-diagnostic,js_object_get_own_field_or_undef,no_pgcm_function_at_start,,18,94406841
between_phases,main_thread,other_application_symbol,/root/cc-perf-native-recv-0909/gc-leaf-census-20260911/compile-v2/cc-diagnostic,perry_runtime::typedarray::load_at,no_pgcm_function_at_start,,18,93381260
command,main_thread,other_application_symbol,/root/cc-perf-native-recv-0909/gc-leaf-census-20260911/compile-v2/cc-diagnostic,perry_runtime::buffer::header::is_registered_buffer_slow,no_pgcm_function_at_start,,18,91445895
between_phases,main_thread,other_application_symbol,/root/cc-perf-native-recv-0909/gc-leaf-census-20260911/compile-v2/cc-diagnostic,perry_runtime::symbol::is_registered_symbol_slow,no_pgcm_function_at_start,,17,88219249
command,main_thread,other_application_symbol,/root/cc-perf-native-recv-0909/gc-leaf-census-20260911/compile-v2/cc-diagnostic,<regex::regex::string::Regex>::find_at,no_pgcm_function_at_start,,17,85700259
startup,main_thread,other_application_symbol,/root/cc-perf-native-recv-0909/gc-leaf-census-20260911/compile-v2/cc-diagnostic,<perry_runtime::object::shapes::shapes_store::ShapeSlab>::insert,no_pgcm_function_at_start,,16,85350453
between_phases,main_thread,other_application_symbol,/root/cc-perf-native-recv-0909/gc-leaf-census-20260911/compile-v2/cc-diagnostic,perry_runtime::box::is_registered_box_ptr,no_pgcm_function_at_start,,16,79547175
command,main_thread,other_dso,/usr/lib/x86_64-linux-gnu/libc.so.6,__memcmp_evex_movbe,not_application_dso,,15,78121716
command,main_thread,other_application_symbol,/root/cc-perf-native-recv-0909/gc-leaf-census-20260911/compile-v2/cc-diagnostic,perry_runtime::closure::dynamic_props::is_closure_ptr,no_pgcm_function_at_start,,15,74863235
startup,main_thread,other_application_symbol,/root/cc-perf-native-recv-0909/gc-leaf-census-20260911/compile-v2/cc-diagnostic,perry_runtime::proxy::ordinary_set_with_receiver,no_pgcm_function_at_start,,14,73116649
startup,main_thread,other_application_symbol,/root/cc-perf-native-recv-0909/gc-leaf-census-20260911/compile-v2/cc-diagnostic,perry_runtime::gc::layout_tables::layout_forget_object,no_pgcm_function_at_start,,14,72580433
startup,main_thread,other_dso,/usr/lib/x86_64-linux-gnu/libc.so.6,__memcmp_evex_movbe,not_application_dso,,14,72340683
startup,main_thread,other_application_symbol,/root/cc-perf-native-recv-0909/gc-leaf-census-20260911/compile-v2/cc-diagnostic,perry_runtime::gc::barrier::remembered_child_needs_tracking,no_pgcm_function_at_start,,13,67757258
startup,main_thread,other_application_symbol,/root/cc-perf-native-recv-0909/gc-leaf-census-20260911/compile-v2/cc-diagnostic,perry_runtime::object::class_registry::parent_static::is_class_object_ptr,no_pgcm_function_at_start,,13,67343149
command,main_thread,other_application_symbol,/root/cc-perf-native-recv-0909/gc-leaf-census-20260911/compile-v2/cc-diagnostic,perry_runtime::object::shapes::scan_shape_table_rekey_mut,no_pgcm_function_at_start,,13,67176138
command,main_thread,runtime_helper_source_bound,/root/cc-perf-native-recv-0909/gc-leaf-census-20260911/compile-v2/cc-diagnostic,js_segments_project_next,no_pgcm_function_at_start,,13,64737457
startup,main_thread,other_application_symbol,/root/cc-perf-native-recv-0909/gc-leaf-census-20260911/compile-v2/cc-diagnostic,core::str::converts::from_utf8,no_pgcm_function_at_start,,13,64336265
between_phases,main_thread,other_application_symbol,/root/cc-perf-native-recv-0909/gc-leaf-census-20260911/compile-v2/cc-diagnostic,perry_runtime::gc::layout_tables::per_object_slot_mask,no_pgcm_function_at_start,,12,63299486
between_phases,main_thread,other_application_symbol,/root/cc-perf-native-recv-0909/gc-leaf-census-20260911/compile-v2/cc-diagnostic,<perry_runtime::gc::oldgen::ArenaSweepObjectsState>::reclaim_dead_object,no_pgcm_function_at_start,,12,63181278
command,main_thread,runtime_helper_source_bound,/root/cc-perf-native-recv-0909/gc-leaf-census-20260911/compile-v2/cc-diagnostic,js_array_get_f64,no_pgcm_function_at_start,,12,63038251
startup,main_thread,other_application_symbol,/root/cc-perf-native-recv-0909/gc-leaf-census-20260911/compile-v2/cc-diagnostic,<perry_runtime::gc::copying_pointer_set::CopyingPointerSet>::classify_arena,no_pgcm_function_at_start,,12,62332700
command,main_thread,compiled_function_prefix,/root/cc-perf-native-recv-0909/gc-leaf-census-20260911/compile-v2/cc-diagnostic,perry_fn_cli_2_1_112_js__zF6,exact_start_and_symbol,70:282,12,62182996
command,main_thread,compiled_function_prefix,/root/cc-perf-native-recv-0909/gc-leaf-census-20260911/compile-v2/cc-diagnostic,perry_fn_cli_2_1_112_js__u_N_24_6,exact_start_and_symbol,60:41,12,62015461
startup,main_thread,other_application_symbol,/root/cc-perf-native-recv-0909/gc-leaf-census-20260911/compile-v2/cc-diagnostic,perry_runtime::object::field_get_set::get_field_by_name_tail::get_field_by_name_object_tail,no_pgcm_function_at_start,,12,62015172
startup,main_thread,other_application_symbol,/root/cc-perf-native-recv-0909/gc-leaf-census-20260911/compile-v2/cc-diagnostic,perry_runtime::object::descriptor_state::gc_scan::scan_descriptor_roots_mut,no_pgcm_function_at_start,,12,60675735
between_phases,main_thread,other_application_symbol,/root/cc-perf-native-recv-0909/gc-leaf-census-20260911/compile-v2/cc-diagnostic,<perry_runtime::gc::trace::ValidPointerSetBuilder>::step,no_pgcm_function_at_start,,12,59866855
between_phases,main_thread,other_application_symbol,/root/cc-perf-native-recv-0909/gc-leaf-census-20260911/compile-v2/cc-diagnostic,perry_runtime::gc::barrier::remembered_child_needs_tracking,no_pgcm_function_at_start,,11,57709000
command,main_thread,runtime_helper_source_bound,/root/cc-perf-native-recv-0909/gc-leaf-census-20260911/compile-v2/cc-diagnostic,js_object_get_field,no_pgcm_function_at_start,,11,57191738
between_phases,main_thread,other_application_symbol,/root/cc-perf-native-recv-0909/gc-leaf-census-20260911/compile-v2/cc-diagnostic,perry_runtime::typedarray::typed_array_fast_index_set,no_pgcm_function_at_start,,11,56939127
between_phases,main_thread,other_application_symbol,/root/cc-perf-native-recv-0909/gc-leaf-census-20260911/compile-v2/cc-diagnostic,perry_runtime::box::box_get_bits_named,no_pgcm_function_at_start,,11,56904648
command,main_thread,runtime_helper_source_bound,/root/cc-perf-native-recv-0909/gc-leaf-census-20260911/compile-v2/cc-diagnostic,js_object_get_field_ic_miss,no_pgcm_function_at_start,,11,56587205
command,main_thread,other_application_symbol,/root/cc-perf-native-recv-0909/gc-leaf-census-20260911/compile-v2/cc-diagnostic,core::str::converts::from_utf8,no_pgcm_function_at_start,,11,56485398
command,main_thread,other_application_symbol,/root/cc-perf-native-recv-0909/gc-leaf-census-20260911/compile-v2/cc-diagnostic,perry_runtime::object::regex_proto_thunks::regexp_prototype_test_is_canonical,no_pgcm_function_at_start,,11,56199879
startup,main_thread,other_application_symbol,/root/cc-perf-native-recv-0909/gc-leaf-census-20260911/compile-v2/cc-diagnostic,perry_runtime::buffer::header::is_registered_buffer,no_pgcm_function_at_start,,11,56191793
between_phases,main_thread,other_application_symbol,/root/cc-perf-native-recv-0909/gc-leaf-census-20260911/compile-v2/cc-diagnostic,perry_runtime::typedarray::store_at,no_pgcm_function_at_start,,11,55957985
startup,main_thread,other_application_symbol,/root/cc-perf-native-recv-0909/gc-leaf-census-20260911/compile-v2/cc-diagnostic,perry_runtime::object::field_set_by_name::tail::set_field_by_name_object_tail,no_pgcm_function_at_start,,12,55740270
command,main_thread,other_application_symbol,/root/cc-perf-native-recv-0909/gc-leaf-census-20260911/compile-v2/cc-diagnostic,<perry_runtime::arena::walk::ArenaObjectCursor>::next_budgeted,no_pgcm_function_at_start,,11,55190238
command,main_thread,other_application_symbol,/root/cc-perf-native-recv-0909/gc-leaf-census-20260911/compile-v2/cc-diagnostic,perry_runtime::buffer::header::is_registered_buffer,no_pgcm_function_at_start,,10,52503310
startup,main_thread,runtime_helper_source_bound,/root/cc-perf-native-recv-0909/gc-leaf-census-20260911/compile-v2/cc-diagnostic,js_native_call_method,no_pgcm_function_at_start,,4,52404449
command,main_thread,runtime_helper_source_bound,/root/cc-perf-native-recv-0909/gc-leaf-census-20260911/compile-v2/cc-diagnostic,js_object_get_field_ic,no_pgcm_function_at_start,,10,52274647
startup,main_thread,other_application_symbol,/root/cc-perf-native-recv-0909/gc-leaf-census-20260911/compile-v2/cc-diagnostic,perry_runtime::object::class_meta_registry::get_parent_class_id,no_pgcm_function_at_start,,10,52217118
between_phases,main_thread,other_application_symbol,/root/cc-perf-native-recv-0909/gc-leaf-census-20260911/compile-v2/cc-diagnostic,perry_runtime::gc::dead_owner::prune_dead_owner_side_tables_post_trace,no_pgcm_function_at_start,,10,52125735
startup,main_thread,other_application_symbol,/root/cc-perf-native-recv-0909/gc-leaf-census-20260911/compile-v2/cc-diagnostic,perry_runtime::object::shapes::scan_shape_table_rekey_mut,no_pgcm_function_at_start,,10,51913749
between_phases,main_thread,other_application_symbol,/root/cc-perf-native-recv-0909/gc-leaf-census-20260911/compile-v2/cc-diagnostic,perry_runtime::native_handle::canonical::is_canonical_handle_addr,no_pgcm_function_at_start,,10,51713490
startup,main_thread,other_application_symbol,/root/cc-perf-native-recv-0909/gc-leaf-census-20260911/compile-v2/cc-diagnostic,perry_runtime::gc::layout_tables::layout_addr_filter_add,no_pgcm_function_at_start,,10,50915862
between_phases,main_thread,other_application_symbol,/root/cc-perf-native-recv-0909/gc-leaf-census-20260911/compile-v2/cc-diagnostic,<perry_runtime::gc::layout::HeapChildSlotIterator>::new,no_pgcm_function_at_start,,9,47656343
command,main_thread,other_application_symbol,/root/cc-perf-native-recv-0909/gc-leaf-census-20260911/compile-v2/cc-diagnostic,perry_runtime::regex::regex_header_clear_dead_for_gc,no_pgcm_function_at_start,,9,47337512
command,main_thread,other_application_symbol,/root/cc-perf-native-recv-0909/gc-leaf-census-20260911/compile-v2/cc-diagnostic,<perry_runtime::gc::copying::CopyingNurseryCollector>::visit_slot_with_parent,no_pgcm_function_at_start,,9,46935086
startup,main_thread,other_application_symbol,/root/cc-perf-native-recv-0909/gc-leaf-census-20260911/compile-v2/cc-diagnostic,<perry_runtime::string::OwnedStringBytes>::copy_of_key,no_pgcm_function_at_start,,9,46904599
command,main_thread,other_application_symbol,/root/cc-perf-native-recv-0909/gc-leaf-census-20260911/compile-v2/cc-diagnostic,_mi_page_malloc_zero,no_pgcm_function_at_start,,9,46898163
startup,main_thread,other_application_symbol,/root/cc-perf-native-recv-0909/gc-leaf-census-20260911/compile-v2/cc-diagnostic,<perry_runtime::gc::layout::HeapChildSlotIterator as core::iter::traits::iterator::Iterator>::next,no_pgcm_function_at_start,,9,46786165
startup,main_thread,other_application_symbol,/root/cc-perf-native-recv-0909/gc-leaf-census-20260911/compile-v2/cc-diagnostic,perry_runtime::object::keys_lookup::keys_find_slot_by_bytes,no_pgcm_function_at_start,,11,46733807
between_phases,main_thread,runtime_helper_source_bound,/root/cc-perf-native-recv-0909/gc-leaf-census-20260911/compile-v2/cc-diagnostic,js_to_numeric,no_pgcm_function_at_start,,9,46699690
between_phases,main_thread,other_application_symbol,/root/cc-perf-native-recv-0909/gc-leaf-census-20260911/compile-v2/cc-diagnostic,perry_runtime::buffer::header::is_shared_array_buffer,no_pgcm_function_at_start,,9,46628780
command,main_thread,other_application_symbol,/root/cc-perf-native-recv-0909/gc-leaf-census-20260911/compile-v2/cc-diagnostic,perry_runtime::object::object_ops::extract_obj_ptr,no_pgcm_function_at_start,,9,46551763
startup,main_thread,other_application_symbol,/root/cc-perf-native-recv-0909/gc-leaf-census-20260911/compile-v2/cc-diagnostic,perry_runtime::object::shapes::shape_slot_lookup_verdict,no_pgcm_function_at_start,,9,46447710
command,main_thread,other_application_symbol,/root/cc-perf-native-recv-0909/gc-leaf-census-20260911/compile-v2/cc-diagnostic,perry_runtime::object::descriptor_state::get_accessor_descriptor,no_pgcm_function_at_start,,9,46118925
startup,main_thread,other_application_symbol,/root/cc-perf-native-recv-0909/gc-leaf-census-20260911/compile-v2/cc-diagnostic,perry_runtime::object::shapes::shape_descriptor_ensure_with_holes,no_pgcm_function_at_start,,9,46117497
command,main_thread,other_application_symbol,/root/cc-perf-native-recv-0909/gc-leaf-census-20260911/compile-v2/cc-diagnostic,perry_runtime::gc::layout_tables::layout_forget_object,no_pgcm_function_at_start,,9,45992357
command,main_thread,runtime_helper_source_bound,/root/cc-perf-native-recv-0909/gc-leaf-census-20260911/compile-v2/cc-diagnostic,js_native_call_value,no_pgcm_function_at_start,,9,43892992
startup,main_thread,other_application_symbol,/root/cc-perf-native-recv-0909/gc-leaf-census-20260911/compile-v2/cc-diagnostic,<perry_runtime::gc::copying::CopyingNurseryCollector>::rewrite_raw_addr,no_pgcm_function_at_start,,8,42295551
between_phases,main_thread,other_application_symbol,/root/cc-perf-native-recv-0909/gc-leaf-census-20260911/compile-v2/cc-diagnostic,<perry_runtime::object::shapes::ShapeTableInner>::facts_remove,no_pgcm_function_at_start,,8,42237462
between_phases,main_thread,other_application_symbol,/root/cc-perf-native-recv-0909/gc-leaf-census-20260911/compile-v2/cc-diagnostic,perry_runtime::gc::trace::trace_heap_rewrite_slots::{closure#0},no_pgcm_function_at_start,,8,42093713
between_phases,main_thread,other_application_symbol,/root/cc-perf-native-recv-0909/gc-leaf-census-20260911/compile-v2/cc-diagnostic,perry_runtime::gc::layout_slot_visit::visit_gc_rewrite_slots::<perry_runtime::gc::verify::restore_surviving_dirty_coverage::{closure#0}::{closure#0}>::{closure#0},no_pgcm_function_at_start,,8,42077454
startup,main_thread,other_application_symbol,/root/cc-perf-native-recv-0909/gc-leaf-census-20260911/compile-v2/cc-diagnostic,perry_runtime::closure::dynamic_props::is_closure_ptr,no_pgcm_function_at_start,,8,42021695
startup,main_thread,other_application_symbol,/root/cc-perf-native-recv-0909/gc-leaf-census-20260911/compile-v2/cc-diagnostic,perry_runtime::object::reflect_support::obj_value_has_own_key,no_pgcm_function_at_start,,8,41958317
startup,main_thread,other_application_symbol,/root/cc-perf-native-recv-0909/gc-leaf-census-20260911/compile-v2/cc-diagnostic,perry_runtime::closure::dynamic_props::scan_closure_owner,no_pgcm_function_at_start,,8,41938652
startup,main_thread,other_application_symbol,/root/cc-perf-native-recv-0909/gc-leaf-census-20260911/compile-v2/cc-diagnostic,<perry_runtime::object::shapes::ShapeTableInner>::facts_remove,no_pgcm_function_at_start,,8,41777671
command,main_thread,other_application_symbol,/root/cc-perf-native-recv-0909/gc-leaf-census-20260911/compile-v2/cc-diagnostic,perry_runtime::object::keys_lookup::keys_find_slot_by_bytes,no_pgcm_function_at_start,,8,41734702
command,main_thread,other_application_symbol,/root/cc-perf-native-recv-0909/gc-leaf-census-20260911/compile-v2/cc-diagnostic,<perry_runtime::gc::copying_pointer_set::CopyingPointerSet>::classify_arena,no_pgcm_function_at_start,,8,41732556
between_phases,main_thread,other_application_symbol,/root/cc-perf-native-recv-0909/gc-leaf-census-20260911/compile-v2/cc-diagnostic,perry_runtime::proxy::lookup,no_pgcm_function_at_start,,8,41459499
command,main_thread,other_application_symbol,/root/cc-perf-native-recv-0909/gc-leaf-census-20260911/compile-v2/cc-diagnostic,perry_runtime::object::shapes::shape_descriptor_by_id,no_pgcm_function_at_start,,8,41422395
command,main_thread,other_application_symbol,/root/cc-perf-native-recv-0909/gc-leaf-census-20260911/compile-v2/cc-diagnostic,perry_runtime::object::field_get_set::get_field_by_name_tail::get_field_by_name_object_tail,no_pgcm_function_at_start,,8,41135608
command,main_thread,runtime_helper_source_bound,/root/cc-perf-native-recv-0909/gc-leaf-census-20260911/compile-v2/cc-diagnostic,js_object_set_field,no_pgcm_function_at_start,,8,41027747
startup,main_thread,other_application_symbol,/root/cc-perf-native-recv-0909/gc-leaf-census-20260911/compile-v2/cc-diagnostic,perry_runtime::gc::types::gc_type_after_payload_move,no_pgcm_function_at_start,,8,40502659
startup,main_thread,other_application_symbol,/root/cc-perf-native-recv-0909/gc-leaf-census-20260911/compile-v2/cc-diagnostic,perry_runtime::gc::layout::layout_note_slot,no_pgcm_function_at_start,,8,39902363
startup,main_thread,runtime_helper_source_bound,/root/cc-perf-native-recv-0909/gc-leaf-census-20260911/compile-v2/cc-diagnostic,js_is_symbol,no_pgcm_function_at_start,,6,39523120
startup,main_thread,other_application_symbol,/root/cc-perf-native-recv-0909/gc-leaf-census-20260911/compile-v2/cc-diagnostic,regex_automata::util::determinize::next,no_pgcm_function_at_start,,8,39402232
command,main_thread,other_application_symbol,/root/cc-perf-native-recv-0909/gc-leaf-census-20260911/compile-v2/cc-diagnostic,perry_runtime::value::addr_class::try_read_tracked_gc_header,no_pgcm_function_at_start,,7,36912591
between_phases,main_thread,other_application_symbol,/root/cc-perf-native-recv-0909/gc-leaf-census-20260911/compile-v2/cc-diagnostic,perry_runtime::gc::types::gc_type_clear_dead_payload_side_tables,no_pgcm_function_at_start,,7,36860805
between_phases,main_thread,other_application_symbol,/root/cc-perf-native-recv-0909/gc-leaf-census-20260911/compile-v2/cc-diagnostic,perry_runtime::arena::page_meta::classify_heap_generation_uncached,no_pgcm_function_at_start,,7,36844851
command,main_thread,other_application_symbol,/root/cc-perf-native-recv-0909/gc-leaf-census-20260911/compile-v2/cc-diagnostic,perry_runtime::object::descriptor_state::get_property_attrs,no_pgcm_function_at_start,,7,36800435
startup,main_thread,other_application_symbol,/root/cc-perf-native-recv-0909/gc-leaf-census-20260911/compile-v2/cc-diagnostic,perry_runtime::object::shapes::move_shape_family,no_pgcm_function_at_start,,7,36536723
startup,main_thread,other_application_symbol,/root/cc-perf-native-recv-0909/gc-leaf-census-20260911/compile-v2/cc-diagnostic,perry_runtime::gc::copying::run_copied_minor_attempt,no_pgcm_function_at_start,,7,36518348
command,main_thread,other_application_symbol,/root/cc-perf-native-recv-0909/gc-leaf-census-20260911/compile-v2/cc-diagnostic,perry_runtime::object::class_registry::class_meta::is_anon_shape_class_id,no_pgcm_function_at_start,,7,36410794
command,main_thread,other_application_symbol,/root/cc-perf-native-recv-0909/gc-leaf-census-20260911/compile-v2/cc-diagnostic,"<hashbrown::raw::RawTable<(usize, perry_runtime::object::shapes::ShapeIndex)>>::reserve_rehash::<hashbrown::map::make_hasher<usize, perry_runtime::object::shapes::ShapeIndex, perry_runtime::fast_hash::PtrHasher>::{closure#0}>",no_pgcm_function_at_start,,13,36379412
between_phases,main_thread,runtime_helper_source_bound,/root/cc-perf-native-recv-0909/gc-leaf-census-20260911/compile-v2/cc-diagnostic,js_dynamic_bitor,no_pgcm_function_at_start,,7,36307636
startup,main_thread,other_application_symbol,/root/cc-perf-native-recv-0909/gc-leaf-census-20260911/compile-v2/cc-diagnostic,mi_free,no_pgcm_function_at_start,,7,36107270
command,main_thread,runtime_helper_source_bound,/root/cc-perf-native-recv-0909/gc-leaf-census-20260911/compile-v2/cc-diagnostic,js_typed_feedback_class_field_set_guard,no_pgcm_function_at_start,,7,36002721
startup,main_thread,other_application_symbol,/root/cc-perf-native-recv-0909/gc-leaf-census-20260911/compile-v2/cc-diagnostic,perry_runtime::gc::layout::layout_transfer,no_pgcm_function_at_start,,7,35969155
between_phases,main_thread,other_application_symbol,/root/cc-perf-native-recv-0909/gc-leaf-census-20260911/compile-v2/cc-diagnostic,perry_runtime::object::shapes::scan_shape_table_rekey_mut,no_pgcm_function_at_start,,7,35375182
command,main_thread,other_application_symbol,/root/cc-perf-native-recv-0909/gc-leaf-census-20260911/compile-v2/cc-diagnostic,perry_runtime::object::exotic_expando::value_lookup,no_pgcm_function_at_start,,7,35068955
startup,main_thread,other_application_symbol,/root/cc-perf-native-recv-0909/gc-leaf-census-20260911/compile-v2/cc-diagnostic,perry_runtime::string::compare::js_string_key_matches,no_pgcm_function_at_start,,7,34829280
between_phases,foreign_pid,other_dso,/usr/bin/node,"simdutf::icelake::implementation::validate_ascii_with_errors(char const*, unsigned long) const",not_application_dso,,1,32799244
between_phases,main_thread,other_application_symbol,/root/cc-perf-native-recv-0909/gc-leaf-census-20260911/compile-v2/cc-diagnostic,perry_runtime::gc::verify::remember_retained_old_to_young_slots,no_pgcm_function_at_start,,6,31867576
startup,main_thread,runtime_helper_source_bound,/root/cc-perf-native-recv-0909/gc-leaf-census-20260911/compile-v2/cc-diagnostic,js_array_get_f64,no_pgcm_function_at_start,,7,31558976
command,main_thread,other_application_symbol,/root/cc-perf-native-recv-0909/gc-leaf-census-20260911/compile-v2/cc-diagnostic,perry_runtime::gc::layout::layout_note_slot,no_pgcm_function_at_start,,6,31543830
command,main_thread,other_application_symbol,/root/cc-perf-native-recv-0909/gc-leaf-census-20260911/compile-v2/cc-diagnostic,<perry_runtime::gc::copying::CopyingNurseryCollector>::rewrite_raw_addr,no_pgcm_function_at_start,,6,31537878
command,main_thread,other_application_symbol,/root/cc-perf-native-recv-0909/gc-leaf-census-20260911/compile-v2/cc-diagnostic,perry_runtime::buffer::header::is_uint8array_buffer_slow,no_pgcm_function_at_start,,6,31503604
command,main_thread,other_application_symbol,/root/cc-perf-native-recv-0909/gc-leaf-census-20260911/compile-v2/cc-diagnostic,perry_runtime::gc::dead_owner::owner_is_dead_copied_minor_from_space,no_pgcm_function_at_start,,6,31497962
command,main_thread,other_application_symbol,/root/cc-perf-native-recv-0909/gc-leaf-census-20260911/compile-v2/cc-diagnostic,mi_theap_malloc_aligned,no_pgcm_function_at_start,,6,31473990
startup,main_thread,other_application_symbol,/root/cc-perf-native-recv-0909/gc-leaf-census-20260911/compile-v2/cc-diagnostic,perry_runtime::object::object_keys_array,no_pgcm_function_at_start,,6,31429193
command,main_thread,other_application_symbol,/root/cc-perf-native-recv-0909/gc-leaf-census-20260911/compile-v2/cc-diagnostic,perry_runtime::gc::types::gc_type_after_payload_move,no_pgcm_function_at_start,,6,31405348
startup,main_thread,other_application_symbol,/root/cc-perf-native-recv-0909/gc-leaf-census-20260911/compile-v2/cc-diagnostic,perry_runtime::gc::layout_slot_visit::visit_gc_layout_slot_descriptors.specialized.10,no_pgcm_function_at_start,,6,31136722
command,main_thread,other_application_symbol,/root/cc-perf-native-recv-0909/gc-leaf-census-20260911/compile-v2/cc-diagnostic,trunc,no_pgcm_function_at_start,,6,31105919
startup,main_thread,other_application_symbol,/root/cc-perf-native-recv-0909/gc-leaf-census-20260911/compile-v2/cc-diagnostic,perry_runtime::object::shapes::shape_object_kind_by_id,no_pgcm_function_at_start,,6,31098068
startup,main_thread,other_application_symbol,/root/cc-perf-native-recv-0909/gc-leaf-census-20260911/compile-v2/cc-diagnostic,perry_runtime::object::descriptor_state::get_property_attrs,no_pgcm_function_at_start,,6,31067400
command,main_thread,other_application_symbol,/root/cc-perf-native-recv-0909/gc-leaf-census-20260911/compile-v2/cc-diagnostic,perry_runtime::weakref::is_weak_target_trace_slot,no_pgcm_function_at_start,,6,30929827
startup,main_thread,other_application_symbol,/root/cc-perf-native-recv-0909/gc-leaf-census-20260911/compile-v2/cc-diagnostic,perry_runtime::typed_feedback::object_key_matches_field,no_pgcm_function_at_start,,4,30791823
command,main_thread,other_application_symbol,/root/cc-perf-native-recv-0909/gc-leaf-census-20260911/compile-v2/cc-diagnostic,mi_free,no_pgcm_function_at_start,,6,30686943
command,main_thread,other_application_symbol,/root/cc-perf-native-recv-0909/gc-leaf-census-20260911/compile-v2/cc-diagnostic,"<hashbrown::map::HashMap<usize, alloc::vec::Vec<(u32, usize)>, perry_runtime::fast_hash::PtrHasher>>::insert",no_pgcm_function_at_start,,6,30415167
startup,main_thread,other_application_symbol,/root/cc-perf-native-recv-0909/gc-leaf-census-20260911/compile-v2/cc-diagnostic,_mi_page_malloc_zero,no_pgcm_function_at_start,,6,30093087
between_phases,foreign_pid,other_dso,/usr/bin/node,"v8::internal::JSObject::DefineOwnPropertyIgnoreAttributes(v8::internal::LookupIterator*, v8::internal::DirectHandle<v8::internal::Object>, v8::internal::PropertyAttributes, v8::Maybe<v8::internal::ShouldThrow>, v8::internal::JSObject::AccessorInfoHandling, v8::internal::EnforceDefineSemantics, v8::internal::StoreOrigin, v8::internal::MaybeDirectHandle<v8::internal::Object>)",not_application_dso,,1,28668701
between_phases,main_thread,other_application_symbol,/root/cc-perf-native-recv-0909/gc-leaf-census-20260911/compile-v2/cc-diagnostic,perry_runtime::gc::malloc::gc_malloc_header_is_tracked,no_pgcm_function_at_start,,5,28470344
between_phases,foreign_pid,other_dso,/usr/bin/node,v8::internal::Expression::IsAnonymousFunctionDefinition() const,not_application_dso,,1,28199836
startup,main_thread,other_application_symbol,/root/cc-perf-native-recv-0909/gc-leaf-census-20260911/compile-v2/cc-diagnostic,perry_runtime::closure::dynamic_props::closure_get_dynamic_prop,no_pgcm_function_at_start,,5,27270690
startup,main_thread,other_application_symbol,/root/cc-perf-native-recv-0909/gc-leaf-census-20260911/compile-v2/cc-diagnostic,<perry_runtime::object::shapes::shapes_slot_list::SlotIndex>::insert,no_pgcm_function_at_start,,5,26562146
between_phases,main_thread,other_application_symbol,/root/cc-perf-native-recv-0909/gc-leaf-census-20260911/compile-v2/cc-diagnostic,perry_runtime::symbol::is_immortal_symbol_pointer,no_pgcm_function_at_start,,5,26537638
between_phases,main_thread,other_application_symbol,/root/cc-perf-native-recv-0909/gc-leaf-census-20260911/compile-v2/cc-diagnostic,<std::hash::random::RandomState as core::hash::BuildHasher>::hash_one::<&usize>,no_pgcm_function_at_start,,5,26450167
command,main_thread,other_application_symbol,/root/cc-perf-native-recv-0909/gc-leaf-census-20260911/compile-v2/cc-diagnostic,perry_runtime::gc::layout_slot_visit::visit_gc_layout_slot_descriptors.specialized.1,no_pgcm_function_at_start,,5,26448814
between_phases,main_thread,other_application_symbol,/root/cc-perf-native-recv-0909/gc-leaf-census-20260911/compile-v2/cc-diagnostic,perry_runtime::closure::dynamic_props::merge_closure_prop_map,no_pgcm_function_at_start,,5,26401559
between_phases,main_thread,other_application_symbol,/root/cc-perf-native-recv-0909/gc-leaf-census-20260911/compile-v2/cc-diagnostic,perry_runtime::object::shapes::remove_descriptor_indexed_under,no_pgcm_function_at_start,,5,26327523
startup,main_thread,other_application_symbol,/root/cc-perf-native-recv-0909/gc-leaf-census-20260911/compile-v2/cc-diagnostic,perry_runtime::gc::verify::remember_evacuated_old_to_young_slot,no_pgcm_function_at_start,,5,26300035
startup,main_thread,other_application_symbol,/root/cc-perf-native-recv-0909/gc-leaf-census-20260911/compile-v2/cc-diagnostic,perry_runtime::async_hooks::is_async_resource_handle,no_pgcm_function_at_start,,5,26247872
command,main_thread,other_application_symbol,/root/cc-perf-native-recv-0909/gc-leaf-census-20260911/compile-v2/cc-diagnostic,perry_runtime::typedarray::lookup_registered_typed_array_kind,no_pgcm_function_at_start,,5,26217995
startup,main_thread,other_application_symbol,/root/cc-perf-native-recv-0909/gc-leaf-census-20260911/compile-v2/cc-diagnostic,perry_runtime::gc::layout_slot_visit::visit_gc_layout_slot_descriptors.specialized.1,no_pgcm_function_at_start,,5,26216288
between_phases,main_thread,other_application_symbol,/root/cc-perf-native-recv-0909/gc-leaf-census-20260911/compile-v2/cc-diagnostic,perry_runtime::gc::layout_tables::prune_dead_per_object_layout_owners,no_pgcm_function_at_start,,5,26196728
command,main_thread,other_application_symbol,/root/cc-perf-native-recv-0909/gc-leaf-census-20260911/compile-v2/cc-diagnostic,<perry_runtime::string::OwnedStringBytes>::copy_of_key,no_pgcm_function_at_start,,5,26195444
between_phases,main_thread,other_application_symbol,/root/cc-perf-native-recv-0909/gc-leaf-census-20260911/compile-v2/cc-diagnostic,perry_runtime::arena::page_meta::old_object_page_overlaps,no_pgcm_function_at_start,,5,26181401
command,main_thread,other_application_symbol,/root/cc-perf-native-recv-0909/gc-leaf-census-20260911/compile-v2/cc-diagnostic,perry_runtime::array::iter_object::dispatch_array_iterator_method_inner,no_pgcm_function_at_start,,5,26156864
command,main_thread,other_application_symbol,/root/cc-perf-native-recv-0909/gc-leaf-census-20260911/compile-v2/cc-diagnostic,perry_runtime::typed_feedback::normalize_raw_object_addr,no_pgcm_function_at_start,,5,26155698
between_phases,main_thread,other_application_symbol,/root/cc-perf-native-recv-0909/gc-leaf-census-20260911/compile-v2/cc-diagnostic,perry_runtime::gc::verify::remember_evacuated_old_to_young_slot,no_pgcm_function_at_start,,5,26129579
startup,main_thread,other_application_symbol,/root/cc-perf-native-recv-0909/gc-leaf-census-20260911/compile-v2/cc-diagnostic,"<hashbrown::map::HashMap<usize, alloc::vec::Vec<(u32, usize)>, perry_runtime::fast_hash::PtrHasher>>::insert",no_pgcm_function_at_start,,5,26116780
command,main_thread,runtime_helper_source_bound,/root/cc-perf-native-recv-0909/gc-leaf-census-20260911/compile-v2/cc-diagnostic,js_closure_call0,no_pgcm_function_at_start,,5,26099546
command,main_thread,other_application_symbol,/root/cc-perf-native-recv-0909/gc-leaf-census-20260911/compile-v2/cc-diagnostic,<perry_runtime::gc::layout::HeapChildSlotIterator as core::iter::traits::iterator::Iterator>::next,no_pgcm_function_at_start,,5,26071622
command,main_thread,other_application_symbol,/root/cc-perf-native-recv-0909/gc-leaf-census-20260911/compile-v2/cc-diagnostic,perry_runtime::object::prototype_chain::object_static_prototype,no_pgcm_function_at_start,,5,26055818
between_phases,main_thread,other_application_symbol,/root/cc-perf-native-recv-0909/gc-leaf-census-20260911/compile-v2/cc-diagnostic,perry_runtime::gc::layout_tables::layout_forget_object,no_pgcm_function_at_start,,5,26017026
command,main_thread,other_application_symbol,/root/cc-perf-native-recv-0909/gc-leaf-census-20260911/compile-v2/cc-diagnostic,perry_runtime::object::shapes::shape_descriptor_ensure_with_holes,no_pgcm_function_at_start,,5,26015049
command,main_thread,runtime_helper_source_bound,/root/cc-perf-native-recv-0909/gc-leaf-census-20260911/compile-v2/cc-diagnostic,js_string_slice,no_pgcm_function_at_start,,5,25783139
command,main_thread,other_application_symbol,/root/cc-perf-native-recv-0909/gc-leaf-census-20260911/compile-v2/cc-diagnostic,<perry_runtime::gc::copying::CopyingNurseryCollector>::mark_addr,no_pgcm_function_at_start,,5,25739506
command,main_thread,other_application_symbol,/root/cc-perf-native-recv-0909/gc-leaf-census-20260911/compile-v2/cc-diagnostic,perry_runtime::object::descriptor_state::gc_scan::scan_descriptor_roots_mut,no_pgcm_function_at_start,,5,25590140
between_phases,main_thread,other_application_symbol,/root/cc-perf-native-recv-0909/gc-leaf-census-20260911/compile-v2/cc-diagnostic,perry_runtime::weakref::is_weak_target_trace_slot,no_pgcm_function_at_start,,5,25586675
command,main_thread,other_application_symbol,/root/cc-perf-native-recv-0909/gc-leaf-census-20260911/compile-v2/cc-diagnostic,perry_runtime::gc::barrier_store::barrier_child_prologue,no_pgcm_function_at_start,,5,25231293
between_phases,main_thread,other_application_symbol,/root/cc-perf-native-recv-0909/gc-leaf-census-20260911/compile-v2/cc-diagnostic,perry_runtime::object::descriptor_state::get_accessor_descriptor,no_pgcm_function_at_start,,5,25229500
startup,main_thread,other_application_symbol,/root/cc-perf-native-recv-0909/gc-leaf-census-20260911/compile-v2/cc-diagnostic,perry_runtime::object::keys_lookup::keys_array_dense_slots,no_pgcm_function_at_start,,5,25090190
between_phases,main_thread,runtime_helper_source_bound,/root/cc-perf-native-recv-0909/gc-leaf-census-20260911/compile-v2/cc-diagnostic,js_object_get_field_by_name,no_pgcm_function_at_start,,5,24837742
startup,main_thread,other_application_symbol,/root/cc-perf-native-recv-0909/gc-leaf-census-20260911/compile-v2/cc-diagnostic,"<hashbrown::raw::RawTable<(usize, perry_runtime::closure::registry::ClosureBodyRecord)>>::reserve_rehash::<hashbrown::map::make_hasher<usize, perry_runtime::closure::registry::ClosureBodyRecord, perry_runtime::fast_hash::PtrHasher>::{closure#0}>",no_pgcm_function_at_start,,5,24221426
startup,main_thread,other_application_symbol,/root/cc-perf-native-recv-0909/gc-leaf-census-20260911/compile-v2/cc-diagnostic,<core::hash::sip::Hasher<core::hash::sip::Sip13Rounds> as core::hash::Hasher>::write,no_pgcm_function_at_start,,5,23995703
startup,main_thread,runtime_helper_source_bound,/root/cc-perf-native-recv-0909/gc-leaf-census-20260911/compile-v2/cc-diagnostic,js_put_value_set,no_pgcm_function_at_start,,4,22385621
startup,main_thread,runtime_helper_source_bound,/root/cc-perf-native-recv-0909/gc-leaf-census-20260911/compile-v2/cc-diagnostic,js_array_alloc,no_pgcm_function_at_start,,4,22026141
between_phases,main_thread,other_application_symbol,/root/cc-perf-native-recv-0909/gc-leaf-census-20260911/compile-v2/cc-diagnostic,_mi_page_free_collect,no_pgcm_function_at_start,,5,21916789
startup,main_thread,other_application_symbol,/root/cc-perf-native-recv-0909/gc-leaf-census-20260911/compile-v2/cc-diagnostic,<std::hash::random::RandomState as core::hash::BuildHasher>::hash_one::<&usize>,no_pgcm_function_at_start,,5,21674412
command,main_thread,other_application_symbol,/root/cc-perf-native-recv-0909/gc-leaf-census-20260911/compile-v2/cc-diagnostic,perry_runtime::gc::copying::run_copied_minor_attempt,no_pgcm_function_at_start,,4,21170267
command,main_thread,other_application_symbol,/root/cc-perf-native-recv-0909/gc-leaf-census-20260911/compile-v2/cc-diagnostic,"<hashbrown::raw::RawTable<(usize, ())>>::reserve_rehash::<hashbrown::map::make_hasher<usize, (), perry_runtime::fast_hash::PtrHasher>::{closure#0}>",no_pgcm_function_at_start,,4,21134482
command,main_thread,other_application_symbol,/root/cc-perf-native-recv-0909/gc-leaf-census-20260911/compile-v2/cc-diagnostic,perry_runtime::arena::page_meta::old_page_account_swept_object,no_pgcm_function_at_start,,4,21128035
command,main_thread,other_application_symbol,/root/cc-perf-native-recv-0909/gc-leaf-census-20260911/compile-v2/cc-diagnostic,perry_runtime::box::scan_box_roots_mut,no_pgcm_function_at_start,,4,21096879
command,main_thread,other_application_symbol,/root/cc-perf-native-recv-0909/gc-leaf-census-20260911/compile-v2/cc-diagnostic,<perry_runtime::gc::roots::RuntimeRootVisitor>::visit_nanbox_bits,no_pgcm_function_at_start,,4,21065416
command,main_thread,runtime_export_prefix_only,/root/cc-perf-native-recv-0909/gc-leaf-census-20260911/compile-v2/cc-diagnostic,js_put_value_set_dyn_ic_miss,no_pgcm_function_at_start,,4,21060643
command,main_thread,other_application_symbol,/root/cc-perf-native-recv-0909/gc-leaf-census-20260911/compile-v2/cc-diagnostic,perry_runtime::arena::page_meta::classify_heap_space_in_range_uncached,no_pgcm_function_at_start,,4,21043153
command,main_thread,runtime_helper_source_bound,/root/cc-perf-native-recv-0909/gc-leaf-census-20260911/compile-v2/cc-diagnostic,js_array_alloc,no_pgcm_function_at_start,,4,21015050
startup,main_thread,other_application_symbol,/root/cc-perf-native-recv-0909/gc-leaf-census-20260911/compile-v2/cc-diagnostic,perry_runtime::object::shapes::shape_descriptor_by_id,no_pgcm_function_at_start,,4,21006599
command,main_thread,other_application_symbol,/root/cc-perf-native-recv-0909/gc-leaf-census-20260911/compile-v2/cc-diagnostic,<perry_runtime::arena::page_meta::page_class::PageGenerationCacheSet>::insert,no_pgcm_function_at_start,,4,21002715
startup,main_thread,other_application_symbol,/root/cc-perf-native-recv-0909/gc-leaf-census-20260911/compile-v2/cc-diagnostic,perry_runtime::proxy::target_set,no_pgcm_function_at_start,,4,20998147
between_phases,main_thread,other_application_symbol,/root/cc-perf-native-recv-0909/gc-leaf-census-20260911/compile-v2/cc-diagnostic,perry_runtime::closure::dynamic_props::scan_closure_owner,no_pgcm_function_at_start,,4,20991173
command,main_thread,other_application_symbol,/root/cc-perf-native-recv-0909/gc-leaf-census-20260911/compile-v2/cc-diagnostic,perry_runtime::object::native_call_method::class_vtable_fast_guard,no_pgcm_function_at_start,,4,20979217
command,main_thread,runtime_helper_source_bound,/root/cc-perf-native-recv-0909/gc-leaf-census-20260911/compile-v2/cc-diagnostic,js_put_value_set,no_pgcm_function_at_start,,4,20975619
startup,main_thread,other_application_symbol,/root/cc-perf-native-recv-0909/gc-leaf-census-20260911/compile-v2/cc-diagnostic,perry_runtime::gc::dead_owner::owner_is_dead_copied_minor_from_space,no_pgcm_function_at_start,,4,20962753
startup,main_thread,other_application_symbol,/root/cc-perf-native-recv-0909/gc-leaf-census-20260911/compile-v2/cc-diagnostic,perry_runtime::proxy::own_set_descriptor,no_pgcm_function_at_start,,4,20948365
between_phases,main_thread,other_application_symbol,/root/cc-perf-native-recv-0909/gc-leaf-census-20260911/compile-v2/cc-diagnostic,mi_free,no_pgcm_function_at_start,,4,20937405
startup,main_thread,other_application_symbol,/root/cc-perf-native-recv-0909/gc-leaf-census-20260911/compile-v2/cc-diagnostic,perry_runtime::object::arguments::is_arguments_object,no_pgcm_function_at_start,,4,20931400
startup,main_thread,other_application_symbol,/root/cc-perf-native-recv-0909/gc-leaf-census-20260911/compile-v2/cc-diagnostic,perry_runtime::weakref::is_weak_target_trace_slot,no_pgcm_function_at_start,,4,20916082
startup,main_thread,runtime_helper_source_bound,/root/cc-perf-native-recv-0909/gc-leaf-census-20260911/compile-v2/cc-diagnostic,js_object_get_field_ic_miss,no_pgcm_function_at_start,,4,20914276
startup,main_thread,other_application_symbol,/root/cc-perf-native-recv-0909/gc-leaf-census-20260911/compile-v2/cc-diagnostic,perry_runtime::gc::young_log::addr_is_minor_relevant,no_pgcm_function_at_start,,4,20900738
command,main_thread,other_application_symbol,/root/cc-perf-native-recv-0909/gc-leaf-census-20260911/compile-v2/cc-diagnostic,perry_runtime::object::descriptor_state::may_have_descriptor_entry,no_pgcm_function_at_start,,4,20899446
command,main_thread,other_application_symbol,/root/cc-perf-native-recv-0909/gc-leaf-census-20260911/compile-v2/cc-diagnostic,perry_runtime::gc::barrier::write_barrier_decoded_parent,no_pgcm_function_at_start,,4,20897440
command,main_thread,runtime_helper_source_bound,/root/cc-perf-native-recv-0909/gc-leaf-census-20260911/compile-v2/cc-diagnostic,js_segments_project_segment,no_pgcm_function_at_start,,4,20889172
command,main_thread,other_application_symbol,/root/cc-perf-native-recv-0909/gc-leaf-census-20260911/compile-v2/cc-diagnostic,perry_runtime::gc::layout::layout_transfer,no_pgcm_function_at_start,,4,20825976
startup,main_thread,other_application_symbol,/root/cc-perf-native-recv-0909/gc-leaf-census-20260911/compile-v2/cc-diagnostic,perry_runtime::object::descriptor_state::owner_index_transfer,no_pgcm_function_at_start,,4,20818113
startup,main_thread,other_application_symbol,/root/cc-perf-native-recv-0909/gc-leaf-census-20260911/compile-v2/cc-diagnostic,mi_theap_malloc_aligned,no_pgcm_function_at_start,,4,20801026
between_phases,foreign_pid,unknown_symbol,/tmp/perf-3692652.map,[unknown],not_application_dso,,2,20793812
startup,main_thread,other_application_symbol,/root/cc-perf-native-recv-0909/gc-leaf-census-20260911/compile-v2/cc-diagnostic,perry_runtime::arena::page_meta::classify_heap_space_in_range_uncached,no_pgcm_function_at_start,,4,20772774
command,main_thread,compiled_function_prefix,/root/cc-perf-native-recv-0909/gc-leaf-census-20260911/compile-v2/cc-diagnostic,perry_fn_cli_2_1_112_js__GW7,exact_start_and_symbol,8:0,4,20768514
command,main_thread,other_application_symbol,/root/cc-perf-native-recv-0909/gc-leaf-census-20260911/compile-v2/cc-diagnostic,perry_runtime::object::shapes::remove_descriptor_indexed_under,no_pgcm_function_at_start,,4,20718300
startup,main_thread,other_application_symbol,/root/cc-perf-native-recv-0909/gc-leaf-census-20260911/compile-v2/cc-diagnostic,perry_runtime::gc::barrier_store::barrier_child_prologue,no_pgcm_function_at_start,,4,20683353
startup,main_thread,other_application_symbol,/root/cc-perf-native-recv-0909/gc-leaf-census-20260911/compile-v2/cc-diagnostic,perry_runtime::object::shapes::remove_descriptor_indexed_under,no_pgcm_function_at_start,,4,20609825
command,main_thread,other_application_symbol,/root/cc-perf-native-recv-0909/gc-leaf-census-20260911/compile-v2/cc-diagnostic,perry_runtime::array::header_gc_slots::store_array_slot_resolved,no_pgcm_function_at_start,,4,20269476
between_phases,main_thread,other_application_symbol,/root/cc-perf-native-recv-0909/gc-leaf-census-20260911/compile-v2/cc-diagnostic,<perry_runtime::gc::trace::ValidPointerSet>::seal_current_arena_run,no_pgcm_function_at_start,,4,20252628
between_phases,main_thread,other_application_symbol,/root/cc-perf-native-recv-0909/gc-leaf-census-20260911/compile-v2/cc-diagnostic,<core::hash::sip::Hasher<core::hash::sip::Sip13Rounds> as core::hash::Hasher>::write,no_pgcm_function_at_start,,4,20180433
startup,main_thread,runtime_helper_source_bound,/root/cc-perf-native-recv-0909/gc-leaf-census-20260911/compile-v2/cc-diagnostic,js_object_define_property,no_pgcm_function_at_start,,4,19284371
command,main_thread,other_application_symbol,/root/cc-perf-native-recv-0909/gc-leaf-census-20260911/compile-v2/cc-diagnostic,perry_runtime::native_handle::canonical::is_canonical_handle_addr,no_pgcm_function_at_start,,4,19261084
startup,main_thread,other_application_symbol,/root/cc-perf-native-recv-0909/gc-leaf-census-20260911/compile-v2/cc-diagnostic,<perry_runtime::object::shapes::shapes_store::IdList>::append_unchecked,no_pgcm_function_at_start,,4,19181534
command,main_thread,other_application_symbol,/root/cc-perf-native-recv-0909/gc-leaf-census-20260911/compile-v2/cc-diagnostic,perry_runtime::iter_result::emit_iter_result_cached,no_pgcm_function_at_start,,4,19159734
between_phases,foreign_pid,other_dso,/usr/lib/x86_64-linux-gnu/libc.so.6,__memmove_avx512_unaligned_erms,not_application_dso,,5,19135522
between_phases,foreign_pid,other_dso,/usr/bin/node,v8::internal::interpreter::BytecodeArrayWriter::Write(v8::internal::interpreter::BytecodeNode*),not_application_dso,,1,18422294
between_phases,foreign_pid,other_dso,/usr/bin/node,"v8::internal::Factory::InitializeMap(v8::internal::Tagged<v8::internal::Map>, v8::internal::InstanceType, int, v8::internal::ElementsKind, int, v8::internal::ReadOnlyRoots)",not_application_dso,,1,18368832
startup,main_thread,other_application_symbol,/root/cc-perf-native-recv-0909/gc-leaf-census-20260911/compile-v2/cc-diagnostic,perry_runtime::object::alloc::remember_class_keys_array,no_pgcm_function_at_start,,4,18079437
startup,main_thread,other_application_symbol,/root/cc-perf-native-recv-0909/gc-leaf-census-20260911/compile-v2/cc-diagnostic,perry_runtime::object::field_get_set::accessors::prototype_property_value_with_guard,no_pgcm_function_at_start,,1,17582328
between_phases,main_thread,other_application_symbol,/root/cc-perf-native-recv-0909/gc-leaf-census-20260911/compile-v2/cc-diagnostic,perry_runtime::object::class_registry::parent_static::is_class_object_ptr,no_pgcm_function_at_start,,4,17412945
between_phases,foreign_pid,other_dso,/usr/bin/node,v8::internal::HashSeed::InitializeRoots(v8::internal::Isolate*),not_application_dso,,3,17224311
command,main_thread,other_application_symbol,/root/cc-perf-native-recv-0909/gc-leaf-census-20260911/compile-v2/cc-diagnostic,perry_runtime::gc::types::gc_type_clear_dead_payload_side_tables,no_pgcm_function_at_start,,3,16040262
command,main_thread,other_application_symbol,/root/cc-perf-native-recv-0909/gc-leaf-census-20260911/compile-v2/cc-diagnostic,perry_runtime::gc::layout_slot_visit::visit_gc_rewrite_slots::<perry_runtime::gc::verify::restore_surviving_dirty_coverage::{closure#0}::{closure#0}>::{closure#0},no_pgcm_function_at_start,,3,16038442
between_phases,main_thread,other_application_symbol,/root/cc-perf-native-recv-0909/gc-leaf-census-20260911/compile-v2/cc-diagnostic,<perry_runtime::arena::page_meta::page_class::PageGenerationCacheSet>::insert,no_pgcm_function_at_start,,3,15930988
startup,main_thread,other_application_symbol,/root/cc-perf-native-recv-0909/gc-leaf-census-20260911/compile-v2/cc-diagnostic,perry_runtime::box::scan_box_roots_mut,no_pgcm_function_at_start,,3,15901755
between_phases,main_thread,other_application_symbol,/root/cc-perf-native-recv-0909/gc-leaf-census-20260911/compile-v2/cc-diagnostic,<perry_runtime::gc::verify::OldToYoungRememberedRebuildState>::step,no_pgcm_function_at_start,,3,15888898
startup,main_thread,other_application_symbol,/root/cc-perf-native-recv-0909/gc-leaf-census-20260911/compile-v2/cc-diagnostic,perry_runtime::symbol::is_immortal_symbol_pointer,no_pgcm_function_at_start,,3,15859478
command,main_thread,other_application_symbol,/root/cc-perf-native-recv-0909/gc-leaf-census-20260911/compile-v2/cc-diagnostic,<perry_runtime::object::shapes::ShapeTableInner>::family_append_fresh,no_pgcm_function_at_start,,3,15844823
command,main_thread,other_application_symbol,/root/cc-perf-native-recv-0909/gc-leaf-census-20260911/compile-v2/cc-diagnostic,"<hashbrown::map::HashMap<usize, (), perry_runtime::fast_hash::PtrHasher>>::insert",no_pgcm_function_at_start,,3,15813575
command,main_thread,other_application_symbol,/root/cc-perf-native-recv-0909/gc-leaf-census-20260911/compile-v2/cc-diagnostic,<core::hash::sip::Hasher<core::hash::sip::Sip13Rounds> as core::hash::Hasher>::write,no_pgcm_function_at_start,,3,15812744
command,main_thread,other_application_symbol,/root/cc-perf-native-recv-0909/gc-leaf-census-20260911/compile-v2/cc-diagnostic,perry_runtime::gc::layout_slot_visit::visit_gc_layout_slot_descriptors,no_pgcm_function_at_start,,3,15792863
command,main_thread,other_application_symbol,/root/cc-perf-native-recv-0909/gc-leaf-census-20260911/compile-v2/cc-diagnostic,perry_runtime::object::field_set_by_name::tail::set_field_by_name_object_tail,no_pgcm_function_at_start,,3,15786296
command,main_thread,other_application_symbol,/root/cc-perf-native-recv-0909/gc-leaf-census-20260911/compile-v2/cc-diagnostic,perry_runtime::url::search_params::shape_is_url_search_params,no_pgcm_function_at_start,,3,15782947
command,main_thread,other_application_symbol,/root/cc-perf-native-recv-0909/gc-leaf-census-20260911/compile-v2/cc-diagnostic,perry_runtime::map::is_registered_map,no_pgcm_function_at_start,,3,15773314
command,main_thread,other_application_symbol,/root/cc-perf-native-recv-0909/gc-leaf-census-20260911/compile-v2/cc-diagnostic,perry_runtime::object::set_object_keys_array,no_pgcm_function_at_start,,3,15773080
command,main_thread,other_application_symbol,/root/cc-perf-native-recv-0909/gc-leaf-census-20260911/compile-v2/cc-diagnostic,perry_runtime::regex::regex_header_finalize_for_gc,no_pgcm_function_at_start,,3,15766851
between_phases,main_thread,other_application_symbol,/root/cc-perf-native-recv-0909/gc-leaf-census-20260911/compile-v2/cc-diagnostic,perry_runtime::closure::dynamic_props::scan_closure_dynamic_props_roots_mut,no_pgcm_function_at_start,,3,15765412
command,main_thread,other_application_symbol,/root/cc-perf-native-recv-0909/gc-leaf-census-20260911/compile-v2/cc-diagnostic,perry_runtime::proxy::ordinary_set_with_receiver,no_pgcm_function_at_start,,3,15764742
startup,main_thread,other_application_symbol,/root/cc-perf-native-recv-0909/gc-leaf-census-20260911/compile-v2/cc-diagnostic,perry_runtime::typedarray_props::typed_array_addr_from_value,no_pgcm_function_at_start,,3,15762435
startup,main_thread,other_application_symbol,/root/cc-perf-native-recv-0909/gc-leaf-census-20260911/compile-v2/cc-diagnostic,mi_malloc_aligned,no_pgcm_function_at_start,,3,15762317
command,main_thread,other_application_symbol,/root/cc-perf-native-recv-0909/gc-leaf-census-20260911/compile-v2/cc-diagnostic,perry_runtime::typed_feedback::object_key_matches_field,no_pgcm_function_at_start,,3,15759100
command,main_thread,other_application_symbol,/root/cc-perf-native-recv-0909/gc-leaf-census-20260911/compile-v2/cc-diagnostic,perry_runtime::object::prop_plan::read_plan_lookup,no_pgcm_function_at_start,,3,15757217
command,main_thread,other_application_symbol,/root/cc-perf-native-recv-0909/gc-leaf-census-20260911/compile-v2/cc-diagnostic,perry_runtime::box::is_registered_box_ptr,no_pgcm_function_at_start,,3,15752012
between_phases,main_thread,other_application_symbol,/root/cc-perf-native-recv-0909/gc-leaf-census-20260911/compile-v2/cc-diagnostic,perry_runtime::value::addr_class::try_read_tracked_gc_header,no_pgcm_function_at_start,,3,15751376
command,main_thread,other_application_symbol,/root/cc-perf-native-recv-0909/gc-leaf-census-20260911/compile-v2/cc-diagnostic,perry_runtime::set::find_value_index_cold,no_pgcm_function_at_start,,3,15750538
command,main_thread,other_application_symbol,/root/cc-perf-native-recv-0909/gc-leaf-census-20260911/compile-v2/cc-diagnostic,perry_runtime::gc::layout_tables::layout_key_may_be_nursery,no_pgcm_function_at_start,,3,15746614
startup,main_thread,other_application_symbol,/root/cc-perf-native-recv-0909/gc-leaf-census-20260911/compile-v2/cc-diagnostic,<regex_syntax::hir::ClassUnicodeRange as regex_syntax::hir::interval::Interval>::case_fold_simple,no_pgcm_function_at_start,,3,15744110
command,main_thread,other_application_symbol,/root/cc-perf-native-recv-0909/gc-leaf-census-20260911/compile-v2/cc-diagnostic,<perry_runtime::regex::site_key::WeakPrograms>::upgrade,no_pgcm_function_at_start,,3,15739737
command,main_thread,other_application_symbol,/root/cc-perf-native-recv-0909/gc-leaf-census-20260911/compile-v2/cc-diagnostic,perry_runtime::gc::layout_tables::prune_dead_per_object_layout_owners,no_pgcm_function_at_start,,3,15738287
command,main_thread,runtime_helper_source_bound,/root/cc-perf-native-recv-0909/gc-leaf-census-20260911/compile-v2/cc-diagnostic,js_packed_arraylike_index_get,no_pgcm_function_at_start,,3,15737174
command,main_thread,other_application_symbol,/root/cc-perf-native-recv-0909/gc-leaf-census-20260911/compile-v2/cc-diagnostic,perry_runtime::object::iterator_prototypes::prototype_next_is_canonical,no_pgcm_function_at_start,,3,15734894
startup,main_thread,other_application_symbol,/root/cc-perf-native-recv-0909/gc-leaf-census-20260911/compile-v2/cc-diagnostic,perry_runtime::object::class_registry::state::class_id_for_decl_prototype_object,no_pgcm_function_at_start,,3,15734410
command,main_thread,other_application_symbol,/root/cc-perf-native-recv-0909/gc-leaf-census-20260911/compile-v2/cc-diagnostic,perry_runtime::object::iterator_prototypes::call_overridden_iterator_next,no_pgcm_function_at_start,,3,15730227
command,main_thread,other_application_symbol,/root/cc-perf-native-recv-0909/gc-leaf-census-20260911/compile-v2/cc-diagnostic,perry_runtime::object::field_get_set::accessors::default_object_prototype_property_value,no_pgcm_function_at_start,,3,15728622
command,main_thread,other_application_symbol,/root/cc-perf-native-recv-0909/gc-leaf-census-20260911/compile-v2/cc-diagnostic,perry_runtime::object::class_meta_registry::get_parent_class_id,no_pgcm_function_at_start,,3,15727289
command,main_thread,other_application_symbol,/root/cc-perf-native-recv-0909/gc-leaf-census-20260911/compile-v2/cc-diagnostic,perry_runtime::object::shapes::shape_object_kind_by_id,no_pgcm_function_at_start,,3,15726940
between_phases,foreign_pid,other_dso,/usr/bin/node,"(anonymous namespace)::init_resb_result(UResourceDataEntry*, unsigned int, char const*, int, UResourceDataEntry*, char const*, int, UResourceBundle*, UErrorCode*)",not_application_dso,,2,15725761
command,main_thread,runtime_helper_source_bound,/root/cc-perf-native-recv-0909/gc-leaf-census-20260911/compile-v2/cc-diagnostic,js_string_from_bytes_with_capacity,no_pgcm_function_at_start,,3,15691368
startup,main_thread,runtime_helper_source_bound,/root/cc-perf-native-recv-0909/gc-leaf-census-20260911/compile-v2/cc-diagnostic,js_for_in_keys_value,no_pgcm_function_at_start,,3,15691015
startup,main_thread,runtime_helper_source_bound,/root/cc-perf-native-recv-0909/gc-leaf-census-20260911/compile-v2/cc-diagnostic,js_object_get_field,no_pgcm_function_at_start,,3,15690019
between_phases,main_thread,other_application_symbol,/root/cc-perf-native-recv-0909/gc-leaf-census-20260911/compile-v2/cc-diagnostic,<perry_runtime::gc::cycle::GcCycleState>::step,no_pgcm_function_at_start,,3,15689003
command,main_thread,other_application_symbol,/root/cc-perf-native-recv-0909/gc-leaf-census-20260911/compile-v2/cc-diagnostic,"<&mut perry_runtime::gc::copying::run_copied_minor_attempt::{closure#0} as core::ops::function::FnMut<(perry_runtime::gc::roots::MutableRootSlot,)>>::call_mut",no_pgcm_function_at_start,,3,15687772
command,main_thread,other_application_symbol,/root/cc-perf-native-recv-0909/gc-leaf-census-20260911/compile-v2/cc-diagnostic,perry_runtime::arena::page_meta::flush_deferred_old_page_registrations_batch,no_pgcm_function_at_start,,3,15687095
startup,main_thread,other_application_symbol,/root/cc-perf-native-recv-0909/gc-leaf-census-20260911/compile-v2/cc-diagnostic,perry_runtime::object::field_set_by_name::fast_paths::object_set_field_by_name_transition_fast_impl_value,no_pgcm_function_at_start,,3,15684587
command,main_thread,other_application_symbol,/root/cc-perf-native-recv-0909/gc-leaf-census-20260911/compile-v2/cc-diagnostic,perry_runtime::gc::layout_tables::per_object_slot_mask,no_pgcm_function_at_start,,3,15673395
between_phases,main_thread,other_application_symbol,/root/cc-perf-native-recv-0909/gc-leaf-census-20260911/compile-v2/cc-diagnostic,<perry_runtime::gc::roots::RuntimeRootVisitor>::visit_nanbox_bits,no_pgcm_function_at_start,,3,15647979
startup,main_thread,runtime_export_prefix_only,/root/cc-perf-native-recv-0909/gc-leaf-census-20260911/compile-v2/cc-diagnostic,js_put_value_set_dyn_ic_miss,no_pgcm_function_at_start,,3,15644451
command,main_thread,other_application_symbol,/root/cc-perf-native-recv-0909/gc-leaf-census-20260911/compile-v2/cc-diagnostic,perry_runtime::typedarray_props::typed_array_addr_from_value,no_pgcm_function_at_start,,3,15635725
command,main_thread,other_application_symbol,/root/cc-perf-native-recv-0909/gc-leaf-census-20260911/compile-v2/cc-diagnostic,perry_runtime::regex::lookup_fancy_regex,no_pgcm_function_at_start,,3,15605708
startup,main_thread,other_application_symbol,/root/cc-perf-native-recv-0909/gc-leaf-census-20260911/compile-v2/cc-diagnostic,perry_runtime::gc::layout_slot_visit::visit_gc_rewrite_slot_descriptors::<perry_runtime::gc::layout_slot_visit::visit_gc_rewrite_slots<perry_runtime::gc::verify::restore_surviving_dirty_coverage::{closure#0}::{closure#0}>::{closure#0}>,no_pgcm_function_at_start,,3,15601421
command,main_thread,other_application_symbol,/root/cc-perf-native-recv-0909/gc-leaf-census-20260911/compile-v2/cc-diagnostic,perry_runtime::typed_feedback::guards::class_setter_in_chain,no_pgcm_function_at_start,,3,15596818
command,main_thread,other_application_symbol,/root/cc-perf-native-recv-0909/gc-leaf-census-20260911/compile-v2/cc-diagnostic,perry_runtime::arena::page_meta::old_object_page_overlaps,no_pgcm_function_at_start,,3,15587313
startup,main_thread,other_application_symbol,/root/cc-perf-native-recv-0909/gc-leaf-census-20260911/compile-v2/cc-diagnostic,"core::ptr::drop_glue::<perry_runtime::gc::roots::GcRootRegistryGuard<core::option::Option<std::collections::hash::map::HashMap<alloc::string::String, alloc::vec::Vec<perry_runtime::ui_text_registry::ForEachBinding>>>>>",no_pgcm_function_at_start,,3,15585264
startup,main_thread,other_application_symbol,/root/cc-perf-native-recv-0909/gc-leaf-census-20260911/compile-v2/cc-diagnostic,perry_runtime::arena::page_meta::flush_deferred_old_page_registrations_batch,no_pgcm_function_at_start,,3,15582052
startup,main_thread,other_application_symbol,/root/cc-perf-native-recv-0909/gc-leaf-census-20260911/compile-v2/cc-diagnostic,<regex_automata::meta::strategy::ReverseSuffix as regex_automata::meta::strategy::Strategy>::search_half,no_pgcm_function_at_start,,3,15578405
between_phases,main_thread,other_application_symbol,/root/cc-perf-native-recv-0909/gc-leaf-census-20260911/compile-v2/cc-diagnostic,perry_runtime::typedarray::lookup_typed_array_kind,no_pgcm_function_at_start,,3,15570152
between_phases,main_thread,runtime_helper_source_bound,/root/cc-perf-native-recv-0909/gc-leaf-census-20260911/compile-v2/cc-diagnostic,js_box_get_bits,no_pgcm_function_at_start,,3,15569069
between_phases,main_thread,other_application_symbol,/root/cc-perf-native-recv-0909/gc-leaf-census-20260911/compile-v2/cc-diagnostic,perry_runtime::buffer::header::is_data_view,no_pgcm_function_at_start,,3,15557423
between_phases,main_thread,other_application_symbol,/root/cc-perf-native-recv-0909/gc-leaf-census-20260911/compile-v2/cc-diagnostic,perry_runtime::buffer::exotic_view::is_non_indexed_buffer_view,no_pgcm_function_at_start,,3,15553210
command,main_thread,other_application_symbol,/root/cc-perf-native-recv-0909/gc-leaf-census-20260911/compile-v2/cc-diagnostic,perry_runtime::gc::layout_slot_visit::visit_gc_rewrite_slots::<<perry_runtime::gc::copying::CopyingNurseryCollector>::scan_object_fields::{closure#0}>::{closure#0},no_pgcm_function_at_start,,3,15539534
startup,main_thread,other_application_symbol,/root/cc-perf-native-recv-0909/gc-leaf-census-20260911/compile-v2/cc-diagnostic,<regex_automata::nfa::thompson::compiler::Compiler>::c,no_pgcm_function_at_start,,3,15535115
startup,main_thread,other_application_symbol,/root/cc-perf-native-recv-0909/gc-leaf-census-20260911/compile-v2/cc-diagnostic,perry_runtime::arena::page_meta::old_object_page_overlaps,no_pgcm_function_at_start,,3,15480530
between_phases,main_thread,runtime_helper_source_bound,/root/cc-perf-native-recv-0909/gc-leaf-census-20260911/compile-v2/cc-diagnostic,js_object_get_field_ic,no_pgcm_function_at_start,,3,15411994
command,main_thread,other_application_symbol,/root/cc-perf-native-recv-0909/gc-leaf-census-20260911/compile-v2/cc-diagnostic,perry_runtime::gc::young_log::addr_is_minor_relevant,no_pgcm_function_at_start,,3,15305559
startup,main_thread,other_application_symbol,/root/cc-perf-native-recv-0909/gc-leaf-census-20260911/compile-v2/cc-diagnostic,perry_runtime::arena::block::arena_cell_alloc,no_pgcm_function_at_start,,3,15284152
startup,main_thread,runtime_export_prefix_only,/root/cc-perf-native-recv-0909/gc-leaf-census-20260911/compile-v2/cc-diagnostic,js_string_intern,no_pgcm_function_at_start,,3,15252513
startup,main_thread,runtime_helper_source_bound,/root/cc-perf-native-recv-0909/gc-leaf-census-20260911/compile-v2/cc-diagnostic,js_to_primitive,no_pgcm_function_at_start,,3,15135762
startup,main_thread,runtime_helper_source_bound,/root/cc-perf-native-recv-0909/gc-leaf-census-20260911/compile-v2/cc-diagnostic,js_typed_feedback_class_field_set_guard,no_pgcm_function_at_start,,3,15044382
between_phases,main_thread,other_application_symbol,/root/cc-perf-native-recv-0909/gc-leaf-census-20260911/compile-v2/cc-diagnostic,_mi_page_malloc_zero,no_pgcm_function_at_start,,3,14989846
startup,main_thread,other_application_symbol,/root/cc-perf-native-recv-0909/gc-leaf-census-20260911/compile-v2/cc-diagnostic,perry_runtime::array::element_shape::clear_element_shape,no_pgcm_function_at_start,,3,14829949
between_phases,foreign_pid,other_dso,/usr/lib/x86_64-linux-gnu/libc.so.6,pthread_mutex_unlock@@GLIBC_2.2.5,not_application_dso,,7,14811616
between_phases,foreign_pid,other_dso,/usr/bin/node,ustr_hashUCharsN_78,not_application_dso,,1,14474159
startup,main_thread,other_application_symbol,/root/cc-perf-native-recv-0909/gc-leaf-census-20260911/compile-v2/cc-diagnostic,perry_runtime::closure::registry::resolve_strategy_slow,no_pgcm_function_at_start,,3,14423040
command,main_thread,other_application_symbol,/root/cc-perf-native-recv-0909/gc-leaf-census-20260911/compile-v2/cc-diagnostic,perry_runtime::arena::allocators::arena_alloc,no_pgcm_function_at_start,,3,14268304
between_phases,main_thread,other_application_symbol,/root/cc-perf-native-recv-0909/gc-leaf-census-20260911/compile-v2/cc-diagnostic,perry_runtime::object::shapes::shape_descriptor_by_id,no_pgcm_function_at_start,,3,14036671
startup,main_thread,other_application_symbol,/root/cc-perf-native-recv-0909/gc-leaf-census-20260911/compile-v2/cc-diagnostic,perry_runtime::string::string_storage_alloc,no_pgcm_function_at_start,,3,13633221
command,main_thread,other_application_symbol,/root/cc-perf-native-recv-0909/gc-leaf-census-20260911/compile-v2/cc-diagnostic,perry_runtime::object::shapes::stamp_object_shape_id_with_carrier_note,no_pgcm_function_at_start,,3,13097996
startup,foreign_pid,unknown_symbol,[unknown],[unknown],not_application_dso,,54,12440471
between_phases,main_thread,runtime_helper_source_bound,/root/cc-perf-native-recv-0909/gc-leaf-census-20260911/compile-v2/cc-diagnostic,js_to_primitive,no_pgcm_function_at_start,,3,12417685
startup,main_thread,other_application_symbol,/root/cc-perf-native-recv-0909/gc-leaf-census-20260911/compile-v2/cc-diagnostic,<std::hash::random::RandomState as core::hash::BuildHasher>::hash_one::<&str>,no_pgcm_function_at_start,,2,12303554
command,main_thread,unknown_symbol,[unknown],[unknown],not_application_dso,,3,11786384
startup,main_thread,other_application_symbol,/root/cc-perf-native-recv-0909/gc-leaf-census-20260911/compile-v2/cc-diagnostic,perry_runtime::object::native_call_method::primitive_methods::dispatch_primitive,no_pgcm_function_at_start,,2,11272605
startup,main_thread,runtime_helper_source_bound,/root/cc-perf-native-recv-0909/gc-leaf-census-20260911/compile-v2/cc-diagnostic,js_object_set_field,no_pgcm_function_at_start,,2,10817397
startup,main_thread,other_application_symbol,/root/cc-perf-native-recv-0909/gc-leaf-census-20260911/compile-v2/cc-diagnostic,perry_runtime::gc::verify::rebuild_evacuated_old_to_young_remembered_set,no_pgcm_function_at_start,,2,10693582
between_phases,main_thread,other_application_symbol,/root/cc-perf-native-recv-0909/gc-leaf-census-20260911/compile-v2/cc-diagnostic,perry_runtime::object::descriptor_state::prune_dead_descriptor_owner_entries,no_pgcm_function_at_start,,2,10644672
between_phases,main_thread,other_application_symbol,/root/cc-perf-native-recv-0909/gc-leaf-census-20260911/compile-v2/cc-diagnostic,perry_runtime::object::shapes::prune_dead_shape_keys,no_pgcm_function_at_start,,2,10640119
command,main_thread,other_application_symbol,/root/cc-perf-native-recv-0909/gc-leaf-census-20260911/compile-v2/cc-diagnostic,<perry_runtime::gc::dead_owner::PostTraceProbe>::owner_is_dead,no_pgcm_function_at_start,,2,10636620
command,main_thread,other_application_symbol,/root/cc-perf-native-recv-0909/gc-leaf-census-20260911/compile-v2/cc-diagnostic,perry_runtime::symbol::is_immortal_symbol_pointer,no_pgcm_function_at_start,,2,10612402
between_phases,main_thread,other_application_symbol,/root/cc-perf-native-recv-0909/gc-leaf-census-20260911/compile-v2/cc-diagnostic,perry_runtime::array::element_shape::forget_element_shape,no_pgcm_function_at_start,,2,10601220
command,main_thread,other_application_symbol,/root/cc-perf-native-recv-0909/gc-leaf-census-20260911/compile-v2/cc-diagnostic,perry_runtime::closure::box_captures::decrement_cell_capture_count,no_pgcm_function_at_start,,2,10595427
command,main_thread,other_application_symbol,/root/cc-perf-native-recv-0909/gc-leaf-census-20260911/compile-v2/cc-diagnostic,perry_runtime::gc::layout::layout_rebuild_from_slots_with_policy,no_pgcm_function_at_start,,2,10582381
command,main_thread,other_application_symbol,/root/cc-perf-native-recv-0909/gc-leaf-census-20260911/compile-v2/cc-diagnostic,perry_runtime::typed_feedback::plain_array_index_guard,no_pgcm_function_at_start,,2,10558240
command,main_thread,other_application_symbol,/root/cc-perf-native-recv-0909/gc-leaf-census-20260911/compile-v2/cc-diagnostic,perry_runtime::object::exotic_expando::expando_clear_on_alloc,no_pgcm_function_at_start,,2,10558041
command,main_thread,other_application_symbol,/root/cc-perf-native-recv-0909/gc-leaf-census-20260911/compile-v2/cc-diagnostic,perry_runtime::gc::barrier::scan_dirty_object_slots::{closure#1},no_pgcm_function_at_start,,2,10557125
startup,main_thread,other_application_symbol,/root/cc-perf-native-recv-0909/gc-leaf-census-20260911/compile-v2/cc-diagnostic,mi_bitmap_setN,no_pgcm_function_at_start,,2,10552001
between_phases,main_thread,other_application_symbol,/root/cc-perf-native-recv-0909/gc-leaf-census-20260911/compile-v2/cc-diagnostic,perry_runtime::object::descriptor_state::prune_dead_descriptor_owner_entries::{closure#0},no_pgcm_function_at_start,,2,10548867
command,main_thread,other_application_symbol,/root/cc-perf-native-recv-0909/gc-leaf-census-20260911/compile-v2/cc-diagnostic,<std::hash::random::RandomState as core::hash::BuildHasher>::hash_one::<&char>,no_pgcm_function_at_start,,2,10542886
between_phases,main_thread,other_application_symbol,/root/cc-perf-native-recv-0909/gc-leaf-census-20260911/compile-v2/cc-diagnostic,mi_theap_malloc_aligned,no_pgcm_function_at_start,,2,10538392
command,main_thread,other_application_symbol,/root/cc-perf-native-recv-0909/gc-leaf-census-20260911/compile-v2/cc-diagnostic,perry_runtime::object::has_own_helpers::array_own_key_present,no_pgcm_function_at_start,,2,10535139
startup,main_thread,other_application_symbol,/root/cc-perf-native-recv-0909/gc-leaf-census-20260911/compile-v2/cc-diagnostic,perry_runtime::object::live_slots::object_live_slot_count,no_pgcm_function_at_start,,2,10533099
startup,main_thread,runtime_helper_source_bound,/root/cc-perf-native-recv-0909/gc-leaf-census-20260911/compile-v2/cc-diagnostic,js_array_length,no_pgcm_function_at_start,,2,10528971
command,main_thread,other_application_symbol,/root/cc-perf-native-recv-0909/gc-leaf-census-20260911/compile-v2/cc-diagnostic,perry_runtime::gc::trace::classifier_valid_object_start,no_pgcm_function_at_start,,2,10527891
command,main_thread,runtime_helper_source_bound,/root/cc-perf-native-recv-0909/gc-leaf-census-20260911/compile-v2/cc-diagnostic,js_string_index_to_i32,no_pgcm_function_at_start,,2,10523949
command,main_thread,other_application_symbol,/root/cc-perf-native-recv-0909/gc-leaf-census-20260911/compile-v2/cc-diagnostic,"core::ptr::drop_glue::<perry_runtime::gc::roots::GcRootRegistryGuard<core::option::Option<std::collections::hash::map::HashMap<alloc::string::String, alloc::vec::Vec<perry_runtime::ui_text_registry::ForEachBinding>>>>>",no_pgcm_function_at_start,,2,10522309
between_phases,main_thread,other_application_symbol,/root/cc-perf-native-recv-0909/gc-leaf-census-20260911/compile-v2/cc-diagnostic,perry_runtime::gc::oldgen::invalidate_dead_old_arena_header,no_pgcm_function_at_start,,2,10515760
startup,main_thread,other_application_symbol,/root/cc-perf-native-recv-0909/gc-leaf-census-20260911/compile-v2/cc-diagnostic,"<hashbrown::map::HashMap<usize, perry_runtime::object::shapes::ShapeIndex, perry_runtime::fast_hash::PtrHasher>>::insert",no_pgcm_function_at_start,,2,10512134
command,main_thread,other_application_symbol,/root/cc-perf-native-recv-0909/gc-leaf-census-20260911/compile-v2/cc-diagnostic,"<std::thread::local::LocalKey<core::cell::RefCell<std::collections::hash::map::HashMap<usize, perry_runtime::typedarray_view::ViewMeta, perry_runtime::fast_hash::PtrHasher>>>>::with::<perry_runtime::typedarray_view::view_meta_of::{closure#0}, core::option::Option<perry_runtime::typedarray_view::ViewMeta>>",no_pgcm_function_at_start,,2,10510057
between_phases,main_thread,other_application_symbol,/root/cc-perf-native-recv-0909/gc-leaf-census-20260911/compile-v2/cc-diagnostic,<perry_runtime::gc::roots::RuntimeRootVisitor>::visit_nanbox_u64_raw_slot,no_pgcm_function_at_start,,2,10508691
command,main_thread,other_application_symbol,/root/cc-perf-native-recv-0909/gc-leaf-census-20260911/compile-v2/cc-diagnostic,<perry_runtime::gc::roots::runtime_handles::RuntimeHandleScope>::root_raw_mut_ptr::<perry_runtime::map::MapHeader>,no_pgcm_function_at_start,,2,10507445
command,main_thread,other_application_symbol,/root/cc-perf-native-recv-0909/gc-leaf-census-20260911/compile-v2/cc-diagnostic,perry_runtime::gc::old_free::old_free_take_exact,no_pgcm_function_at_start,,2,10507219
command,main_thread,other_application_symbol,/root/cc-perf-native-recv-0909/gc-leaf-census-20260911/compile-v2/cc-diagnostic,perry_runtime::object::prop_plan::store_plan_check,no_pgcm_function_at_start,,2,10506193
command,main_thread,other_application_symbol,/root/cc-perf-native-recv-0909/gc-leaf-census-20260911/compile-v2/cc-diagnostic,perry_runtime::typedarray::store_at,no_pgcm_function_at_start,,2,10505914
startup,main_thread,runtime_helper_source_bound,/root/cc-perf-native-recv-0909/gc-leaf-census-20260911/compile-v2/cc-diagnostic,js_jsvalue_to_string,no_pgcm_function_at_start,,2,10504300
startup,main_thread,runtime_helper_source_bound,/root/cc-perf-native-recv-0909/gc-leaf-census-20260911/compile-v2/cc-diagnostic,js_closure_call1_receiverless,no_pgcm_function_at_start,,2,10503604
startup,main_thread,other_application_symbol,/root/cc-perf-native-recv-0909/gc-leaf-census-20260911/compile-v2/cc-diagnostic,perry_runtime::process::env_misc::process_env_has_field,no_pgcm_function_at_start,,2,10501380
command,main_thread,other_application_symbol,/root/cc-perf-native-recv-0909/gc-leaf-census-20260911/compile-v2/cc-diagnostic,perry_runtime::object::class_registry::prototype_objects::class_prototype_object,no_pgcm_function_at_start,,2,10500246
command,main_thread,other_application_symbol,/root/cc-perf-native-recv-0909/gc-leaf-census-20260911/compile-v2/cc-diagnostic,perry_runtime::arena::page_meta::old_page_account_dirty_slots,no_pgcm_function_at_start,,2,10498751
command,main_thread,other_application_symbol,/root/cc-perf-native-recv-0909/gc-leaf-census-20260911/compile-v2/cc-diagnostic,perry_runtime::regex::lookup_repeat_matcher,no_pgcm_function_at_start,,2,10493136
startup,main_thread,other_application_symbol,/root/cc-perf-native-recv-0909/gc-leaf-census-20260911/compile-v2/cc-diagnostic,perry_runtime::object::object_ops::keys_array::own_key_present,no_pgcm_function_at_start,,2,10492887
command,main_thread,other_application_symbol,/root/cc-perf-native-recv-0909/gc-leaf-census-20260911/compile-v2/cc-diagnostic,perry_runtime::typed_feedback::guards::descriptor_blocks_class_field_set,no_pgcm_function_at_start,,2,10491988
startup,main_thread,runtime_helper_source_bound,/root/cc-perf-native-recv-0909/gc-leaf-census-20260911/compile-v2/cc-diagnostic,js_number_coerce,no_pgcm_function_at_start,,2,10491738
command,main_thread,other_application_symbol,/root/cc-perf-native-recv-0909/gc-leaf-census-20260911/compile-v2/cc-diagnostic,perry_runtime::object::live_slots::object_live_slot_count,no_pgcm_function_at_start,,2,10490709
command,main_thread,other_application_symbol,/root/cc-perf-native-recv-0909/gc-leaf-census-20260911/compile-v2/cc-diagnostic,perry_runtime::iter_result::build_iter_result_ordered,no_pgcm_function_at_start,,2,10487988
command,main_thread,other_application_symbol,/root/cc-perf-native-recv-0909/gc-leaf-census-20260911/compile-v2/cc-diagnostic,perry_runtime::timer::ref_states::is_known_timer_id_slow,no_pgcm_function_at_start,,2,10486599
command,main_thread,compiled_function_prefix,/root/cc-perf-native-recv-0909/gc-leaf-census-20260911/compile-v2/cc-diagnostic,perry_closure_cli_2_1_112_js__36650,exact_start_and_symbol,101:22,2,10484217
command,main_thread,runtime_helper_source_bound,/root/cc-perf-native-recv-0909/gc-leaf-census-20260911/compile-v2/cc-diagnostic,js_dyn_index_set_strict,no_pgcm_function_at_start,,2,10483680
command,main_thread,other_application_symbol,/root/cc-perf-native-recv-0909/gc-leaf-census-20260911/compile-v2/cc-diagnostic,perry_runtime::array::element_shape::clear_element_shape,no_pgcm_function_at_start,,2,10482936
command,main_thread,compiled_function_prefix,/root/cc-perf-native-recv-0909/gc-leaf-census-20260911/compile-v2/cc-diagnostic,perry_fn_cli_2_1_112_js__Ez4,exact_start_and_symbol,63:39,2,10480707
command,main_thread,other_application_symbol,/root/cc-perf-native-recv-0909/gc-leaf-census-20260911/compile-v2/cc-diagnostic,<perry_runtime::gc::roots::RuntimeRootVisitor>::visit_tagged_raw_addr,no_pgcm_function_at_start,,2,10477241
between_phases,main_thread,other_application_symbol,/root/cc-perf-native-recv-0909/gc-leaf-census-20260911/compile-v2/cc-diagnostic,perry_runtime::box::scan_box_roots_mut,no_pgcm_function_at_start,,2,10475871
command,main_thread,compiled_function_prefix,/root/cc-perf-native-recv-0909/gc-leaf-census-20260911/compile-v2/cc-diagnostic,perry_closure_cli_2_1_112_js__37648,exact_start_and_symbol,94:6,2,10475064
command,main_thread,other_application_symbol,/root/cc-perf-native-recv-0909/gc-leaf-census-20260911/compile-v2/cc-diagnostic,perry_runtime::string::compare::js_string_key_matches,no_pgcm_function_at_start,,2,10474505
command,main_thread,other_dso,/usr/lib/x86_64-linux-gnu/libc.so.6,__memset_avx512_unaligned_erms,not_application_dso,,2,10473998
command,main_thread,other_application_symbol,/root/cc-perf-native-recv-0909/gc-leaf-census-20260911/compile-v2/cc-diagnostic,perry_runtime::object::class_registry::dispatch::obj_dispatch_ic_lookup,no_pgcm_function_at_start,,2,10468975
command,main_thread,other_application_symbol,/root/cc-perf-native-recv-0909/gc-leaf-census-20260911/compile-v2/cc-diagnostic,"<hashbrown::map::HashMap<usize, perry_runtime::gc::layout::slot_mask::LayoutSlotMask, perry_runtime::fast_hash::PtrHasher>>::get_mut::<usize>",no_pgcm_function_at_start,,2,10461873
command,main_thread,other_application_symbol,/root/cc-perf-native-recv-0909/gc-leaf-census-20260911/compile-v2/cc-diagnostic,perry_runtime::array::indexing::keyed::js_array_set_index_or_string_with_strictness,no_pgcm_function_at_start,,2,10461651
startup,main_thread,runtime_helper_source_bound,/root/cc-perf-native-recv-0909/gc-leaf-census-20260911/compile-v2/cc-diagnostic,js_object_set_field_by_name,no_pgcm_function_at_start,,2,10461339
command,main_thread,other_application_symbol,/root/cc-perf-native-recv-0909/gc-leaf-census-20260911/compile-v2/cc-diagnostic,perry_runtime::gc::trace::drain_trace_worklist_step,no_pgcm_function_at_start,,2,10458747
command,main_thread,other_application_symbol,/root/cc-perf-native-recv-0909/gc-leaf-census-20260911/compile-v2/cc-diagnostic,perry_runtime::array::indexing_support::keys_array_slot,no_pgcm_function_at_start,,2,10457789
command,main_thread,other_application_symbol,/root/cc-perf-native-recv-0909/gc-leaf-census-20260911/compile-v2/cc-diagnostic,perry_runtime::object::spill::overflow_get,no_pgcm_function_at_start,,2,10456869
startup,main_thread,other_application_symbol,/root/cc-perf-native-recv-0909/gc-leaf-census-20260911/compile-v2/cc-diagnostic,perry_runtime::gc::layout_tables::slot_masks_insert,no_pgcm_function_at_start,,2,10456480
startup,main_thread,other_application_symbol,/root/cc-perf-native-recv-0909/gc-leaf-census-20260911/compile-v2/cc-diagnostic,perry_runtime::value::addr_class::try_read_tracked_gc_header,no_pgcm_function_at_start,,2,10452274
between_phases,main_thread,other_application_symbol,/root/cc-perf-native-recv-0909/gc-leaf-census-20260911/compile-v2/cc-diagnostic,perry_runtime::gc::layout_slot_visit::fixed_slot,no_pgcm_function_at_start,,2,10446647
command,main_thread,other_application_symbol,/root/cc-perf-native-recv-0909/gc-leaf-census-20260911/compile-v2/cc-diagnostic,perry_runtime::gc::layout_tables::layout_addr_filter_add,no_pgcm_function_at_start,,2,10437064
startup,main_thread,other_application_symbol,/root/cc-perf-native-recv-0909/gc-leaf-census-20260911/compile-v2/cc-diagnostic,<perry_runtime::gc::layout::HeapChildSlotIterator>::new,no_pgcm_function_at_start,,2,10435545
command,main_thread,other_application_symbol,/root/cc-perf-native-recv-0909/gc-leaf-census-20260911/compile-v2/cc-diagnostic,perry_runtime::arena::page_meta::classify_heap_generation_uncached,no_pgcm_function_at_start,,2,10434120
between_phases,main_thread,other_application_symbol,/root/cc-perf-native-recv-0909/gc-leaf-census-20260911/compile-v2/cc-diagnostic,"<hashbrown::map::HashMap<usize, (), perry_runtime::fast_hash::PtrHasher>>::insert",no_pgcm_function_at_start,,2,10430460
startup,main_thread,other_application_symbol,/root/cc-perf-native-recv-0909/gc-leaf-census-20260911/compile-v2/cc-diagnostic,perry_runtime::gc::forwarding::forwarding_target_is_object_start,no_pgcm_function_at_start,,2,10429702
startup,main_thread,other_application_symbol,/root/cc-perf-native-recv-0909/gc-leaf-census-20260911/compile-v2/cc-diagnostic,perry_runtime::proxy::reflect_value_is_object,no_pgcm_function_at_start,,2,10410791
startup,main_thread,other_application_symbol,/root/cc-perf-native-recv-0909/gc-leaf-census-20260911/compile-v2/cc-diagnostic,perry_runtime::closure::dynamic_props::merge_closure_prop_map,no_pgcm_function_at_start,,2,10410050
command,main_thread,other_application_symbol,/root/cc-perf-native-recv-0909/gc-leaf-census-20260911/compile-v2/cc-diagnostic,perry_runtime::gc::barrier::write_barrier_slot_decoded,no_pgcm_function_at_start,,2,10409863
startup,main_thread,other_application_symbol,/root/cc-perf-native-recv-0909/gc-leaf-census-20260911/compile-v2/cc-diagnostic,perry_runtime::gc::barrier::write_barrier_decoded_parent,no_pgcm_function_at_start,,2,10406288
command,main_thread,other_application_symbol,/root/cc-perf-native-recv-0909/gc-leaf-census-20260911/compile-v2/cc-diagnostic,perry_runtime::object::keys_lookup::keys_find_slot_by_key_ptr,no_pgcm_function_at_start,,2,10406113
command,main_thread,other_application_symbol,/root/cc-perf-native-recv-0909/gc-leaf-census-20260911/compile-v2/cc-diagnostic,perry_runtime::object::keys_lookup::keys_array_dense_slots,no_pgcm_function_at_start,,2,10403798
startup,main_thread,other_application_symbol,/root/cc-perf-native-recv-0909/gc-leaf-census-20260911/compile-v2/cc-diagnostic,perry_runtime::object::string_wrapper::has_index_key,no_pgcm_function_at_start,,2,10399614
command,main_thread,other_application_symbol,/root/cc-perf-native-recv-0909/gc-leaf-census-20260911/compile-v2/cc-diagnostic,perry_runtime::closure::dynamic_props::closure_get_dynamic_prop,no_pgcm_function_at_start,,2,10391564
command,main_thread,other_application_symbol,/root/cc-perf-native-recv-0909/gc-leaf-census-20260911/compile-v2/cc-diagnostic,perry_runtime::gc::forwarding::forwarding_target_is_object_start,no_pgcm_function_at_start,,2,10391052
command,main_thread,other_application_symbol,/root/cc-perf-native-recv-0909/gc-leaf-census-20260911/compile-v2/cc-diagnostic,<perry_runtime::gc::layout::HeapChildSlotIterator>::new,no_pgcm_function_at_start,,2,10390070
startup,main_thread,runtime_helper_source_bound,/root/cc-perf-native-recv-0909/gc-leaf-census-20260911/compile-v2/cc-diagnostic,js_to_property_key,no_pgcm_function_at_start,,2,10388445
between_phases,main_thread,other_application_symbol,/root/cc-perf-native-recv-0909/gc-leaf-census-20260911/compile-v2/cc-diagnostic,perry_runtime::buffer::view::remove_entries_for_dead_buffer,no_pgcm_function_at_start,,2,10383835
command,main_thread,other_application_symbol,/root/cc-perf-native-recv-0909/gc-leaf-census-20260911/compile-v2/cc-diagnostic,perry_runtime::array::iter_object::make_pair_array,no_pgcm_function_at_start,,2,10382394
between_phases,main_thread,other_application_symbol,/root/cc-perf-native-recv-0909/gc-leaf-census-20260911/compile-v2/cc-diagnostic,perry_runtime::arena::page_meta::flush_deferred_old_page_registrations_batch,no_pgcm_function_at_start,,2,10380000
startup,main_thread,other_application_symbol,/root/cc-perf-native-recv-0909/gc-leaf-census-20260911/compile-v2/cc-diagnostic,<core::str::lossy::Utf8Chunks as core::iter::traits::iterator::Iterator>::next,no_pgcm_function_at_start,,2,10379048
command,main_thread,other_application_symbol,/root/cc-perf-native-recv-0909/gc-leaf-census-20260911/compile-v2/cc-diagnostic,perry_runtime::object::class_registry::parent_static::is_class_object_ptr,no_pgcm_function_at_start,,2,10367240
command,main_thread,other_application_symbol,/root/cc-perf-native-recv-0909/gc-leaf-census-20260911/compile-v2/cc-diagnostic,<perry_runtime::gc::trace::ValidPointerSetBuilder>::step,no_pgcm_function_at_start,,2,10364888
between_phases,main_thread,other_application_symbol,/root/cc-perf-native-recv-0909/gc-leaf-census-20260911/compile-v2/cc-diagnostic,perry_runtime::gc::young_log::addr_is_minor_relevant,no_pgcm_function_at_start,,2,10362097
between_phases,main_thread,other_application_symbol,/root/cc-perf-native-recv-0909/gc-leaf-census-20260911/compile-v2/cc-diagnostic,mi_malloc_aligned,no_pgcm_function_at_start,,2,10338602
command,main_thread,other_application_symbol,/root/cc-perf-native-recv-0909/gc-leaf-census-20260911/compile-v2/cc-diagnostic,perry_runtime::object::shapes::publish_object_shape_from,no_pgcm_function_at_start,,2,10338475
startup,main_thread,other_application_symbol,/root/cc-perf-native-recv-0909/gc-leaf-census-20260911/compile-v2/cc-diagnostic,"core::slice::sort::unstable::quicksort::quicksort::<usize, <usize as core::cmp::PartialOrd>::lt>",no_pgcm_function_at_start,,2,10335985
startup,main_thread,other_application_symbol,/root/cc-perf-native-recv-0909/gc-leaf-census-20260911/compile-v2/cc-diagnostic,<regex_automata::meta::regex::Regex>::search_half,no_pgcm_function_at_start,,2,10335237
command,main_thread,runtime_helper_source_bound,/root/cc-perf-native-recv-0909/gc-leaf-census-20260911/compile-v2/cc-diagnostic,js_string_concat_box,no_pgcm_function_at_start,,2,10332818
between_phases,main_thread,other_application_symbol,/root/cc-perf-native-recv-0909/gc-leaf-census-20260911/compile-v2/cc-diagnostic,<perry_runtime::gc::roots::RuntimeRootVisitor>::visit_metadata_usize_slot,no_pgcm_function_at_start,,2,10330566
startup,main_thread,other_application_symbol,/root/cc-perf-native-recv-0909/gc-leaf-census-20260911/compile-v2/cc-diagnostic,perry_runtime::object::class_registry::class_meta::is_anon_shape_class_id,no_pgcm_function_at_start,,2,10329112
between_phases,main_thread,other_application_symbol,/root/cc-perf-native-recv-0909/gc-leaf-census-20260911/compile-v2/cc-diagnostic,perry_runtime::buffer::header::foreign_backing,no_pgcm_function_at_start,,2,10315343
between_phases,main_thread,other_application_symbol,/root/cc-perf-native-recv-0909/gc-leaf-census-20260911/compile-v2/cc-diagnostic,"core::slice::sort::unstable::quicksort::quicksort::<usize, <usize as core::cmp::PartialOrd>::lt>",no_pgcm_function_at_start,,2,10306344
between_phases,main_thread,other_application_symbol,/root/cc-perf-native-recv-0909/gc-leaf-census-20260911/compile-v2/cc-diagnostic,perry_runtime::object::alloc::object_alloc_class_inline_keys_impl,no_pgcm_function_at_start,,2,10304826
startup,main_thread,other_application_symbol,/root/cc-perf-native-recv-0909/gc-leaf-census-20260911/compile-v2/cc-diagnostic,perry_runtime::url::search_params::shape_is_url_search_params,no_pgcm_function_at_start,,2,10297135
startup,main_thread,other_application_symbol,/root/cc-perf-native-recv-0909/gc-leaf-census-20260911/compile-v2/cc-diagnostic,perry_runtime::typed_feedback::guards::class_setter_in_chain,no_pgcm_function_at_start,,2,10277507
command,main_thread,other_application_symbol,/root/cc-perf-native-recv-0909/gc-leaf-census-20260911/compile-v2/cc-diagnostic,<perry_runtime::object::shapes::shapes_slot_list::SlotIndex>::insert,no_pgcm_function_at_start,,2,10276527
command,main_thread,other_application_symbol,/root/cc-perf-native-recv-0909/gc-leaf-census-20260911/compile-v2/cc-diagnostic,"perry_runtime::object::with_transition_cache::<perry_runtime::object::TransitionEntry, perry_runtime::object::transition_cache_lookup::{closure#0}>",no_pgcm_function_at_start,,2,10215598
command,main_thread,other_application_symbol,/root/cc-perf-native-recv-0909/gc-leaf-census-20260911/compile-v2/cc-diagnostic,<perry_runtime::object::shapes::shapes_store::ShapeSlab>::insert,no_pgcm_function_at_start,,2,10197251
between_phases,main_thread,other_application_symbol,/root/cc-perf-native-recv-0909/gc-leaf-census-20260911/compile-v2/cc-diagnostic,<perry_runtime::gc::roots::RuntimeRootVisitor>::visit_tagged_raw_addr,no_pgcm_function_at_start,,2,10168122
command,main_thread,other_application_symbol,/root/cc-perf-native-recv-0909/gc-leaf-census-20260911/compile-v2/cc-diagnostic,<regex_automata::nfa::thompson::map::Utf8BoundedEntry as alloc::vec::spec_from_elem::SpecFromElem>::from_elem::<alloc::alloc::Global>,no_pgcm_function_at_start,,2,10134973
startup,main_thread,other_application_symbol,/root/cc-perf-native-recv-0909/gc-leaf-census-20260911/compile-v2/cc-diagnostic,perry_runtime::typed_feedback::object_shape,no_pgcm_function_at_start,,2,10120694
startup,main_thread,other_application_symbol,/root/cc-perf-native-recv-0909/gc-leaf-census-20260911/compile-v2/cc-diagnostic,<perry_runtime::gc::copying_pointer_set::CopyingPointerSet>::classify_malloc,no_pgcm_function_at_start,,2,10104443
command,main_thread,other_application_symbol,/root/cc-perf-native-recv-0909/gc-leaf-census-20260911/compile-v2/cc-diagnostic,<perry_runtime::gc::layout::GcMutableSlotDescriptor>::visit_slots,no_pgcm_function_at_start,,2,10102177
between_phases,foreign_pid,other_dso,/usr/bin/node,Builtins_LoadIC_NoFeedback,not_application_dso,,1,10099198
startup,main_thread,other_application_symbol,/root/cc-perf-native-recv-0909/gc-leaf-census-20260911/compile-v2/cc-diagnostic,perry_runtime::regex::grammar::js_regex_to_rust_with_flags,no_pgcm_function_at_start,,2,10057693
command,main_thread,other_application_symbol,/root/cc-perf-native-recv-0909/gc-leaf-census-20260911/compile-v2/cc-diagnostic,perry_runtime::object::field_get_set::accessors::prototype_property_value_with_guard,no_pgcm_function_at_start,,2,10047637
startup,main_thread,other_application_symbol,/root/cc-perf-native-recv-0909/gc-leaf-census-20260911/compile-v2/cc-diagnostic,perry_runtime::array::subclass::note_array_subclass_index_write,no_pgcm_function_at_start,,2,10034792
between_phases,main_thread,other_application_symbol,/root/cc-perf-native-recv-0909/gc-leaf-census-20260911/compile-v2/cc-diagnostic,perry_runtime::object::descriptor_state::gc_scan::scan_descriptor_roots_mut,no_pgcm_function_at_start,,2,10009387
between_phases,main_thread,compiled_function_prefix,/root/cc-perf-native-recv-0909/gc-leaf-census-20260911/compile-v2/cc-diagnostic,perry_fn_cli_2_1_112_js__GW7,exact_start_and_symbol,8:0,2,9998741
startup,main_thread,other_application_symbol,/root/cc-perf-native-recv-0909/gc-leaf-census-20260911/compile-v2/cc-diagnostic,perry_runtime::typedarray::lookup_registered_typed_array_kind,no_pgcm_function_at_start,,2,9992082
command,main_thread,other_application_symbol,/root/cc-perf-native-recv-0909/gc-leaf-census-20260911/compile-v2/cc-diagnostic,perry_runtime::typed_feedback::registry,no_pgcm_function_at_start,,2,9990616
between_phases,main_thread,runtime_helper_source_bound,/root/cc-perf-native-recv-0909/gc-leaf-census-20260911/compile-v2/cc-diagnostic,js_object_set_field,no_pgcm_function_at_start,,2,9961715
command,main_thread,other_application_symbol,/root/cc-perf-native-recv-0909/gc-leaf-census-20260911/compile-v2/cc-diagnostic,perry_runtime::gc::barrier::remembered_child_needs_tracking,no_pgcm_function_at_start,,2,9941350
between_phases,main_thread,other_application_symbol,/root/cc-perf-native-recv-0909/gc-leaf-census-20260911/compile-v2/cc-diagnostic,perry_runtime::object::shapes::shape_object_kind_by_id,no_pgcm_function_at_start,,2,9923042
startup,foreign_pid,other_dso,/usr/bin/node,v8::internal::compiler::ConstraintBuilder::ResolvePhis(v8::internal::compiler::InstructionBlock const*),not_application_dso,,1,9914763
startup,foreign_pid,other_dso,/usr/lib/x86_64-linux-gnu/libstdc++.so.6.0.33,std::_Rb_tree_increment(std::_Rb_tree_node_base const*),not_application_dso,,3,9817462
between_phases,foreign_pid,other_dso,/usr/bin/node,Builtins_Decrement_Baseline,not_application_dso,,1,9708920
startup,main_thread,other_application_symbol,/root/cc-perf-native-recv-0909/gc-leaf-census-20260911/compile-v2/cc-diagnostic,perry_runtime::map::is_registered_map,no_pgcm_function_at_start,,2,9668978
startup,main_thread,other_application_symbol,/root/cc-perf-native-recv-0909/gc-leaf-census-20260911/compile-v2/cc-diagnostic,core::ptr::drop_glue::<regex_automata::nfa::thompson::compiler::Compiler>,no_pgcm_function_at_start,,2,9667516
startup,main_thread,other_application_symbol,/root/cc-perf-native-recv-0909/gc-leaf-census-20260911/compile-v2/cc-diagnostic,"<&mut perry_runtime::gc::copying::run_copied_minor_attempt::{closure#0} as core::ops::function::FnMut<(perry_runtime::gc::roots::MutableRootSlot,)>>::call_mut",no_pgcm_function_at_start,,2,9641583
startup,main_thread,other_application_symbol,/root/cc-perf-native-recv-0909/gc-leaf-census-20260911/compile-v2/cc-diagnostic,mi_page_free_list_extend,no_pgcm_function_at_start,,2,9621876
startup,main_thread,other_application_symbol,/root/cc-perf-native-recv-0909/gc-leaf-census-20260911/compile-v2/cc-diagnostic,<perry_runtime::object::shapes::ShapeTableInner>::family_append_fresh,no_pgcm_function_at_start,,2,9619557
startup,main_thread,other_application_symbol,/root/cc-perf-native-recv-0909/gc-leaf-census-20260911/compile-v2/cc-diagnostic,perry_runtime::buffer::header::is_data_view,no_pgcm_function_at_start,,2,9618810
between_phases,foreign_pid,other_dso,/usr/bin/node,"std::_Rb_tree<int, std::pair<int const, int>, std::_Select1st<std::pair<int const, int> >, std::less<int>, v8::internal::ZoneAllocator<std::pair<int const, int> > >::_M_erase(std::_Rb_tree_node<std::pair<int const, int> >*)",not_application_dso,,1,9579914
startup,main_thread,other_application_symbol,/root/cc-perf-native-recv-0909/gc-leaf-census-20260911/compile-v2/cc-diagnostic,perry_runtime::object::object_ops::keys_array::ensure_key_in_keys_array,no_pgcm_function_at_start,,2,9555927
command,main_thread,other_application_symbol,/root/cc-perf-native-recv-0909/gc-leaf-census-20260911/compile-v2/cc-diagnostic,perry_runtime::closure::registry::body_record::{closure#0},no_pgcm_function_at_start,,2,9528099
startup,main_thread,other_application_symbol,/root/cc-perf-native-recv-0909/gc-leaf-census-20260911/compile-v2/cc-diagnostic,mi_theap_umalloc,no_pgcm_function_at_start,,2,9524078
startup,main_thread,other_application_symbol,/root/cc-perf-native-recv-0909/gc-leaf-census-20260911/compile-v2/cc-diagnostic,perry_runtime::typed_feedback::guards::descriptor_blocks_class_field_set,no_pgcm_function_at_start,,1,9467160
command,main_thread,other_application_symbol,/root/cc-perf-native-recv-0909/gc-leaf-census-20260911/compile-v2/cc-diagnostic,perry_runtime::object::field_get_set::has_property::closure_dynamic_prop_by_key,no_pgcm_function_at_start,,2,9454906
between_phases,main_thread,other_application_symbol,/root/cc-perf-native-recv-0909/gc-leaf-census-20260911/compile-v2/cc-diagnostic,perry_runtime::array::header_gc_slots::store_array_slot_resolved,no_pgcm_function_at_start,,2,9436264
startup,main_thread,other_application_symbol,/root/cc-perf-native-recv-0909/gc-leaf-census-20260911/compile-v2/cc-diagnostic,"<hashbrown::raw::RawTable<((usize, alloc::string::String), perry_runtime::object::descriptor_state::AccessorDescriptor)>>::reserve_rehash::<hashbrown::map::make_hasher<(usize, alloc::string::String), perry_runtime::object::descriptor_state::AccessorDescriptor, perry_runtime::fast_hash::FastKeyHasher>::{closure#0}>",no_pgcm_function_at_start,,2,9373661
startup,main_thread,other_application_symbol,/root/cc-perf-native-recv-0909/gc-leaf-census-20260911/compile-v2/cc-diagnostic,<alloc::raw_vec::RawVecInner>::finish_grow,no_pgcm_function_at_start,,2,9282092
startup,main_thread,other_application_symbol,/root/cc-perf-native-recv-0909/gc-leaf-census-20260911/compile-v2/cc-diagnostic,"<hashbrown::map::HashMap<(usize, alloc::string::String), perry_runtime::object::descriptor_state::PropertyAttrs, perry_runtime::fast_hash::FastKeyHasher>>::insert",no_pgcm_function_at_start,,2,9262911
startup,foreign_pid,other_dso,/usr/bin/node,Builtins_InterpreterEntryTrampoline,not_application_dso,,2,9248255
startup,foreign_pid,other_dso,/usr/lib/x86_64-linux-gnu/libc.so.6,_int_free,not_application_dso,,2,9045957
startup,foreign_pid,other_dso,/usr/bin/node,"int v8::internal::Deserializer<v8::internal::Isolate>::ReadSingleBytecodeData<v8::internal::SlotAccessorForHeapObject>(unsigned char, v8::internal::SlotAccessorForHeapObject)",not_application_dso,,2,8994739
between_phases,foreign_pid,other_dso,/usr/bin/node,"v8::internal::HashTable<v8::internal::NameDictionary, v8::internal::NameDictionaryShape>::Rehash(v8::internal::PtrComprCageBase, v8::internal::Tagged<v8::internal::NameDictionary>)",not_application_dso,,1,8910977
startup,main_thread,other_application_symbol,/root/cc-perf-native-recv-0909/gc-leaf-census-20260911/compile-v2/cc-diagnostic,perry_runtime::arena::allocators::arena_alloc,no_pgcm_function_at_start,,2,8631934
between_phases,foreign_pid,other_dso,/usr/bin/node,Builtins_TestEqualStrictHandler,not_application_dso,,1,8618383
startup,foreign_pid,other_dso,/usr/bin/node,v8::internal::Scanner::Next(),not_application_dso,,2,8560175
between_phases,main_thread,other_application_symbol,/root/cc-perf-native-recv-0909/gc-leaf-census-20260911/compile-v2/cc-diagnostic,"<hashbrown::raw::RawTable<(u64, perry_runtime::object::shapes::shapes_store::IdList)>>::shrink_to::<hashbrown::map::make_hasher<u64, perry_runtime::object::shapes::shapes_store::IdList, perry_runtime::fast_hash::PtrHasher>::{closure#0}>",no_pgcm_function_at_start,,2,8507553
between_phases,foreign_pid,other_dso,/usr/lib/x86_64-linux-gnu/libc.so.6,__memset_avx512_unaligned_erms,not_application_dso,,5,8443691
startup,foreign_pid,other_dso,/usr/bin/node,v8::internal::Deserializer<v8::internal::Isolate>::ReadObject(v8::internal::SnapshotSpace),not_application_dso,,2,8374626
between_phases,foreign_pid,other_dso,/usr/bin/node,v8::internal::LiteralBuffer::ExpandBuffer(),not_application_dso,,1,8263644
startup,main_thread,other_application_symbol,/root/cc-perf-native-recv-0909/gc-leaf-census-20260911/compile-v2/cc-diagnostic,perry_runtime::object::descriptor_state::owner_index_add,no_pgcm_function_at_start,,2,7954389
between_phases,foreign_pid,other_dso,/usr/lib/x86_64-linux-gnu/libc.so.6,__strlen_evex,not_application_dso,,2,7857410
between_phases,foreign_pid,other_dso,/usr/bin/node,v8::internal::ParserBase<v8::internal::Parser>::DoParseMemberExpressionContinuation(v8::internal::Expression*),not_application_dso,,1,7851213
between_phases,foreign_pid,other_dso,/usr/bin/node,umtx_unlock_78,not_application_dso,,1,7733645
between_phases,foreign_pid,other_dso,/usr/bin/node,v8::internal::CompareOperation::IsLiteralCompareNull(v8::internal::Expression**),not_application_dso,,1,7469769
startup,foreign_pid,other_dso,/usr/bin/node,OBJ_nid2obj,not_application_dso,,1,7324531
command,main_thread,runtime_helper_source_bound,/root/cc-perf-native-recv-0909/gc-leaf-census-20260911/compile-v2/cc-diagnostic,js_get_string_pointer_unified,no_pgcm_function_at_start,,2,6886829
between_phases,foreign_pid,other_dso,/usr/lib/x86_64-linux-gnu/libc.so.6,_int_free,not_application_dso,,5,6767144
startup,foreign_pid,other_dso,/usr/bin/node,v8::internal::HashSeed::InitializeRoots(v8::internal::Isolate*),not_application_dso,,1,6731782
startup,main_thread,other_application_symbol,/root/cc-perf-native-recv-0909/gc-leaf-census-20260911/compile-v2/cc-diagnostic,perry_runtime::typed_feedback::normalize_raw_object_addr,no_pgcm_function_at_start,,2,6595084
between_phases,foreign_pid,other_dso,/usr/bin/node,Builtins_LdaTrueHandler,not_application_dso,,1,6527317
between_phases,foreign_pid,other_dso,/usr/bin/node,v8::internal::Deserializer<v8::internal::Isolate>::ReadObject(v8::internal::SnapshotSpace),not_application_dso,,1,6475151
startup,main_thread,other_application_symbol,/root/cc-perf-native-recv-0909/gc-leaf-census-20260911/compile-v2/cc-diagnostic,perry_runtime::typedarray::lookup_typed_array_kind,no_pgcm_function_at_start,,1,5970377
between_phases,foreign_pid,other_dso,/usr/bin/node,"v8::internal::HashTable<v8::internal::NameToIndexHashTable, v8::internal::NameToIndexShape>::Rehash(v8::internal::PtrComprCageBase)",not_application_dso,,1,5832942
startup,main_thread,other_application_symbol,/root/cc-perf-native-recv-0909/gc-leaf-census-20260911/compile-v2/cc-diagnostic,perry_runtime::object::native_module::callable_exports::set_bound_native_closure_name,no_pgcm_function_at_start,,1,5728253
startup,main_thread,other_application_symbol,/root/cc-perf-native-recv-0909/gc-leaf-census-20260911/compile-v2/cc-diagnostic,<regex_automata::nfa::thompson::builder::Builder>::add,no_pgcm_function_at_start,,1,5644631
startup,foreign_pid,other_dso,/usr/bin/node,"v8::internal::Deserializer<v8::internal::Isolate>::PostProcessNewObject(v8::internal::DirectHandle<v8::internal::Map>, v8::internal::Handle<v8::internal::HeapObject>, v8::internal::SnapshotSpace)",not_application_dso,,1,5594512
startup,main_thread,other_application_symbol,/root/cc-perf-native-recv-0909/gc-leaf-census-20260911/compile-v2/cc-diagnostic,perry_runtime::object::class_registry::class_meta::identify_global_builtin_constructor,no_pgcm_function_at_start,,1,5519659
between_phases,foreign_pid,other_dso,/usr/bin/node,"void v8::internal::compiler::RepresentationSelector::EnqueueInput<(v8::internal::compiler::Phase)0>(v8::internal::compiler::Node*, int, v8::internal::compiler::UseInfo)",not_application_dso,,1,5496430
between_phases,main_thread,other_application_symbol,/root/cc-perf-native-recv-0909/gc-leaf-census-20260911/compile-v2/cc-diagnostic,perry_runtime::typedarray_props::typed_array_addr_from_value,no_pgcm_function_at_start,,2,5448087
between_phases,main_thread,other_application_symbol,/root/cc-perf-native-recv-0909/gc-leaf-census-20260911/compile-v2/cc-diagnostic,"core::slice::sort::unstable::quicksort::quicksort::<u32, <u32 as core::cmp::PartialOrd>::lt>",no_pgcm_function_at_start,,1,5415987
startup,main_thread,compiled_function_prefix,/root/cc-perf-native-recv-0909/gc-leaf-census-20260911/compile-v2/cc-diagnostic,perry_fn_cli_2_1_112_js__Wa6.__arena,exact_start_and_symbol,55:0,1,5405763
startup,main_thread,other_application_symbol,/root/cc-perf-native-recv-0909/gc-leaf-census-20260911/compile-v2/cc-diagnostic,perry_runtime::arena::allocators::arena_alloc_gc_old,no_pgcm_function_at_start,,1,5379037
command,main_thread,other_application_symbol,/root/cc-perf-native-recv-0909/gc-leaf-census-20260911/compile-v2/cc-diagnostic,<std::hash::random::RandomState as core::hash::BuildHasher>::hash_one::<&usize>,no_pgcm_function_at_start,,1,5350619
command,main_thread,other_application_symbol,/root/cc-perf-native-recv-0909/gc-leaf-census-20260911/compile-v2/cc-diagnostic,perry_runtime::gc::policy::js_gc_loop_safepoint_armed,no_pgcm_function_at_start,,1,5350337
between_phases,main_thread,other_application_symbol,/root/cc-perf-native-recv-0909/gc-leaf-census-20260911/compile-v2/cc-diagnostic,perry_runtime::object::array_tail_transition::prune_invalid_entries,no_pgcm_function_at_start,,1,5340257
command,main_thread,other_application_symbol,/root/cc-perf-native-recv-0909/gc-leaf-census-20260911/compile-v2/cc-diagnostic,perry_runtime::object::side_table_roots::transition_entry_is_dead,no_pgcm_function_at_start,,1,5337368
command,main_thread,other_application_symbol,/root/cc-perf-native-recv-0909/gc-leaf-census-20260911/compile-v2/cc-diagnostic,<perry_runtime::gc::roots::RuntimeRootVisitor>::visit_nanbox_u64_raw_slot,no_pgcm_function_at_start,,1,5336469
command,main_thread,runtime_helper_source_bound,/root/cc-perf-native-recv-0909/gc-leaf-census-20260911/compile-v2/cc-diagnostic,js_to_primitive,no_pgcm_function_at_start,,1,5329676
command,main_thread,other_application_symbol,/root/cc-perf-native-recv-0909/gc-leaf-census-20260911/compile-v2/cc-diagnostic,<perry_runtime::gc::roots::runtime_handles::RuntimeHandleScope>::root_nanbox_f64_slice,no_pgcm_function_at_start,,1,5325636
command,main_thread,other_application_symbol,/root/cc-perf-native-recv-0909/gc-leaf-census-20260911/compile-v2/cc-diagnostic,perry_runtime::gc::layout_slot_visit::fixed_slot,no_pgcm_function_at_start,,1,5319453
command,main_thread,runtime_helper_source_bound,/root/cc-perf-native-recv-0909/gc-leaf-census-20260911/compile-v2/cc-diagnostic,js_array_filter,no_pgcm_function_at_start,,1,5318721
command,main_thread,other_application_symbol,/root/cc-perf-native-recv-0909/gc-leaf-census-20260911/compile-v2/cc-diagnostic,perry_runtime::collection_iter_object::dispatch_map_iterator_method_emit,no_pgcm_function_at_start,,1,5317239
command,main_thread,other_application_symbol,/root/cc-perf-native-recv-0909/gc-leaf-census-20260911/compile-v2/cc-diagnostic,<perry_runtime::gc::barrier::DirtyHeaderSlotScan>::new::{closure#0},no_pgcm_function_at_start,,1,5316583
command,main_thread,other_application_symbol,/root/cc-perf-native-recv-0909/gc-leaf-census-20260911/compile-v2/cc-diagnostic,"<hashbrown::map::HashMap<(usize, alloc::string::String), perry_runtime::object::descriptor_state::PropertyAttrs, perry_runtime::fast_hash::FastKeyHasher>>::remove::<(usize, alloc::string::String)>",no_pgcm_function_at_start,,1,5315366
between_phases,main_thread,other_application_symbol,/root/cc-perf-native-recv-0909/gc-leaf-census-20260911/compile-v2/cc-diagnostic,perry_runtime::gc::dead_owner::prune_dead_owner_side_tables_post_trace::{closure#1},no_pgcm_function_at_start,,1,5313555
command,main_thread,other_application_symbol,/root/cc-perf-native-recv-0909/gc-leaf-census-20260911/compile-v2/cc-diagnostic,perry_runtime::gc::verify::remember_evacuated_old_to_young_slot,no_pgcm_function_at_start,,1,5312839
command,main_thread,compiled_function_prefix,/root/cc-perf-native-recv-0909/gc-leaf-census-20260911/compile-v2/cc-diagnostic,perry_fn_cli_2_1_112_js__Ni8,exact_start_and_symbol,8:23,1,5312762
startup,main_thread,other_application_symbol,/root/cc-perf-native-recv-0909/gc-leaf-census-20260911/compile-v2/cc-diagnostic,perry_runtime::proxy::key_to_rust_string::{closure#0},no_pgcm_function_at_start,,1,5311928
startup,main_thread,other_application_symbol,/root/cc-perf-native-recv-0909/gc-leaf-census-20260911/compile-v2/cc-diagnostic,perry_runtime::object::class_registry::state::class_decl_prototype_object,no_pgcm_function_at_start,,1,5311156
command,main_thread,other_application_symbol,/root/cc-perf-native-recv-0909/gc-leaf-census-20260911/compile-v2/cc-diagnostic,perry_runtime::array::iter_object::alloc_iterator_backing,no_pgcm_function_at_start,,1,5309229
command,main_thread,other_application_symbol,/root/cc-perf-native-recv-0909/gc-leaf-census-20260911/compile-v2/cc-diagnostic,perry_runtime::object::descriptor_state::note_descriptor_target,no_pgcm_function_at_start,,1,5308216
startup,main_thread,other_application_symbol,/root/cc-perf-native-recv-0909/gc-leaf-census-20260911/compile-v2/cc-diagnostic,perry_runtime::proxy::lookup,no_pgcm_function_at_start,,1,5307804
command,main_thread,other_application_symbol,/root/cc-perf-native-recv-0909/gc-leaf-census-20260911/compile-v2/cc-diagnostic,<perry_runtime::gc::trace::ValidPointerSet>::contains,no_pgcm_function_at_start,,1,5306665
command,main_thread,other_application_symbol,/root/cc-perf-native-recv-0909/gc-leaf-census-20260911/compile-v2/cc-diagnostic,perry_runtime::gc::barrier::scan_dirty_object_slots,no_pgcm_function_at_start,,1,5304464
startup,main_thread,other_application_symbol,/root/cc-perf-native-recv-0909/gc-leaf-census-20260911/compile-v2/cc-diagnostic,<regex_syntax::ast::parse::NestLimiter<&mut regex_syntax::ast::parse::Parser>>::check,no_pgcm_function_at_start,,1,5302034
startup,main_thread,other_application_symbol,/root/cc-perf-native-recv-0909/gc-leaf-census-20260911/compile-v2/cc-diagnostic,<regex_syntax::ast::parse::ParserI<&mut regex_syntax::ast::parse::Parser>>::parse_with_comments,no_pgcm_function_at_start,,1,5301995
between_phases,main_thread,other_application_symbol,/root/cc-perf-native-recv-0909/gc-leaf-census-20260911/compile-v2/cc-diagnostic,perry_runtime::gc::layout::layout_note_slot,no_pgcm_function_at_start,,1,5300223
command,main_thread,other_application_symbol,/root/cc-perf-native-recv-0909/gc-leaf-census-20260911/compile-v2/cc-diagnostic,perry_runtime::gc::policy::gc_safepoint_moving_minor,no_pgcm_function_at_start,,1,5298976
command,main_thread,other_application_symbol,/root/cc-perf-native-recv-0909/gc-leaf-census-20260911/compile-v2/cc-diagnostic,<perry_runtime::gc::barrier::RememberedSetRootMarkState>::step::{closure#0},no_pgcm_function_at_start,,1,5298800
command,main_thread,compiled_function_prefix,/root/cc-perf-native-recv-0909/gc-leaf-census-20260911/compile-v2/cc-diagnostic,perry_fn_cli_2_1_112_js__m_A,exact_start_and_symbol,70:0,1,5297754
startup,main_thread,other_application_symbol,/root/cc-perf-native-recv-0909/gc-leaf-census-20260911/compile-v2/cc-diagnostic,perry_runtime::buffer::header::is_array_buffer,no_pgcm_function_at_start,,1,5293786
between_phases,foreign_pid,other_dso,/usr/bin/node,"v8::internal::compiler::turboshaft::MachineOptimizationReducer<v8::internal::compiler::turboshaft::EmitProjectionReducer<v8::internal::compiler::turboshaft::ValueNumberingReducer<v8::internal::compiler::turboshaft::AssemblerOpInterface<v8::internal::compiler::turboshaft::ReducerBase<v8::internal::compiler::turboshaft::GraphEmitter<v8::internal::compiler::turboshaft::StackBottom<v8::internal::compiler::turboshaft::Assembler<v8::internal::compiler::turboshaft::GraphVisitor, v8::internal::compiler::turboshaft::IfElseCascadeToSwitchReducer, v8::internal::compiler::turboshaft::LateEscapeAnalysisReducer, v8::internal::compiler::turboshaft::PretenuringPropagationReducer, v8::internal::compiler::turboshaft::MemoryOptimizationReducer, v8::internal::compiler::turboshaft::MachineOptimizationReducer, v8::internal::compiler::turboshaft::ValueNumberingReducer>, v8::base::tmp::list1<v8::internal::compiler::turboshaft::GraphVisitor, v8::internal::compiler::turboshaft::IfElseCascadeToSwitchReducer, v8::internal::compiler::turboshaft::LateEscapeAnalysisReducer, v8::internal::compiler::turboshaft::PretenuringPropagationReducer, v8::internal::compiler::turboshaft::MemoryOptimizationReducer, v8::internal::compiler::turboshaft::MachineOptimizationReducer, v8::internal::compiler::turboshaft::EmitProjectionReducer, v8::internal::compiler::turboshaft::ValueNumberingReducer, v8::internal::compiler::turboshaft::AssemblerOpInterface, v8::internal::compiler::turboshaft::ReducerBase, v8::internal::compiler::turboshaft::GraphEmitter> > > > > > > >::ReduceBranch(v8::internal::compiler::turboshaft::OpIndex, v8::internal::compiler::turboshaft::Block*, v8::internal::compiler::turboshaft::Block*, v8::internal::BranchHint)",not_application_dso,,1,5292576
between_phases,main_thread,other_application_symbol,/root/cc-perf-native-recv-0909/gc-leaf-census-20260911/compile-v2/cc-diagnostic,<perry_runtime::object::shapes::shapes_store::SpillList>::position,no_pgcm_function_at_start,,1,5292410
command,main_thread,other_application_symbol,/root/cc-perf-native-recv-0909/gc-leaf-census-20260911/compile-v2/cc-diagnostic,perry_runtime::object::class_registry::class_meta::declared_class_outranks_anon_shape,no_pgcm_function_at_start,,1,5287499
startup,main_thread,other_application_symbol,/root/cc-perf-native-recv-0909/gc-leaf-census-20260911/compile-v2/cc-diagnostic,perry_runtime::object::prototype_chain::default_object_prototype_for_owner,no_pgcm_function_at_start,,1,5286076
startup,main_thread,other_application_symbol,/root/cc-perf-native-recv-0909/gc-leaf-census-20260911/compile-v2/cc-diagnostic,perry_runtime::object::meta_accessors::object_meta_ensure_for_cell,no_pgcm_function_at_start,,1,5284179
command,main_thread,other_application_symbol,/root/cc-perf-native-recv-0909/gc-leaf-census-20260911/compile-v2/cc-diagnostic,perry_runtime::object::class_registry::parent_static::is_registered_class_prototype_object,no_pgcm_function_at_start,,1,5281331
startup,main_thread,other_application_symbol,/root/cc-perf-native-recv-0909/gc-leaf-census-20260911/compile-v2/cc-diagnostic,"<hashbrown::raw::RawTable<(usize, perry_runtime::object::shapes::ShapeIndex)>>::reserve_rehash::<hashbrown::map::make_hasher<usize, perry_runtime::object::shapes::ShapeIndex, perry_runtime::fast_hash::PtrHasher>::{closure#0}>",no_pgcm_function_at_start,,1,5281128
command,main_thread,other_application_symbol,/root/cc-perf-native-recv-0909/gc-leaf-census-20260911/compile-v2/cc-diagnostic,perry_runtime::array::indexing::array_iteration_is_exotic,no_pgcm_function_at_start,,1,5280323
command,main_thread,other_application_symbol,/root/cc-perf-native-recv-0909/gc-leaf-census-20260911/compile-v2/cc-diagnostic,"<perry_runtime::gc::roots::runtime_handles::RuntimeHandle>::across_mut::<perry_runtime::json_tape::LazyArrayHeader, (), perry_runtime::json_tape::reparse_materialize::{closure#1}>",no_pgcm_function_at_start,,1,5279917
command,main_thread,compiled_function_prefix,/root/cc-perf-native-recv-0909/gc-leaf-census-20260911/compile-v2/cc-diagnostic,perry_method_cli_2_1_112_js__u_P_24_8__emit,exact_start_and_symbol,78:8,1,5279611
command,main_thread,other_application_symbol,/root/cc-perf-native-recv-0909/gc-leaf-census-20260911/compile-v2/cc-diagnostic,perry_runtime::regex::repeat_matcher::compile,no_pgcm_function_at_start,,1,5275359
command,main_thread,other_application_symbol,/root/cc-perf-native-recv-0909/gc-leaf-census-20260911/compile-v2/cc-diagnostic,perry_runtime::gc::copying::scan_remembered_dirty_slots_copying::<perry_runtime::gc::copying::run_copied_minor_attempt::{closure#7}>::{closure#0}::{closure#0},no_pgcm_function_at_start,,1,5275225
command,main_thread,other_application_symbol,/root/cc-perf-native-recv-0909/gc-leaf-census-20260911/compile-v2/cc-diagnostic,perry_runtime::closure::dynamic_props::scan_closure_owner,no_pgcm_function_at_start,,1,5274463
command,main_thread,other_application_symbol,/root/cc-perf-native-recv-0909/gc-leaf-census-20260911/compile-v2/cc-diagnostic,perry_runtime::object::field_set_by_name::fast_paths::object_set_field_by_name_transition_fast_impl_value,no_pgcm_function_at_start,,1,5274112
command,main_thread,other_application_symbol,/root/cc-perf-native-recv-0909/gc-leaf-census-20260911/compile-v2/cc-diagnostic,tokio::runtime::task::waker::clone_waker,no_pgcm_function_at_start,,1,5273684
command,main_thread,compiled_function_prefix,/root/cc-perf-native-recv-0909/gc-leaf-census-20260911/compile-v2/cc-diagnostic,perry_fn_cli_2_1_112_js__QS_,exact_start_and_symbol,7:174,1,5273499
command,main_thread,other_application_symbol,/root/cc-perf-native-recv-0909/gc-leaf-census-20260911/compile-v2/cc-diagnostic,<alloc::raw_vec::RawVecInner<_>>::reserve::do_reserve_and_handle::<alloc::alloc::Global>,no_pgcm_function_at_start,,1,5273113
command,main_thread,other_application_symbol,/root/cc-perf-native-recv-0909/gc-leaf-census-20260911/compile-v2/cc-diagnostic,"<hashbrown::map::HashMap<u32, perry_runtime::object::class_registry::state::ClassVTable, perry_runtime::fast_hash::PtrHasher>>::get::<u32>",no_pgcm_function_at_start,,1,5270194
command,main_thread,other_application_symbol,/root/cc-perf-native-recv-0909/gc-leaf-census-20260911/compile-v2/cc-diagnostic,perry_runtime::object::shapes::shape_slot_lookup_verdict,no_pgcm_function_at_start,,1,5269684
command,main_thread,other_application_symbol,/root/cc-perf-native-recv-0909/gc-leaf-census-20260911/compile-v2/cc-diagnostic,perry_runtime::proxy::reflect_value_is_object,no_pgcm_function_at_start,,1,5269469
startup,main_thread,other_application_symbol,/root/cc-perf-native-recv-0909/gc-leaf-census-20260911/compile-v2/cc-diagnostic,perry_runtime::closure::dispatch::bound::dispatch_bound_function,no_pgcm_function_at_start,,1,5269342
startup,main_thread,other_application_symbol,/root/cc-perf-native-recv-0909/gc-leaf-census-20260911/compile-v2/cc-diagnostic,perry_runtime::typed_feedback::guards::class_getter_in_chain,no_pgcm_function_at_start,,1,5268623
command,main_thread,other_application_symbol,/root/cc-perf-native-recv-0909/gc-leaf-census-20260911/compile-v2/cc-diagnostic,perry_runtime::proxy::small_handle_from_value,no_pgcm_function_at_start,,1,5268551
startup,main_thread,other_dso,/usr/lib/x86_64-linux-gnu/libc.so.6,__memset_avx512_unaligned_erms,not_application_dso,,1,5268129
command,main_thread,other_application_symbol,/root/cc-perf-native-recv-0909/gc-leaf-census-20260911/compile-v2/cc-diagnostic,perry_runtime::object::field_get_set::temporal_subclass_cell,no_pgcm_function_at_start,,1,5268047
command,main_thread,other_application_symbol,/root/cc-perf-native-recv-0909/gc-leaf-census-20260911/compile-v2/cc-diagnostic,<alloc::string::String>::from_utf8_lossy,no_pgcm_function_at_start,,1,5267031
command,main_thread,runtime_helper_source_bound,/root/cc-perf-native-recv-0909/gc-leaf-census-20260911/compile-v2/cc-diagnostic,js_write_barrier_slot,no_pgcm_function_at_start,,1,5266515
command,main_thread,other_application_symbol,/root/cc-perf-native-recv-0909/gc-leaf-census-20260911/compile-v2/cc-diagnostic,<std::hash::random::RandomState as core::hash::BuildHasher>::hash_one::<&str>,no_pgcm_function_at_start,,1,5266144
command,main_thread,other_application_symbol,/root/cc-perf-native-recv-0909/gc-leaf-census-20260911/compile-v2/cc-diagnostic,<regex_syntax::utf8::Utf8Sequences as core::iter::traits::iterator::Iterator>::next,no_pgcm_function_at_start,,1,5265838
between_phases,main_thread,other_application_symbol,/root/cc-perf-native-recv-0909/gc-leaf-census-20260911/compile-v2/cc-diagnostic,ring_core_0_17_14__bn_sqrx8x_internal,no_pgcm_function_at_start,,1,5265713
startup,main_thread,other_application_symbol,/root/cc-perf-native-recv-0909/gc-leaf-census-20260911/compile-v2/cc-diagnostic,<regex_automata::nfa::thompson::builder::Builder>::patch,no_pgcm_function_at_start,,1,5264989
startup,main_thread,other_application_symbol,/root/cc-perf-native-recv-0909/gc-leaf-census-20260911/compile-v2/cc-diagnostic,<perry_runtime::gc::roots::runtime_handles::RuntimeHandleScope>::root_nanbox_u64,no_pgcm_function_at_start,,1,5264758
command,main_thread,other_application_symbol,/root/cc-perf-native-recv-0909/gc-leaf-census-20260911/compile-v2/cc-diagnostic,perry_runtime::set::is_registered_set,no_pgcm_function_at_start,,1,5264689
command,main_thread,runtime_helper_source_bound,/root/cc-perf-native-recv-0909/gc-leaf-census-20260911/compile-v2/cc-diagnostic,js_string_equals,no_pgcm_function_at_start,,1,5264285
command,main_thread,other_application_symbol,/root/cc-perf-native-recv-0909/gc-leaf-census-20260911/compile-v2/cc-diagnostic,"<perry_runtime::object::class_image::ImageTable<std::sync::poison::rwlock::RwLock<core::option::Option<std::collections::hash::map::HashMap<u32, perry_runtime::object::class_registry::state::ClassVTable, perry_runtime::fast_hash::PtrHasher>>>>>::read",no_pgcm_function_at_start,,1,5264268
startup,main_thread,other_application_symbol,/root/cc-perf-native-recv-0909/gc-leaf-census-20260911/compile-v2/cc-diagnostic,perry_runtime::object::field_get_set::ic_slot::pic_slot_publish::<[i64; 12]>,no_pgcm_function_at_start,,1,5264023
command,main_thread,runtime_helper_source_bound,/root/cc-perf-native-recv-0909/gc-leaf-census-20260911/compile-v2/cc-diagnostic,js_nanbox_get_pointer,no_pgcm_function_at_start,,1,5263955
startup,main_thread,other_application_symbol,/root/cc-perf-native-recv-0909/gc-leaf-census-20260911/compile-v2/cc-diagnostic,"core::slice::sort::shared::pivot::median3_rec::<usize, <usize as core::cmp::PartialOrd>::lt>",no_pgcm_function_at_start,,1,5263690
command,main_thread,other_application_symbol,/root/cc-perf-native-recv-0909/gc-leaf-census-20260911/compile-v2/cc-diagnostic,perry_runtime::array::subclass::note_array_subclass_index_write,no_pgcm_function_at_start,,1,5263668
command,main_thread,runtime_helper_source_bound,/root/cc-perf-native-recv-0909/gc-leaf-census-20260911/compile-v2/cc-diagnostic,js_try_end,no_pgcm_function_at_start,,1,5263641
startup,main_thread,other_application_symbol,/root/cc-perf-native-recv-0909/gc-leaf-census-20260911/compile-v2/cc-diagnostic,perry_runtime::proxy::small_handle_from_value,no_pgcm_function_at_start,,1,5263025
command,main_thread,other_application_symbol,/root/cc-perf-native-recv-0909/gc-leaf-census-20260911/compile-v2/cc-diagnostic,perry_runtime::object::descriptor_state::set_builtin_property_attrs,no_pgcm_function_at_start,,1,5262662
startup,main_thread,other_application_symbol,/root/cc-perf-native-recv-0909/gc-leaf-census-20260911/compile-v2/cc-diagnostic,<perry_runtime::gc::layout::slot_mask::LayoutSlotMask>::set_slot,no_pgcm_function_at_start,,1,5262331
startup,main_thread,other_application_symbol,/root/cc-perf-native-recv-0909/gc-leaf-census-20260911/compile-v2/cc-diagnostic,regex_automata::util::determinize::epsilon_closure,no_pgcm_function_at_start,,1,5261390
startup,main_thread,other_application_symbol,/root/cc-perf-native-recv-0909/gc-leaf-census-20260911/compile-v2/cc-diagnostic,"<hashbrown::raw::RawTable<(usize, alloc::vec::Vec<perry_runtime::typedarray_props::TypedArrayOwnProp>)>>::reserve_rehash::<hashbrown::map::make_hasher<usize, alloc::vec::Vec<perry_runtime::typedarray_props::TypedArrayOwnProp>, perry_runtime::fast_hash::PtrHasher>::{closure#0}>",no_pgcm_function_at_start,,1,5261199
between_phases,main_thread,other_application_symbol,/root/cc-perf-native-recv-0909/gc-leaf-census-20260911/compile-v2/cc-diagnostic,perry_runtime::object::native_module::callable_exports::scan_builtin_closure_metadata_roots_mut,no_pgcm_function_at_start,,1,5260633
command,main_thread,other_application_symbol,/root/cc-perf-native-recv-0909/gc-leaf-census-20260911/compile-v2/cc-diagnostic,perry_runtime::object::class_registry::construct::lookup_prototype_method,no_pgcm_function_at_start,,1,5259976
command,main_thread,other_application_symbol,/root/cc-perf-native-recv-0909/gc-leaf-census-20260911/compile-v2/cc-diagnostic,perry_runtime::closure::dynamic_props::clone_closure_rebind_this,no_pgcm_function_at_start,,1,5259752
command,main_thread,other_application_symbol,/root/cc-perf-native-recv-0909/gc-leaf-census-20260911/compile-v2/cc-diagnostic,perry_runtime::gc::policy::old_reclaim_pressure_due,no_pgcm_function_at_start,,1,5259586
command,main_thread,other_application_symbol,/root/cc-perf-native-recv-0909/gc-leaf-census-20260911/compile-v2/cc-diagnostic,perry_runtime::object::descriptor_state::prune_dead_descriptor_owner_entries_young,no_pgcm_function_at_start,,1,5259071
command,main_thread,other_application_symbol,/root/cc-perf-native-recv-0909/gc-leaf-census-20260911/compile-v2/cc-diagnostic,perry_runtime::typed_feedback::object_shape,no_pgcm_function_at_start,,1,5258117
command,main_thread,compiled_function_prefix,/root/cc-perf-native-recv-0909/gc-leaf-census-20260911/compile-v2/cc-diagnostic,perry_fn_cli_2_1_112_js__iQK,exact_start_and_symbol,107:67,1,5257819
command,main_thread,other_application_symbol,/root/cc-perf-native-recv-0909/gc-leaf-census-20260911/compile-v2/cc-diagnostic,<regex::regex::string::Regex>::captures_at,no_pgcm_function_at_start,,1,5257734
startup,main_thread,other_application_symbol,/root/cc-perf-native-recv-0909/gc-leaf-census-20260911/compile-v2/cc-diagnostic,perry_runtime::object::prototype_chain::object_set_static_prototype_impl,no_pgcm_function_at_start,,1,5257692
command,main_thread,other_application_symbol,/root/cc-perf-native-recv-0909/gc-leaf-census-20260911/compile-v2/cc-diagnostic,perry_runtime::object::native_module::nm_ee_dynamic_super,no_pgcm_function_at_start,,1,5257590
command,main_thread,other_application_symbol,/root/cc-perf-native-recv-0909/gc-leaf-census-20260911/compile-v2/cc-diagnostic,perry_runtime::async_hooks::scopes::run_provider_completion::<perry_runtime::node_submodules::blob::blob_reader_promise_value::{closure#0}>::{closure#2},no_pgcm_function_at_start,,1,5257554
startup,main_thread,other_application_symbol,/root/cc-perf-native-recv-0909/gc-leaf-census-20260911/compile-v2/cc-diagnostic,perry_runtime::array::header_gc_slots::store_array_slot_resolved,no_pgcm_function_at_start,,1,5257083
between_phases,main_thread,other_application_symbol,/root/cc-perf-native-recv-0909/gc-leaf-census-20260911/compile-v2/cc-diagnostic,<perry_runtime::gc::roots::RuntimeRootVisitor>::visit_nanbox_f64_slot,no_pgcm_function_at_start,,1,5256978
command,main_thread,runtime_helper_source_bound,/root/cc-perf-native-recv-0909/gc-leaf-census-20260911/compile-v2/cc-diagnostic,js_closure_call2,no_pgcm_function_at_start,,1,5256896
between_phases,main_thread,other_application_symbol,/root/cc-perf-native-recv-0909/gc-leaf-census-20260911/compile-v2/cc-diagnostic,perry_runtime::gc::layout_tables::layout_key_may_be_nursery,no_pgcm_function_at_start,,1,5256434
startup,main_thread,other_application_symbol,/root/cc-perf-native-recv-0909/gc-leaf-census-20260911/compile-v2/cc-diagnostic,<std::hash::random::RandomState as core::hash::BuildHasher>::hash_one::<&char>,no_pgcm_function_at_start,,1,5256196
command,main_thread,other_application_symbol,/root/cc-perf-native-recv-0909/gc-leaf-census-20260911/compile-v2/cc-diagnostic,perry_runtime::object::shapes::move_shape_family,no_pgcm_function_at_start,,1,5256065
startup,main_thread,compiled_function_prefix,/root/cc-perf-native-recv-0909/gc-leaf-census-20260911/compile-v2/cc-diagnostic,perry_fn_cli_2_1_112_js__yx_,exact_start_and_symbol,6:10,1,5255858
startup,main_thread,other_application_symbol,/root/cc-perf-native-recv-0909/gc-leaf-census-20260911/compile-v2/cc-diagnostic,perry_runtime::json::scan_parse_roots_mut,no_pgcm_function_at_start,,1,5255611
startup,main_thread,other_application_symbol,/root/cc-perf-native-recv-0909/gc-leaf-census-20260911/compile-v2/cc-diagnostic,perry_runtime::object::keys_lookup::keys_find_slot_by_key_ptr,no_pgcm_function_at_start,,1,5255014
startup,main_thread,other_application_symbol,/root/cc-perf-native-recv-0909/gc-leaf-census-20260911/compile-v2/cc-diagnostic,perry_runtime::closure::dynamic_props::closure_is_key_deleted,no_pgcm_function_at_start,,1,5254136
startup,main_thread,other_application_symbol,/root/cc-perf-native-recv-0909/gc-leaf-census-20260911/compile-v2/cc-diagnostic,perry_runtime::object::store_object_field_slot,no_pgcm_function_at_start,,1,5253098
command,main_thread,other_application_symbol,/root/cc-perf-native-recv-0909/gc-leaf-census-20260911/compile-v2/cc-diagnostic,perry_runtime::object::descriptor_state::set_property_attrs,no_pgcm_function_at_start,,1,5252889
command,main_thread,other_application_symbol,/root/cc-perf-native-recv-0909/gc-leaf-census-20260911/compile-v2/cc-diagnostic,perry_runtime::gc::layout::typed_shape::init_typed_shape_layout,no_pgcm_function_at_start,,1,5252690
command,main_thread,runtime_helper_source_bound,/root/cc-perf-native-recv-0909/gc-leaf-census-20260911/compile-v2/cc-diagnostic,js_jsvalue_to_string,no_pgcm_function_at_start,,1,5252587
startup,main_thread,runtime_helper_source_bound,/root/cc-perf-native-recv-0909/gc-leaf-census-20260911/compile-v2/cc-diagnostic,js_typed_feedback_class_field_get_guard,no_pgcm_function_at_start,,1,5252434
startup,main_thread,other_application_symbol,/root/cc-perf-native-recv-0909/gc-leaf-census-20260911/compile-v2/cc-diagnostic,"<perry_runtime::gc::roots::runtime_handles::RuntimeHandle>::across_mut::<perry_runtime::string::StringHeader, ((), *mut perry_runtime::object::ObjectHeader), perry_runtime::object::object_ops::define_property::js_object_define_property::{closure#67}>",no_pgcm_function_at_start,,1,5252409
startup,main_thread,compiled_function_prefix,/root/cc-perf-native-recv-0909/gc-leaf-census-20260911/compile-v2/cc-diagnostic,perry_closure_cli_2_1_112_js__38159,exact_start_and_symbol,69:71,1,5252076
startup,main_thread,other_application_symbol,/root/cc-perf-native-recv-0909/gc-leaf-census-20260911/compile-v2/cc-diagnostic,<perry_runtime::arena::block::Arena>::try_block_alloc,no_pgcm_function_at_start,,1,5251277
command,main_thread,runtime_helper_source_bound,/root/cc-perf-native-recv-0909/gc-leaf-census-20260911/compile-v2/cc-diagnostic,js_eh_try_push,no_pgcm_function_at_start,,1,5251164
command,main_thread,other_application_symbol,/root/cc-perf-native-recv-0909/gc-leaf-census-20260911/compile-v2/cc-diagnostic,<perry_runtime::object::shapes::ShapeTableInner>::facts_remove,no_pgcm_function_at_start,,1,5251128
startup,main_thread,other_application_symbol,/root/cc-perf-native-recv-0909/gc-leaf-census-20260911/compile-v2/cc-diagnostic,perry_runtime::gc::tenuring::influx_driven_nursery_cap_bytes,no_pgcm_function_at_start,,1,5250860
startup,main_thread,other_application_symbol,/root/cc-perf-native-recv-0909/gc-leaf-census-20260911/compile-v2/cc-diagnostic,perry_runtime::object::field_get_set::accessors::own_data_field_by_name,no_pgcm_function_at_start,,1,5249170
command,main_thread,runtime_helper_source_bound,/root/cc-perf-native-recv-0909/gc-leaf-census-20260911/compile-v2/cc-diagnostic,js_is_symbol,no_pgcm_function_at_start,,1,5248872
startup,main_thread,other_application_symbol,/root/cc-perf-native-recv-0909/gc-leaf-census-20260911/compile-v2/cc-diagnostic,perry_runtime::object::shapes::publish_object_shape_from,no_pgcm_function_at_start,,1,5248848
startup,main_thread,other_application_symbol,/root/cc-perf-native-recv-0909/gc-leaf-census-20260911/compile-v2/cc-diagnostic,perry_runtime::arena::page_meta::classify_heap_generation_uncached,no_pgcm_function_at_start,,1,5248230
startup,main_thread,other_application_symbol,/root/cc-perf-native-recv-0909/gc-leaf-census-20260911/compile-v2/cc-diagnostic,perry_runtime::object::descriptor_state::note_meta_descriptor_key,no_pgcm_function_at_start,,1,5248211
command,main_thread,other_application_symbol,/root/cc-perf-native-recv-0909/gc-leaf-census-20260911/compile-v2/cc-diagnostic,perry_runtime::typedarray::typed_array_fast_index_get,no_pgcm_function_at_start,,1,5247896
command,main_thread,runtime_helper_source_bound,/root/cc-perf-native-recv-0909/gc-leaf-census-20260911/compile-v2/cc-diagnostic,js_array_set_f64_unchecked,no_pgcm_function_at_start,,1,5247348
command,main_thread,other_application_symbol,/root/cc-perf-native-recv-0909/gc-leaf-census-20260911/compile-v2/cc-diagnostic,perry_runtime::object::class_registry::state::class_decl_prototype_object,no_pgcm_function_at_start,,1,5247275
command,main_thread,other_application_symbol,/root/cc-perf-native-recv-0909/gc-leaf-census-20260911/compile-v2/cc-diagnostic,<perry_runtime::gc::layout::slot_mask::LayoutSlotMask>::clear_slot,no_pgcm_function_at_start,,1,5247043
command,main_thread,other_application_symbol,/root/cc-perf-native-recv-0909/gc-leaf-census-20260911/compile-v2/cc-diagnostic,perry_runtime::closure::alloc::scan_singleton_closure_roots_mut,no_pgcm_function_at_start,,1,5246745
command,main_thread,other_application_symbol,/root/cc-perf-native-recv-0909/gc-leaf-census-20260911/compile-v2/cc-diagnostic,perry_runtime::proxy::lookup,no_pgcm_function_at_start,,1,5246529
between_phases,main_thread,other_application_symbol,/root/cc-perf-native-recv-0909/gc-leaf-census-20260911/compile-v2/cc-diagnostic,perry_runtime::object::class_registry::prototype_objects::function_value_for_class_id,no_pgcm_function_at_start,,1,5246340
command,main_thread,compiled_function_prefix,/root/cc-perf-native-recv-0909/gc-leaf-census-20260911/compile-v2/cc-diagnostic,perry_fn_cli_2_1_112_js__US_,exact_start_and_symbol,58:63,1,5245932
startup,main_thread,runtime_helper_source_bound,/root/cc-perf-native-recv-0909/gc-leaf-census-20260911/compile-v2/cc-diagnostic,js_string_coerce,no_pgcm_function_at_start,,1,5245857
command,main_thread,other_application_symbol,/root/cc-perf-native-recv-0909/gc-leaf-census-20260911/compile-v2/cc-diagnostic,<regex_automata::meta::regex::Regex>::search_half,no_pgcm_function_at_start,,1,5245846
command,main_thread,compiled_function_prefix,/root/cc-perf-native-recv-0909/gc-leaf-census-20260911/compile-v2/cc-diagnostic,perry_fn_cli_2_1_112_js__cS_,exact_start_and_symbol,12:100,1,5245672
startup,main_thread,other_application_symbol,/root/cc-perf-native-recv-0909/gc-leaf-census-20260911/compile-v2/cc-diagnostic,perry_runtime::object::prototype_chain::object_static_prototype,no_pgcm_function_at_start,,1,5245525
command,main_thread,other_application_symbol,/root/cc-perf-native-recv-0909/gc-leaf-census-20260911/compile-v2/cc-diagnostic,perry_runtime::string::short_ascii_sso_bits,no_pgcm_function_at_start,,1,5243791
command,main_thread,runtime_helper_source_bound,/root/cc-perf-native-recv-0909/gc-leaf-census-20260911/compile-v2/cc-diagnostic,js_require_object_coercible,no_pgcm_function_at_start,,1,5243544
startup,main_thread,other_application_symbol,/root/cc-perf-native-recv-0909/gc-leaf-census-20260911/compile-v2/cc-diagnostic,perry_runtime::object::field_get_set::accessors::builtin_reflection_accessor_read,no_pgcm_function_at_start,,1,5243282
startup,main_thread,other_application_symbol,/root/cc-perf-native-recv-0909/gc-leaf-census-20260911/compile-v2/cc-diagnostic,<perry_runtime::gc::layout::slot_mask::LayoutSlotMask>::is_empty,no_pgcm_function_at_start,,1,5243069
startup,main_thread,compiled_function_prefix,/root/cc-perf-native-recv-0909/gc-leaf-census-20260911/compile-v2/cc-diagnostic,perry_fn_cli_2_1_112_js__Hu1,exact_start_and_symbol,33:40,1,5242431
command,main_thread,compiled_function_prefix,/root/cc-perf-native-recv-0909/gc-leaf-census-20260911/compile-v2/cc-diagnostic,perry_closure_cli_2_1_112_js__37638,no_pgcm_function_at_start,,1,5242209
command,main_thread,other_application_symbol,/root/cc-perf-native-recv-0909/gc-leaf-census-20260911/compile-v2/cc-diagnostic,<alloc::raw_vec::RawVecInner>::finish_grow,no_pgcm_function_at_start,,1,5242205
command,main_thread,other_application_symbol,/root/cc-perf-native-recv-0909/gc-leaf-census-20260911/compile-v2/cc-diagnostic,perry_runtime::object::prototype_chain::resolve_inherited_field_from_prototype,no_pgcm_function_at_start,,1,5241914
command,main_thread,other_application_symbol,/root/cc-perf-native-recv-0909/gc-leaf-census-20260911/compile-v2/cc-diagnostic,perry_runtime::weakref::entries_array,no_pgcm_function_at_start,,1,5241545
startup,main_thread,compiled_function_prefix,/root/cc-perf-native-recv-0909/gc-leaf-census-20260911/compile-v2/cc-diagnostic,perry_closure_cli_2_1_112_js__13439,exact_start_and_symbol,103:33,1,5241425
command,main_thread,other_application_symbol,/root/cc-perf-native-recv-0909/gc-leaf-census-20260911/compile-v2/cc-diagnostic,<perry_runtime::gc::cycle::RootScanCycleState>::step_current_subphase,no_pgcm_function_at_start,,1,5241319
between_phases,main_thread,other_application_symbol,/root/cc-perf-native-recv-0909/gc-leaf-census-20260911/compile-v2/cc-diagnostic,<std::hash::random::RandomState as core::hash::BuildHasher>::hash_one::<&char>,no_pgcm_function_at_start,,1,5240933
command,main_thread,runtime_helper_source_bound,/root/cc-perf-native-recv-0909/gc-leaf-census-20260911/compile-v2/cc-diagnostic,js_object_has_own,no_pgcm_function_at_start,,1,5240894
command,main_thread,runtime_helper_source_bound,/root/cc-perf-native-recv-0909/gc-leaf-census-20260911/compile-v2/cc-diagnostic,js_object_alloc_class_inline_keys_stamped,no_pgcm_function_at_start,,1,5240582
command,main_thread,compiled_function_prefix,/root/cc-perf-native-recv-0909/gc-leaf-census-20260911/compile-v2/cc-diagnostic,perry_fn_cli_2_1_112_js__oE,exact_start_and_symbol,59:61,1,5239627
command,main_thread,runtime_helper_source_bound,/root/cc-perf-native-recv-0909/gc-leaf-census-20260911/compile-v2/cc-diagnostic,js_closure_call1_receiverless,no_pgcm_function_at_start,,1,5239306
command,main_thread,other_application_symbol,/root/cc-perf-native-recv-0909/gc-leaf-census-20260911/compile-v2/cc-diagnostic,<perry_runtime::gc::layout::slot_mask::LayoutSlotMask>::set_slot,no_pgcm_function_at_start,,1,5239053
command,main_thread,other_application_symbol,/root/cc-perf-native-recv-0909/gc-leaf-census-20260911/compile-v2/cc-diagnostic,perry_runtime::map::find_key_index_cold,no_pgcm_function_at_start,,1,5238820
command,main_thread,other_application_symbol,/root/cc-perf-native-recv-0909/gc-leaf-census-20260911/compile-v2/cc-diagnostic,<core::str::lossy::Utf8Chunks as core::iter::traits::iterator::Iterator>::next,no_pgcm_function_at_start,,1,5238507
startup,main_thread,other_application_symbol,/root/cc-perf-native-recv-0909/gc-leaf-census-20260911/compile-v2/cc-diagnostic,perry_runtime::gc::layout::typed_shape::install_typed_shape_layout_slow,no_pgcm_function_at_start,,1,5237891
command,main_thread,compiled_function_prefix,/root/cc-perf-native-recv-0909/gc-leaf-census-20260911/compile-v2/cc-diagnostic,perry_closure_cli_2_1_112_js__37429,exact_start_and_symbol,7:18,1,5237777
command,main_thread,other_application_symbol,/root/cc-perf-native-recv-0909/gc-leaf-census-20260911/compile-v2/cc-diagnostic,<unicode_segmentation::grapheme::GraphemeCursor>::grapheme_category,no_pgcm_function_at_start,,1,5237144
startup,main_thread,other_application_symbol,/root/cc-perf-native-recv-0909/gc-leaf-census-20260911/compile-v2/cc-diagnostic,perry_runtime::object::field_get_set::ic_miss::pic_prime_get,no_pgcm_function_at_start,,1,5236866
command,main_thread,other_application_symbol,/root/cc-perf-native-recv-0909/gc-leaf-census-20260911/compile-v2/cc-diagnostic,perry_runtime::object::native_call_method::primitive_methods::dispatch_primitive,no_pgcm_function_at_start,,1,5236447
startup,main_thread,other_application_symbol,/root/cc-perf-native-recv-0909/gc-leaf-census-20260911/compile-v2/cc-diagnostic,<regex_syntax::ast::parse::ParserI<&mut regex_syntax::ast::parse::Parser>>::char,no_pgcm_function_at_start,,1,5236364
startup,main_thread,other_application_symbol,/root/cc-perf-native-recv-0909/gc-leaf-census-20260911/compile-v2/cc-diagnostic,_mi_page_free,no_pgcm_function_at_start,,1,5235728
command,main_thread,runtime_helper_source_bound,/root/cc-perf-native-recv-0909/gc-leaf-census-20260911/compile-v2/cc-diagnostic,js_promise_reject,no_pgcm_function_at_start,,1,5235536
startup,main_thread,other_application_symbol,/root/cc-perf-native-recv-0909/gc-leaf-census-20260911/compile-v2/cc-diagnostic,perry_runtime::gc::layout_tables::layout_key_may_be_nursery,no_pgcm_function_at_start,,1,5235504
between_phases,main_thread,runtime_helper_source_bound,/root/cc-perf-native-recv-0909/gc-leaf-census-20260911/compile-v2/cc-diagnostic,js_array_get_f64,no_pgcm_function_at_start,,1,5235433
startup,main_thread,other_application_symbol,/root/cc-perf-native-recv-0909/gc-leaf-census-20260911/compile-v2/cc-diagnostic,perry_runtime::object::prop_plan::store_plan_check,no_pgcm_function_at_start,,1,5234478
startup,main_thread,other_application_symbol,/root/cc-perf-native-recv-0909/gc-leaf-census-20260911/compile-v2/cc-diagnostic,mi_page_queue_remove,no_pgcm_function_at_start,,1,5233950
command,main_thread,runtime_helper_source_bound,/root/cc-perf-native-recv-0909/gc-leaf-census-20260911/compile-v2/cc-diagnostic,js_string_code_point_at,no_pgcm_function_at_start,,1,5233737
startup,main_thread,other_application_symbol,/root/cc-perf-native-recv-0909/gc-leaf-census-20260911/compile-v2/cc-diagnostic,trunc,no_pgcm_function_at_start,,1,5233046
command,main_thread,other_application_symbol,/root/cc-perf-native-recv-0909/gc-leaf-census-20260911/compile-v2/cc-diagnostic,perry_runtime::object::reflect_support::obj_value_has_own_key,no_pgcm_function_at_start,,1,5233036
startup,main_thread,other_application_symbol,/root/cc-perf-native-recv-0909/gc-leaf-census-20260911/compile-v2/cc-diagnostic,perry_runtime::array::iter_object::alloc_iterator_backing,no_pgcm_function_at_start,,1,5232874
command,main_thread,other_application_symbol,/root/cc-perf-native-recv-0909/gc-leaf-census-20260911/compile-v2/cc-diagnostic,<aho_corasick::nfa::noncontiguous::NFA>::add_transition,no_pgcm_function_at_start,,1,5232322
command,main_thread,compiled_function_prefix,/root/cc-perf-native-recv-0909/gc-leaf-census-20260911/compile-v2/cc-diagnostic,perry_fn_cli_2_1_112_js__hE8.__arena,exact_start_and_symbol,28:1,1,5232041
startup,main_thread,other_application_symbol,/root/cc-perf-native-recv-0909/gc-leaf-census-20260911/compile-v2/cc-diagnostic,"<perry_runtime::object::class_image::ImageTable<std::sync::poison::rwlock::RwLock<core::option::Option<std::collections::hash::map::HashMap<u32, perry_runtime::object::class_registry::state::ClassVTable, perry_runtime::fast_hash::PtrHasher>>>>>::read",no_pgcm_function_at_start,,1,5231693
command,main_thread,runtime_helper_source_bound,/root/cc-perf-native-recv-0909/gc-leaf-census-20260911/compile-v2/cc-diagnostic,js_iterator_next_result,no_pgcm_function_at_start,,1,5231487
command,main_thread,other_application_symbol,/root/cc-perf-native-recv-0909/gc-leaf-census-20260911/compile-v2/cc-diagnostic,<perry_runtime::gc::roots::runtime_handles::RuntimeHandleScope>::root_nanbox_u64,no_pgcm_function_at_start,,1,5231416
command,main_thread,other_application_symbol,/root/cc-perf-native-recv-0909/gc-leaf-census-20260911/compile-v2/cc-diagnostic,perry_runtime::object::shapes::shape_live_inline_slot_count_by_id,no_pgcm_function_at_start,,1,5231064
between_phases,main_thread,other_application_symbol,/root/cc-perf-native-recv-0909/gc-leaf-census-20260911/compile-v2/cc-diagnostic,perry_runtime::object::field_get_set::get_field_by_name_tail::get_field_by_name_object_tail,no_pgcm_function_at_start,,1,5231009
command,main_thread,compiled_function_prefix,/root/cc-perf-native-recv-0909/gc-leaf-census-20260911/compile-v2/cc-diagnostic,perry_fn_cli_2_1_112_js__h46,exact_start_and_symbol,101:54,1,5230787
between_phases,main_thread,other_application_symbol,/root/cc-perf-native-recv-0909/gc-leaf-census-20260911/compile-v2/cc-diagnostic,"<alloc::raw_vec::RawVec<(regex_syntax::ast::visitor::ClassInduct, regex_syntax::ast::visitor::ClassFrame)>>::grow_one",no_pgcm_function_at_start,,1,5230236
command,main_thread,other_application_symbol,/root/cc-perf-native-recv-0909/gc-leaf-census-20260911/compile-v2/cc-diagnostic,perry_runtime::array::iterator::array_from_spread_value::{closure#0},no_pgcm_function_at_start,,1,5229593
between_phases,main_thread,other_application_symbol,/root/cc-perf-native-recv-0909/gc-leaf-census-20260911/compile-v2/cc-diagnostic,<regex_syntax::ast::parse::ParserI<&mut regex_syntax::ast::parse::Parser>>::char,no_pgcm_function_at_start,,1,5229324
command,main_thread,other_application_symbol,/root/cc-perf-native-recv-0909/gc-leaf-census-20260911/compile-v2/cc-diagnostic,perry_runtime::proxy::ordinary_set_with_receiver::{closure#4},no_pgcm_function_at_start,,1,5228633
command,main_thread,compiled_function_prefix,/root/cc-perf-native-recv-0909/gc-leaf-census-20260911/compile-v2/cc-diagnostic,perry_closure_cli_2_1_112_js__36680,exact_start_and_symbol,23:588,1,5228075
command,main_thread,other_application_symbol,/root/cc-perf-native-recv-0909/gc-leaf-census-20260911/compile-v2/cc-diagnostic,perry_runtime::object::native_call_method::collection_methods::dispatch_map_set,no_pgcm_function_at_start,,1,5227769
startup,main_thread,other_application_symbol,/root/cc-perf-native-recv-0909/gc-leaf-census-20260911/compile-v2/cc-diagnostic,"<perry_runtime::gc::roots::runtime_handles::RuntimeHandle>::across_mut::<perry_runtime::string::StringHeader, ((), *mut perry_runtime::object::ObjectHeader), perry_runtime::object::object_ops::define_property::js_object_define_property::{closure#61}>",no_pgcm_function_at_start,,1,5227648
command,main_thread,other_application_symbol,/root/cc-perf-native-recv-0909/gc-leaf-census-20260911/compile-v2/cc-diagnostic,perry_runtime::object::prototype_chain::resolve_inherited_field,no_pgcm_function_at_start,,1,5227373
startup,main_thread,other_application_symbol,/root/cc-perf-native-recv-0909/gc-leaf-census-20260911/compile-v2/cc-diagnostic,<perry_runtime::object::shapes::shapes_store::IdList>::remove_inline,no_pgcm_function_at_start,,1,5226755
command,main_thread,other_application_symbol,/root/cc-perf-native-recv-0909/gc-leaf-census-20260911/compile-v2/cc-diagnostic,_mi_theap_malloc_zero,no_pgcm_function_at_start,,1,5226642
startup,main_thread,other_application_symbol,/root/cc-perf-native-recv-0909/gc-leaf-census-20260911/compile-v2/cc-diagnostic,regex_automata::meta::strategy::new,no_pgcm_function_at_start,,1,5226315
command,main_thread,other_application_symbol,/root/cc-perf-native-recv-0909/gc-leaf-census-20260911/compile-v2/cc-diagnostic,mi_malloc_aligned,no_pgcm_function_at_start,,1,5225513
command,main_thread,other_application_symbol,/root/cc-perf-native-recv-0909/gc-leaf-census-20260911/compile-v2/cc-diagnostic,perry_runtime::regex::lookup_repeat_matcher_for,no_pgcm_function_at_start,,1,5224047
startup,main_thread,other_application_symbol,/root/cc-perf-native-recv-0909/gc-leaf-census-20260911/compile-v2/cc-diagnostic,perry_runtime::array::indexing_support::keys_array_slot,no_pgcm_function_at_start,,1,5223288
between_phases,main_thread,other_application_symbol,/root/cc-perf-native-recv-0909/gc-leaf-census-20260911/compile-v2/cc-diagnostic,cli_2_1_112_js____AnonShape_c39a87724890e8b0_constructor,exact_start_and_symbol,49:447,1,5223181
command,main_thread,other_application_symbol,/root/cc-perf-native-recv-0909/gc-leaf-census-20260911/compile-v2/cc-diagnostic,perry_runtime::object::class_registry::prototype_objects::resolve_proto_chain_field_inner,no_pgcm_function_at_start,,1,5222022
startup,main_thread,other_application_symbol,/root/cc-perf-native-recv-0909/gc-leaf-census-20260911/compile-v2/cc-diagnostic,perry_runtime::object::class_constructors::scan_class_capture_value_roots_mut,no_pgcm_function_at_start,,1,5221787
between_phases,main_thread,other_application_symbol,/root/cc-perf-native-recv-0909/gc-leaf-census-20260911/compile-v2/cc-diagnostic,perry_runtime::object::side_table_roots::scan_transition_cache_roots_mut,no_pgcm_function_at_start,,1,5221453
between_phases,main_thread,runtime_helper_source_bound,/root/cc-perf-native-recv-0909/gc-leaf-census-20260911/compile-v2/cc-diagnostic,js_object_get_symbol_property,no_pgcm_function_at_start,,1,5221367
between_phases,main_thread,other_dso,/usr/lib/x86_64-linux-gnu/libc.so.6,__memcmp_evex_movbe,not_application_dso,,1,5220698
command,main_thread,other_application_symbol,/root/cc-perf-native-recv-0909/gc-leaf-census-20260911/compile-v2/cc-diagnostic,perry_runtime::map::js_map_set::{closure#0},no_pgcm_function_at_start,,1,5220140
command,main_thread,other_application_symbol,/root/cc-perf-native-recv-0909/gc-leaf-census-20260911/compile-v2/cc-diagnostic,perry_runtime::object::class_registry::registration::is_class_id_registered,no_pgcm_function_at_start,,1,5220112
startup,main_thread,other_application_symbol,/root/cc-perf-native-recv-0909/gc-leaf-census-20260911/compile-v2/cc-diagnostic,perry_runtime::string::compare::js_string_key_matches_bytes,no_pgcm_function_at_start,,1,5218927
command,main_thread,other_application_symbol,/root/cc-perf-native-recv-0909/gc-leaf-census-20260911/compile-v2/cc-diagnostic,perry_runtime::string::string_storage_alloc,no_pgcm_function_at_start,,1,5218850
between_phases,main_thread,compiled_function_prefix,/root/cc-perf-native-recv-0909/gc-leaf-census-20260911/compile-v2/cc-diagnostic,perry_fn_cli_2_1_112_js__O_A,exact_start_and_symbol,47:3,1,5218639
command,main_thread,other_application_symbol,/root/cc-perf-native-recv-0909/gc-leaf-census-20260911/compile-v2/cc-diagnostic,"<dashmap::DashMap<i64, alloc::boxed::Box<dyn core::any::Any + core::marker::Send + core::marker::Sync>> as dashmap::t::Map<i64, alloc::boxed::Box<dyn core::any::Any + core::marker::Send + core::marker::Sync>, std::hash::random::RandomState>>::_get::<i64>",no_pgcm_function_at_start,,1,5218560
startup,main_thread,other_application_symbol,/root/cc-perf-native-recv-0909/gc-leaf-census-20260911/compile-v2/cc-diagnostic,perry_runtime::gc::layout_tables::per_object_slot_mask,no_pgcm_function_at_start,,1,5218257
startup,main_thread,other_application_symbol,/root/cc-perf-native-recv-0909/gc-leaf-census-20260911/compile-v2/cc-diagnostic,perry_runtime::gc::layout_slot_visit::visit_gc_rewrite_slots::<<perry_runtime::gc::copying::CopyingNurseryCollector>::scan_object_fields::{closure#0}>::{closure#0},no_pgcm_function_at_start,,1,5218005
startup,main_thread,other_application_symbol,/root/cc-perf-native-recv-0909/gc-leaf-census-20260911/compile-v2/cc-diagnostic,perry_runtime::object::object_ops::prototype::js_object_get_prototype_of::{closure#0},no_pgcm_function_at_start,,1,5217492
command,main_thread,other_application_symbol,/root/cc-perf-native-recv-0909/gc-leaf-census-20260911/compile-v2/cc-diagnostic,perry_runtime::gc::verify::restore_surviving_dirty_coverage,no_pgcm_function_at_start,,1,5217215
command,main_thread,compiled_function_prefix,/root/cc-perf-native-recv-0909/gc-leaf-census-20260911/compile-v2/cc-diagnostic,perry_closure_cli_2_1_112_js__37169,exact_start_and_symbol,61:595,1,5216748
command,main_thread,other_application_symbol,/root/cc-perf-native-recv-0909/gc-leaf-census-20260911/compile-v2/cc-diagnostic,floor,no_pgcm_function_at_start,,1,5216538
command,main_thread,compiled_function_prefix,/root/cc-perf-native-recv-0909/gc-leaf-census-20260911/compile-v2/cc-diagnostic,perry_fn_cli_2_1_112_js__TG7,exact_start_and_symbol,29:30,1,5216391
startup,main_thread,other_application_symbol,/root/cc-perf-native-recv-0909/gc-leaf-census-20260911/compile-v2/cc-diagnostic,<perry_runtime::gc::roots::runtime_handles::RuntimeHandleScope>::root_raw_mut_ptr::<perry_runtime::map::MapHeader>,no_pgcm_function_at_start,,1,5215397
startup,main_thread,other_application_symbol,/root/cc-perf-native-recv-0909/gc-leaf-census-20260911/compile-v2/cc-diagnostic,perry_runtime::gc::layout_tables::prune_dead_per_object_layout_owners,no_pgcm_function_at_start,,1,5215317
command,main_thread,other_application_symbol,/root/cc-perf-native-recv-0909/gc-leaf-census-20260911/compile-v2/cc-diagnostic,perry_runtime::array::element_shape::note_element_store_with_bit,no_pgcm_function_at_start,,1,5214476
command,main_thread,other_application_symbol,/root/cc-perf-native-recv-0909/gc-leaf-census-20260911/compile-v2/cc-diagnostic,perry_runtime::buffer::header::is_array_buffer,no_pgcm_function_at_start,,1,5213935
startup,main_thread,other_application_symbol,/root/cc-perf-native-recv-0909/gc-leaf-census-20260911/compile-v2/cc-diagnostic,<perry_runtime::arena::page_meta::page_class::PageGenerationCacheSet>::insert,no_pgcm_function_at_start,,1,5213898
command,main_thread,other_application_symbol,/root/cc-perf-native-recv-0909/gc-leaf-census-20260911/compile-v2/cc-diagnostic,perry_runtime::object::object_is_regular,no_pgcm_function_at_start,,1,5212921
startup,main_thread,other_application_symbol,/root/cc-perf-native-recv-0909/gc-leaf-census-20260911/compile-v2/cc-diagnostic,perry_runtime::gc::roots::stack_maps::ensure_built,no_pgcm_function_at_start,,1,5211107
startup,main_thread,runtime_helper_source_bound,/root/cc-perf-native-recv-0909/gc-leaf-census-20260911/compile-v2/cc-diagnostic,js_implicit_this_set,no_pgcm_function_at_start,,1,5209478
startup,main_thread,other_application_symbol,/root/cc-perf-native-recv-0909/gc-leaf-census-20260911/compile-v2/cc-diagnostic,perry_runtime::gc::barrier::write_barrier_slot_decoded,no_pgcm_function_at_start,,1,5208896
command,main_thread,runtime_helper_source_bound,/root/cc-perf-native-recv-0909/gc-leaf-census-20260911/compile-v2/cc-diagnostic,js_number_is_safe_integer,no_pgcm_function_at_start,,1,5208094
command,main_thread,other_application_symbol,/root/cc-perf-native-recv-0909/gc-leaf-census-20260911/compile-v2/cc-diagnostic,perry_runtime::symbol::accessors::symbol_accessor_property,no_pgcm_function_at_start,,1,5208055
between_phases,main_thread,runtime_helper_source_bound,/root/cc-perf-native-recv-0909/gc-leaf-census-20260911/compile-v2/cc-diagnostic,js_jsvalue_to_string,no_pgcm_function_at_start,,1,5207202
startup,main_thread,other_application_symbol,/root/cc-perf-native-recv-0909/gc-leaf-census-20260911/compile-v2/cc-diagnostic,"core::slice::sort::unstable::quicksort::quicksort::<u32, <u32 as core::cmp::PartialOrd>::lt>",no_pgcm_function_at_start,,1,5206853
startup,main_thread,other_application_symbol,/root/cc-perf-native-recv-0909/gc-leaf-census-20260911/compile-v2/cc-diagnostic,<regex_syntax::ast::Ast as core::ops::drop::Drop>::drop,no_pgcm_function_at_start,,1,5205957
startup,main_thread,other_application_symbol,/root/cc-perf-native-recv-0909/gc-leaf-census-20260911/compile-v2/cc-diagnostic,regex_automata::dfa::search::find_fwd::<&regex_automata::dfa::dense::DFA<alloc::vec::Vec<u32>>>,no_pgcm_function_at_start,,1,5205934
between_phases,main_thread,other_application_symbol,/root/cc-perf-native-recv-0909/gc-leaf-census-20260911/compile-v2/cc-diagnostic,perry_runtime::object::class_registry::parent_static::is_registered_class_prototype_object,no_pgcm_function_at_start,,1,5205320
command,main_thread,other_application_symbol,/root/cc-perf-native-recv-0909/gc-leaf-census-20260911/compile-v2/cc-diagnostic,perry_runtime::json::stringify::stringify_object_inner,no_pgcm_function_at_start,,1,5204699
between_phases,main_thread,other_application_symbol,/root/cc-perf-native-recv-0909/gc-leaf-census-20260911/compile-v2/cc-diagnostic,perry_runtime::object::transition_edge_places_key,no_pgcm_function_at_start,,1,5204181
startup,main_thread,runtime_helper_source_bound,/root/cc-perf-native-recv-0909/gc-leaf-census-20260911/compile-v2/cc-diagnostic,js_string_equals,no_pgcm_function_at_start,,1,5203639
command,main_thread,other_application_symbol,/root/cc-perf-native-recv-0909/gc-leaf-census-20260911/compile-v2/cc-diagnostic,"<perry_runtime::gc::roots::runtime_handles::RuntimeHandle>::with_const_ptr::<perry_runtime::string::StringHeader, (f64, f64, f64), perry_runtime::object::field_set_by_name::fast_paths::object_set_field_by_name_transition_fast_impl_value::{closure#0}>",no_pgcm_function_at_start,,1,5202033
between_phases,main_thread,other_application_symbol,/root/cc-perf-native-recv-0909/gc-leaf-census-20260911/compile-v2/cc-diagnostic,<perry_runtime::object::shapes::shapes_store::IdList>::append_unchecked,no_pgcm_function_at_start,,1,5201729
command,main_thread,runtime_helper_source_bound,/root/cc-perf-native-recv-0909/gc-leaf-census-20260911/compile-v2/cc-diagnostic,js_array_length,no_pgcm_function_at_start,,1,5200279
between_phases,main_thread,other_application_symbol,/root/cc-perf-native-recv-0909/gc-leaf-census-20260911/compile-v2/cc-diagnostic,perry_runtime::closure::dynamic_props::clear_closure_side_tables_for_dead_ptr,no_pgcm_function_at_start,,1,5199146
startup,main_thread,other_application_symbol,/root/cc-perf-native-recv-0909/gc-leaf-census-20260911/compile-v2/cc-diagnostic,perry_runtime::object::field_set_by_name::fast_paths::try_existing_own_data_overwrite,no_pgcm_function_at_start,,1,5198742
command,main_thread,runtime_helper_source_bound,/root/cc-perf-native-recv-0909/gc-leaf-census-20260911/compile-v2/cc-diagnostic,js_string_coerce,no_pgcm_function_at_start,,1,5198614
command,main_thread,runtime_helper_source_bound,/root/cc-perf-native-recv-0909/gc-leaf-census-20260911/compile-v2/cc-diagnostic,js_closure_set_box_capture_ptr,no_pgcm_function_at_start,,1,5196645
between_phases,main_thread,other_application_symbol,/root/cc-perf-native-recv-0909/gc-leaf-census-20260911/compile-v2/cc-diagnostic,perry_runtime::shared_sab::is_shared_sab,no_pgcm_function_at_start,,1,5196529
command,main_thread,compiled_function_prefix,/root/cc-perf-native-recv-0909/gc-leaf-census-20260911/compile-v2/cc-diagnostic,perry_closure_cli_2_1_112_js__37118,exact_start_and_symbol,46:81,1,5195995
command,main_thread,compiled_function_prefix,/root/cc-perf-native-recv-0909/gc-leaf-census-20260911/compile-v2/cc-diagnostic,perry_fn_cli_2_1_112_js__Fv5,exact_start_and_symbol,69:31,1,5195084
command,main_thread,other_application_symbol,/root/cc-perf-native-recv-0909/gc-leaf-census-20260911/compile-v2/cc-diagnostic,perry_runtime::buffer::header::mark_as_uint8array,no_pgcm_function_at_start,,1,5194545
command,main_thread,other_application_symbol,/root/cc-perf-native-recv-0909/gc-leaf-census-20260911/compile-v2/cc-diagnostic,perry_runtime::object::object_ops::keys_array::own_key_present_via_index,no_pgcm_function_at_start,,1,5194380
command,main_thread,other_application_symbol,/root/cc-perf-native-recv-0909/gc-leaf-census-20260911/compile-v2/cc-diagnostic,perry_runtime::object::field_get_set::get_field_by_name::prime_read_stub,no_pgcm_function_at_start,,1,5194195
between_phases,main_thread,other_application_symbol,/root/cc-perf-native-recv-0909/gc-leaf-census-20260911/compile-v2/cc-diagnostic,perry_runtime::object::shapes::shape_slot_lookup_verdict,no_pgcm_function_at_start,,1,5194009
between_phases,main_thread,runtime_helper_source_bound,/root/cc-perf-native-recv-0909/gc-leaf-census-20260911/compile-v2/cc-diagnostic,js_closure_call3,no_pgcm_function_at_start,,1,5193923
between_phases,main_thread,other_application_symbol,/root/cc-perf-native-recv-0909/gc-leaf-census-20260911/compile-v2/cc-diagnostic,perry_runtime::typed_feedback::object_shape,no_pgcm_function_at_start,,1,5193895
between_phases,main_thread,other_application_symbol,/root/cc-perf-native-recv-0909/gc-leaf-census-20260911/compile-v2/cc-diagnostic,perry_runtime::set::is_registered_set,no_pgcm_function_at_start,,1,5192742
between_phases,main_thread,other_application_symbol,/root/cc-perf-native-recv-0909/gc-leaf-census-20260911/compile-v2/cc-diagnostic,"<hashbrown::map::HashMap<usize, alloc::vec::Vec<(u32, usize)>, perry_runtime::fast_hash::PtrHasher>>::insert",no_pgcm_function_at_start,,1,5192532
startup,main_thread,runtime_helper_source_bound,/root/cc-perf-native-recv-0909/gc-leaf-census-20260911/compile-v2/cc-diagnostic,js_buffer_set,no_pgcm_function_at_start,,1,5192414
between_phases,main_thread,other_application_symbol,/root/cc-perf-native-recv-0909/gc-leaf-census-20260911/compile-v2/cc-diagnostic,perry_runtime::object::field_get_set::temporal_subclass_cell,no_pgcm_function_at_start,,1,5190703
startup,main_thread,other_application_symbol,/root/cc-perf-native-recv-0909/gc-leaf-census-20260911/compile-v2/cc-diagnostic,perry_runtime::object::side_table_roots::scan_transition_cache_slot,no_pgcm_function_at_start,,1,5190477
startup,main_thread,other_application_symbol,/root/cc-perf-native-recv-0909/gc-leaf-census-20260911/compile-v2/cc-diagnostic,perry_runtime::object::field_get_set::temporal_subclass_cell,no_pgcm_function_at_start,,1,5189298
between_phases,main_thread,other_application_symbol,/root/cc-perf-native-recv-0909/gc-leaf-census-20260911/compile-v2/cc-diagnostic,"<hashbrown::raw::RawTable<(usize, perry_runtime::arena::page_meta::OldPageMeta)>>::reserve_rehash::<hashbrown::map::make_hasher<usize, perry_runtime::arena::page_meta::OldPageMeta, perry_runtime::fast_hash::PtrHasher>::{closure#0}>",no_pgcm_function_at_start,,1,5188956
between_phases,main_thread,compiled_function_prefix,/root/cc-perf-native-recv-0909/gc-leaf-census-20260911/compile-v2/cc-diagnostic,perry_closure_cli_2_1_112_js__42815,exact_start_and_symbol,71:92,1,5188467
command,main_thread,compiled_function_prefix,/root/cc-perf-native-recv-0909/gc-leaf-census-20260911/compile-v2/cc-diagnostic,perry_fn_cli_2_1_112_js__DMq,no_pgcm_function_at_start,,1,5188267
command,main_thread,other_application_symbol,/root/cc-perf-native-recv-0909/gc-leaf-census-20260911/compile-v2/cc-diagnostic,perry_runtime::object::native_call_method::handle_methods::dispatch_handle,no_pgcm_function_at_start,,1,5186626
startup,main_thread,runtime_helper_source_bound,/root/cc-perf-native-recv-0909/gc-leaf-census-20260911/compile-v2/cc-diagnostic,js_new_function_construct,no_pgcm_function_at_start,,1,5186128
startup,main_thread,other_application_symbol,/root/cc-perf-native-recv-0909/gc-leaf-census-20260911/compile-v2/cc-diagnostic,perry_runtime::gc::layout_slot_visit::fixed_slot,no_pgcm_function_at_start,,1,5184890
between_phases,main_thread,other_application_symbol,/root/cc-perf-native-recv-0909/gc-leaf-census-20260911/compile-v2/cc-diagnostic,perry_runtime::object::prototype_chain::object_static_prototype,no_pgcm_function_at_start,,1,5184666
command,main_thread,other_application_symbol,/root/cc-perf-native-recv-0909/gc-leaf-census-20260911/compile-v2/cc-diagnostic,perry_runtime::promise::assimilate::get_then_action,no_pgcm_function_at_start,,1,5183680
command,main_thread,other_application_symbol,/root/cc-perf-native-recv-0909/gc-leaf-census-20260911/compile-v2/cc-diagnostic,perry_runtime::object::prop_plan::read_plan_record,no_pgcm_function_at_start,,1,5182821
command,main_thread,other_application_symbol,/root/cc-perf-native-recv-0909/gc-leaf-census-20260911/compile-v2/cc-diagnostic,perry_runtime::object::field_get_set::prototype_override::inherited_field_if_overridden,no_pgcm_function_at_start,,1,5182597
startup,main_thread,other_application_symbol,/root/cc-perf-native-recv-0909/gc-leaf-census-20260911/compile-v2/cc-diagnostic,perry_runtime::regex::js_regexp_new_impl,no_pgcm_function_at_start,,1,5182522
between_phases,main_thread,runtime_helper_source_bound,/root/cc-perf-native-recv-0909/gc-leaf-census-20260911/compile-v2/cc-diagnostic,js_typed_feedback_class_field_set_guard,no_pgcm_function_at_start,,1,5182148
between_phases,main_thread,other_application_symbol,/root/cc-perf-native-recv-0909/gc-leaf-census-20260911/compile-v2/cc-diagnostic,perry_runtime::object::field_get_set::accessors::own_data_field_by_name,no_pgcm_function_at_start,,1,5181401
between_phases,main_thread,other_application_symbol,/root/cc-perf-native-recv-0909/gc-leaf-census-20260911/compile-v2/cc-diagnostic,perry_runtime::timer::ownership::has_refed_promise_timer,no_pgcm_function_at_start,,1,5181139
between_phases,main_thread,other_application_symbol,/root/cc-perf-native-recv-0909/gc-leaf-census-20260911/compile-v2/cc-diagnostic,<perry_runtime::gc::layout::slot_mask::LayoutSlotMask>::clear_slot,no_pgcm_function_at_start,,1,5180351
between_phases,main_thread,runtime_helper_source_bound,/root/cc-perf-native-recv-0909/gc-leaf-census-20260911/compile-v2/cc-diagnostic,js_put_value_set,no_pgcm_function_at_start,,1,5180137
startup,main_thread,other_application_symbol,/root/cc-perf-native-recv-0909/gc-leaf-census-20260911/compile-v2/cc-diagnostic,"<hashbrown::raw::RawTable<((usize, alloc::string::String), perry_runtime::object::descriptor_state::PropertyAttrs)>>::reserve_rehash::<hashbrown::map::make_hasher<(usize, alloc::string::String), perry_runtime::object::descriptor_state::PropertyAttrs, perry_runtime::fast_hash::FastKeyHasher>::{closure#0}>",no_pgcm_function_at_start,,1,5179825
between_phases,main_thread,other_application_symbol,/root/cc-perf-native-recv-0909/gc-leaf-census-20260911/compile-v2/cc-diagnostic,perry_runtime::object::field_set_by_name::tail::set_field_by_name_object_tail,no_pgcm_function_at_start,,1,5179689
command,main_thread,runtime_helper_source_bound,/root/cc-perf-native-recv-0909/gc-leaf-census-20260911/compile-v2/cc-diagnostic,js_closure_unbox_callee_checked,no_pgcm_function_at_start,,1,5178637
startup,main_thread,other_application_symbol,/root/cc-perf-native-recv-0909/gc-leaf-census-20260911/compile-v2/cc-diagnostic,perry_runtime::set::js_set_add::{closure#0},no_pgcm_function_at_start,,1,5174991
startup,main_thread,other_application_symbol,/root/cc-perf-native-recv-0909/gc-leaf-census-20260911/compile-v2/cc-diagnostic,perry_runtime::event_target::event_target_value_read,no_pgcm_function_at_start,,1,5174798
between_phases,main_thread,runtime_helper_source_bound,/root/cc-perf-native-recv-0909/gc-leaf-census-20260911/compile-v2/cc-diagnostic,perry_transition_cache_base,no_pgcm_function_at_start,,1,5173850
startup,foreign_pid,other_dso,/usr/lib/x86_64-linux-gnu/libc.so.6,malloc,not_application_dso,,2,5173717
between_phases,main_thread,other_application_symbol,/root/cc-perf-native-recv-0909/gc-leaf-census-20260911/compile-v2/cc-diagnostic,perry_runtime::arena::page_meta::register_old_block_pages::{closure#0},no_pgcm_function_at_start,,1,5173660
startup,main_thread,other_application_symbol,/root/cc-perf-native-recv-0909/gc-leaf-census-20260911/compile-v2/cc-diagnostic,<regex_automata::dfa::dense::DFA<alloc::vec::Vec<u32>>>::accelerate,no_pgcm_function_at_start,,1,5172519
startup,main_thread,runtime_helper_source_bound,/root/cc-perf-native-recv-0909/gc-leaf-census-20260911/compile-v2/cc-diagnostic,js_object_alloc_with_shape,no_pgcm_function_at_start,,1,5172103
command,main_thread,other_application_symbol,/root/cc-perf-native-recv-0909/gc-leaf-census-20260911/compile-v2/cc-diagnostic,<perry_runtime::gc::roots::runtime_handles::RuntimeHandle>::get_nanbox_u64,no_pgcm_function_at_start,,1,5167751
startup,main_thread,runtime_helper_source_bound,/root/cc-perf-native-recv-0909/gc-leaf-census-20260911/compile-v2/cc-diagnostic,js_array_push_f64,no_pgcm_function_at_start,,1,5167464
between_phases,main_thread,other_application_symbol,/root/cc-perf-native-recv-0909/gc-leaf-census-20260911/compile-v2/cc-diagnostic,perry_runtime::closure::dynamic_props::prune_dead_closure_side_table_owners,no_pgcm_function_at_start,,1,5167260
command,main_thread,other_application_symbol,/root/cc-perf-native-recv-0909/gc-leaf-census-20260911/compile-v2/cc-diagnostic,perry_runtime::closure::registry::closure_is_arrow,no_pgcm_function_at_start,,1,5165169
between_phases,foreign_pid,other_dso,/usr/bin/node,v8::internal::compiler::OperandAssigner::CommitAssignment(),not_application_dso,,1,5165146
startup,main_thread,other_application_symbol,/root/cc-perf-native-recv-0909/gc-leaf-census-20260911/compile-v2/cc-diagnostic,perry_runtime::proxy::prototype_of_for_set,no_pgcm_function_at_start,,1,5164221
between_phases,main_thread,other_application_symbol,/root/cc-perf-native-recv-0909/gc-leaf-census-20260911/compile-v2/cc-diagnostic,perry_runtime::closure::registry::resolve_strategy_slow,no_pgcm_function_at_start,,1,5162459
command,main_thread,other_application_symbol,/root/cc-perf-native-recv-0909/gc-leaf-census-20260911/compile-v2/cc-diagnostic,perry_runtime::object::class_registry::state::class_is_key_deleted,no_pgcm_function_at_start,,1,5160946
startup,main_thread,other_application_symbol,/root/cc-perf-native-recv-0909/gc-leaf-census-20260911/compile-v2/cc-diagnostic,"<hashbrown::map::HashMap<(usize, alloc::string::String), perry_runtime::object::descriptor_state::AccessorDescriptor, perry_runtime::fast_hash::FastKeyHasher>>::insert",no_pgcm_function_at_start,,1,5159981
between_phases,main_thread,other_application_symbol,/root/cc-perf-native-recv-0909/gc-leaf-census-20260911/compile-v2/cc-diagnostic,perry_runtime::gc::root_words::mark_mutable_root_bits,no_pgcm_function_at_start,,1,5158595
command,main_thread,other_application_symbol,/root/cc-perf-native-recv-0909/gc-leaf-census-20260911/compile-v2/cc-diagnostic,perry_runtime::closure::box_captures::increment_cell_capture_count,no_pgcm_function_at_start,,1,5158505
startup,main_thread,other_application_symbol,/root/cc-perf-native-recv-0909/gc-leaf-census-20260911/compile-v2/cc-diagnostic,"<hashbrown::map::HashMap<usize, perry_runtime::gc::layout::slot_mask::LayoutSlotMask, perry_runtime::fast_hash::PtrHasher>>::get_mut::<usize>",no_pgcm_function_at_start,,1,5156758
between_phases,main_thread,other_application_symbol,/root/cc-perf-native-recv-0909/gc-leaf-census-20260911/compile-v2/cc-diagnostic,perry_runtime::object::native_module::callable_exports::builtin_closure_length,no_pgcm_function_at_start,,1,5153384
between_phases,main_thread,other_application_symbol,/root/cc-perf-native-recv-0909/gc-leaf-census-20260911/compile-v2/cc-diagnostic,perry_runtime::object::arguments::read_ordinary_own_value,no_pgcm_function_at_start,,1,5152857
between_phases,main_thread,other_application_symbol,/root/cc-perf-native-recv-0909/gc-leaf-census-20260911/compile-v2/cc-diagnostic,<perry_runtime::object::shapes::shapes_store::ShapeSlab>::insert,no_pgcm_function_at_start,,1,5152591
startup,main_thread,runtime_helper_source_bound,/root/cc-perf-native-recv-0909/gc-leaf-census-20260911/compile-v2/cc-diagnostic,js_object_get_prototype_of,no_pgcm_function_at_start,,1,5146362
command,main_thread,runtime_helper_source_bound,/root/cc-perf-native-recv-0909/gc-leaf-census-20260911/compile-v2/cc-diagnostic,js_switch_strict_equals,no_pgcm_function_at_start,,1,5145744
command,main_thread,other_application_symbol,/root/cc-perf-native-recv-0909/gc-leaf-census-20260911/compile-v2/cc-diagnostic,perry_runtime::array::header::array_numeric_layout,no_pgcm_function_at_start,,1,5145354
between_phases,main_thread,other_application_symbol,/root/cc-perf-native-recv-0909/gc-leaf-census-20260911/compile-v2/cc-diagnostic,perry_runtime::object::descriptor_state::class_instance_set_may_intercept,no_pgcm_function_at_start,,1,5140495
command,main_thread,other_application_symbol,/root/cc-perf-native-recv-0909/gc-leaf-census-20260911/compile-v2/cc-diagnostic,regex_automata::hybrid::search::find_fwd,no_pgcm_function_at_start,,1,5140219
between_phases,main_thread,other_application_symbol,/root/cc-perf-native-recv-0909/gc-leaf-census-20260911/compile-v2/cc-diagnostic,"<core::iter::adapters::filter::Filter<core::iter::adapters::copied::Copied<std::collections::hash::map::Keys<usize, perry_runtime::set::SetSideAllocation>>, perry_runtime::set::collect_dead_registered_sets_post_trace::{closure#0}::{closure#0}> as core::iter::traits::iterator::Iterator>::next",no_pgcm_function_at_start,,1,5136569
startup,main_thread,runtime_helper_source_bound,/root/cc-perf-native-recv-0909/gc-leaf-census-20260911/compile-v2/cc-diagnostic,js_closure_get_capture_bits,no_pgcm_function_at_start,,1,5131591
command,main_thread,other_application_symbol,/root/cc-perf-native-recv-0909/gc-leaf-census-20260911/compile-v2/cc-diagnostic,perry_runtime::string::compare::js_string_key_matches_bytes,no_pgcm_function_at_start,,1,5128456
between_phases,main_thread,runtime_helper_source_bound,/root/cc-perf-native-recv-0909/gc-leaf-census-20260911/compile-v2/cc-diagnostic,js_native_call_method,no_pgcm_function_at_start,,1,5126557
command,main_thread,other_application_symbol,/root/cc-perf-native-recv-0909/gc-leaf-census-20260911/compile-v2/cc-diagnostic,perry_runtime::gc::layout_tables::refresh_per_object_layouts_flag,no_pgcm_function_at_start,,1,5121983
command,main_thread,runtime_helper_source_bound,/root/cc-perf-native-recv-0909/gc-leaf-census-20260911/compile-v2/cc-diagnostic,js_closure_call3,no_pgcm_function_at_start,,1,5121315
startup,main_thread,other_application_symbol,/root/cc-perf-native-recv-0909/gc-leaf-census-20260911/compile-v2/cc-diagnostic,<regex_automata::nfa::thompson::nfa::Inner>::add,no_pgcm_function_at_start,,1,5120824
command,main_thread,other_application_symbol,/root/cc-perf-native-recv-0909/gc-leaf-census-20260911/compile-v2/cc-diagnostic,perry_runtime::object::native_module::callable_exports::bound_native_callable_module_and_method,no_pgcm_function_at_start,,1,5118942
between_phases,main_thread,other_application_symbol,/root/cc-perf-native-recv-0909/gc-leaf-census-20260911/compile-v2/cc-diagnostic,perry_runtime::string::compare::js_string_key_matches_bytes,no_pgcm_function_at_start,,1,5117759
startup,main_thread,runtime_helper_source_bound,/root/cc-perf-native-recv-0909/gc-leaf-census-20260911/compile-v2/cc-diagnostic,js_object_get_own_field_or_undef,no_pgcm_function_at_start,,1,5115258
between_phases,main_thread,other_application_symbol,/root/cc-perf-native-recv-0909/gc-leaf-census-20260911/compile-v2/cc-diagnostic,perry_runtime::builtins::formatting::boxed_primitives::boxed_primitive_payload,no_pgcm_function_at_start,,1,5113873
startup,main_thread,other_application_symbol,/root/cc-perf-native-recv-0909/gc-leaf-census-20260911/compile-v2/cc-diagnostic,perry_runtime::string::intern::intern_dispatch_bytes,no_pgcm_function_at_start,,1,5108921
startup,main_thread,other_application_symbol,/root/cc-perf-native-recv-0909/gc-leaf-census-20260911/compile-v2/cc-diagnostic,perry_runtime::object::prototype_chain::resolve_inherited_field_from_prototype,no_pgcm_function_at_start,,1,5105492
startup,main_thread,other_application_symbol,/root/cc-perf-native-recv-0909/gc-leaf-census-20260911/compile-v2/cc-diagnostic,perry_runtime::object::class_registry::parent_static::lookup_class_method_in_chain,no_pgcm_function_at_start,,1,5104262
startup,main_thread,other_application_symbol,/root/cc-perf-native-recv-0909/gc-leaf-census-20260911/compile-v2/cc-diagnostic,perry_runtime::closure::dynamic_props::closure_set_dynamic_prop,no_pgcm_function_at_start,,1,5094143
startup,main_thread,other_application_symbol,/root/cc-perf-native-recv-0909/gc-leaf-census-20260911/compile-v2/cc-diagnostic,perry_runtime::typed_feedback::registry,no_pgcm_function_at_start,,1,5091733
startup,main_thread,other_application_symbol,/root/cc-perf-native-recv-0909/gc-leaf-census-20260911/compile-v2/cc-diagnostic,<std::hash::random::RandomState as core::hash::BuildHasher>::hash_one::<&[u8]>,no_pgcm_function_at_start,,1,5091625
command,main_thread,other_application_symbol,/root/cc-perf-native-recv-0909/gc-leaf-census-20260911/compile-v2/cc-diagnostic,perry_runtime::gc::layout_slot_visit::visit_gc_layout_slot_descriptors.specialized.10,no_pgcm_function_at_start,,1,5088549
startup,main_thread,other_application_symbol,/root/cc-perf-native-recv-0909/gc-leaf-census-20260911/compile-v2/cc-diagnostic,<regex_syntax::utf8::Utf8Sequences as core::iter::traits::iterator::Iterator>::next,no_pgcm_function_at_start,,1,5079736
command,main_thread,other_application_symbol,/root/cc-perf-native-recv-0909/gc-leaf-census-20260911/compile-v2/cc-diagnostic,alloc::fmt::format::format_inner,no_pgcm_function_at_start,,1,5078005
startup,main_thread,other_application_symbol,/root/cc-perf-native-recv-0909/gc-leaf-census-20260911/compile-v2/cc-diagnostic,perry_runtime::state::state,no_pgcm_function_at_start,,1,5077483
between_phases,main_thread,unknown_symbol,[unknown],[unknown],not_application_dso,,1,5074288
startup,main_thread,other_application_symbol,/root/cc-perf-native-recv-0909/gc-leaf-census-20260911/compile-v2/cc-diagnostic,"core::slice::sort::stable::drift::sort::<regex_syntax::hir::ClassUnicodeRange, <regex_syntax::hir::ClassUnicodeRange as core::cmp::PartialOrd>::lt>",no_pgcm_function_at_start,,1,5070912
command,main_thread,other_application_symbol,/root/cc-perf-native-recv-0909/gc-leaf-census-20260911/compile-v2/cc-diagnostic,perry_runtime::object::object_ops::descriptor_helpers::define_property_force_store_value,no_pgcm_function_at_start,,1,5065447
startup,main_thread,runtime_helper_source_bound,/root/cc-perf-native-recv-0909/gc-leaf-census-20260911/compile-v2/cc-diagnostic,js_eh_try_push,no_pgcm_function_at_start,,1,5059949
between_phases,main_thread,other_application_symbol,/root/cc-perf-native-recv-0909/gc-leaf-census-20260911/compile-v2/cc-diagnostic,perry_runtime::array::iter_object::alloc_iterator_backing,no_pgcm_function_at_start,,1,5059618
startup,main_thread,other_application_symbol,/root/cc-perf-native-recv-0909/gc-leaf-census-20260911/compile-v2/cc-diagnostic,perry_runtime::object::class_registry::prototype_objects::class_prototype_object,no_pgcm_function_at_start,,1,5057981
startup,main_thread,other_application_symbol,/root/cc-perf-native-recv-0909/gc-leaf-census-20260911/compile-v2/cc-diagnostic,<perry_runtime::gc::verify::OldToYoungRememberedRebuildState>::step,no_pgcm_function_at_start,,1,5055445
between_phases,main_thread,compiled_function_prefix,/root/cc-perf-native-recv-0909/gc-leaf-census-20260911/compile-v2/cc-diagnostic,perry_closure_cli_2_1_112_js__37361,exact_start_and_symbol,33:298,1,5054678
command,main_thread,other_application_symbol,/root/cc-perf-native-recv-0909/gc-leaf-census-20260911/compile-v2/cc-diagnostic,perry_runtime::gc::barrier::leaf::decode_raw_pointer_candidate,no_pgcm_function_at_start,,1,5054553
between_phases,main_thread,runtime_helper_source_bound,/root/cc-perf-native-recv-0909/gc-leaf-census-20260911/compile-v2/cc-diagnostic,js_array_map,no_pgcm_function_at_start,,1,5052429
startup,main_thread,other_application_symbol,/root/cc-perf-native-recv-0909/gc-leaf-census-20260911/compile-v2/cc-diagnostic,perry_runtime::object::field_get_set::has_property::closure_dynamic_prop_by_key,no_pgcm_function_at_start,,1,5046591
startup,main_thread,other_application_symbol,/root/cc-perf-native-recv-0909/gc-leaf-census-20260911/compile-v2/cc-diagnostic,perry_runtime::object::set_object_keys_array,no_pgcm_function_at_start,,1,5045367
between_phases,foreign_pid,other_dso,/usr/bin/node,"int v8::internal::Deserializer<v8::internal::Isolate>::ReadSharedHeapObjectCache<v8::internal::SlotAccessorForHeapObject>(unsigned char, v8::internal::SlotAccessorForHeapObject)",not_application_dso,,1,5044680
startup,main_thread,other_application_symbol,/root/cc-perf-native-recv-0909/gc-leaf-census-20260911/compile-v2/cc-diagnostic,"<alloc::collections::btree::map::IntoIter<regex_automata::util::primitives::StateID, alloc::vec::Vec<regex_automata::util::primitives::PatternID>>>::dying_next",no_pgcm_function_at_start,,1,5040123
startup,main_thread,other_application_symbol,/root/cc-perf-native-recv-0909/gc-leaf-census-20260911/compile-v2/cc-diagnostic,<hashbrown::raw::RawTableInner>::fallible_with_capacity::<alloc::alloc::Global>,no_pgcm_function_at_start,,1,5039229
startup,main_thread,other_application_symbol,/root/cc-perf-native-recv-0909/gc-leaf-census-20260911/compile-v2/cc-diagnostic,<perry_runtime::gc::roots::RuntimeRootVisitor>::visit_tagged_raw_addr,no_pgcm_function_at_start,,1,5034696
between_phases,main_thread,other_application_symbol,/root/cc-perf-native-recv-0909/gc-leaf-census-20260911/compile-v2/cc-diagnostic,perry_runtime::gc::trace::try_mark_value,no_pgcm_function_at_start,,1,5026822
between_phases,main_thread,other_application_symbol,/root/cc-perf-native-recv-0909/gc-leaf-census-20260911/compile-v2/cc-diagnostic,perry_runtime::string::perry_string_ref_from_dispatch_id,no_pgcm_function_at_start,,1,5025112
startup,main_thread,other_application_symbol,/root/cc-perf-native-recv-0909/gc-leaf-census-20260911/compile-v2/cc-diagnostic,perry_runtime::promise::then::js_promise_new_with_parent_impl,no_pgcm_function_at_start,,1,5019714
startup,foreign_pid,other_dso,/usr/bin/node,v8::internal::HeapObjectIterator::NextObject(),not_application_dso,,1,5014146
command,main_thread,runtime_helper_source_bound,/root/cc-perf-native-recv-0909/gc-leaf-census-20260911/compile-v2/cc-diagnostic,js_object_set_field_by_name,no_pgcm_function_at_start,,1,5012635
command,main_thread,other_application_symbol,/root/cc-perf-native-recv-0909/gc-leaf-census-20260911/compile-v2/cc-diagnostic,perry_runtime::object::class_registry::construct::extends_target_must_throw,no_pgcm_function_at_start,,1,5011145
between_phases,foreign_pid,other_dso,/usr/bin/node,v8::internal::maglev::MaglevGraphBuilder::VisitSingleBytecode(),not_application_dso,,1,4996986
startup,main_thread,other_application_symbol,/root/cc-perf-native-recv-0909/gc-leaf-census-20260911/compile-v2/cc-diagnostic,"<regress::parse::Parser<core::iter::adapters::map::Map<core::str::iter::Chars, <u32 as core::convert::From<char>>::from>>>::consume_disjunction",no_pgcm_function_at_start,,1,4989483
startup,main_thread,other_application_symbol,/root/cc-perf-native-recv-0909/gc-leaf-census-20260911/compile-v2/cc-diagnostic,<std::hash::random::RandomState as core::hash::BuildHasher>::hash_one::<&regex_automata::util::determinize::state::State>,no_pgcm_function_at_start,,1,4980613
between_phases,main_thread,runtime_helper_source_bound,/root/cc-perf-native-recv-0909/gc-leaf-census-20260911/compile-v2/cc-diagnostic,js_closure_call2,no_pgcm_function_at_start,,1,4969741
between_phases,main_thread,other_application_symbol,/root/cc-perf-native-recv-0909/gc-leaf-census-20260911/compile-v2/cc-diagnostic,"<alloc::raw_vec::RawVec<(extern ""C"" fn(usize, extern ""C"" fn(u32, *mut core::ffi::c_void, *mut core::ffi::c_void) -> bool, *mut core::ffi::c_void), usize)>>::grow_one",no_pgcm_function_at_start,,1,4964106
startup,main_thread,other_application_symbol,/root/cc-perf-native-recv-0909/gc-leaf-census-20260911/compile-v2/cc-diagnostic,"<hashbrown::raw::RawTable<(regex_automata::util::determinize::state::State, regex_automata::util::primitives::StateID)>>::reserve_rehash::<hashbrown::map::make_hasher<regex_automata::util::determinize::state::State, regex_automata::util::primitives::StateID, std::hash::random::RandomState>::{closure#0}>",no_pgcm_function_at_start,,1,4960201
command,main_thread,compiled_function_prefix,/root/cc-perf-native-recv-0909/gc-leaf-census-20260911/compile-v2/cc-diagnostic,perry_closure_cli_2_1_112_js__37152,exact_start_and_symbol,69:102,1,4958042
command,main_thread,compiled_function_prefix,/root/cc-perf-native-recv-0909/gc-leaf-census-20260911/compile-v2/cc-diagnostic,perry_closure_cli_2_1_112_js__38778,exact_start_and_symbol,68:159,1,4951426
startup,main_thread,runtime_helper_source_bound,/root/cc-perf-native-recv-0909/gc-leaf-census-20260911/compile-v2/cc-diagnostic,js_closure_call0,no_pgcm_function_at_start,,1,4939429
between_phases,main_thread,other_application_symbol,/root/cc-perf-native-recv-0909/gc-leaf-census-20260911/compile-v2/cc-diagnostic,regex_automata::dfa::search::find_fwd::<&regex_automata::dfa::dense::DFA<alloc::vec::Vec<u32>>>,no_pgcm_function_at_start,,1,4921053
between_phases,main_thread,other_application_symbol,/root/cc-perf-native-recv-0909/gc-leaf-census-20260911/compile-v2/cc-diagnostic,perry_runtime::object::global_this::ctor_thunks::is_function_prototype_object_value,no_pgcm_function_at_start,,1,4913913
startup,main_thread,other_application_symbol,/root/cc-perf-native-recv-0909/gc-leaf-census-20260911/compile-v2/cc-diagnostic,regress::emit::emit,no_pgcm_function_at_start,,1,4900940
between_phases,foreign_pid,other_dso,/usr/bin/node,v8::internal::Literal::Hash(),not_application_dso,,1,4878723
command,main_thread,other_application_symbol,/root/cc-perf-native-recv-0909/gc-leaf-census-20260911/compile-v2/cc-diagnostic,perry_runtime::gc::trace::trace_heap_rewrite_slots::{closure#0},no_pgcm_function_at_start,,1,4871526
startup,foreign_pid,other_dso,/usr/bin/node,v8::internal::ZoneVector<unsigned char>::Grow(unsigned long),not_application_dso,,1,4857796
between_phases,main_thread,runtime_helper_source_bound,/root/cc-perf-native-recv-0909/gc-leaf-census-20260911/compile-v2/cc-diagnostic,js_object_get_field,no_pgcm_function_at_start,,1,4847396
between_phases,foreign_pid,other_dso,/usr/bin/node,Builtins_FindOrderedHashMapEntry,not_application_dso,,1,4846914
startup,main_thread,other_application_symbol,/root/cc-perf-native-recv-0909/gc-leaf-census-20260911/compile-v2/cc-diagnostic,"<aho_corasick::nfa::noncontiguous::Compiler>::build_trie::<&[regex_syntax::hir::literal::Literal], &regex_syntax::hir::literal::Literal>",no_pgcm_function_at_start,,1,4843647
between_phases,foreign_pid,other_dso,/usr/lib/x86_64-linux-gnu/libc.so.6,__vfscanf_internal,not_application_dso,,1,4835899
between_phases,main_thread,other_application_symbol,/root/cc-perf-native-recv-0909/gc-leaf-census-20260911/compile-v2/cc-diagnostic,<regex_automata::nfa::thompson::compiler::Utf8Compiler>::compile_from,no_pgcm_function_at_start,,1,4827154
command,main_thread,other_application_symbol,/root/cc-perf-native-recv-0909/gc-leaf-census-20260911/compile-v2/cc-diagnostic,perry_runtime::object::object_keys_array,no_pgcm_function_at_start,,1,4826584
command,main_thread,other_application_symbol,/root/cc-perf-native-recv-0909/gc-leaf-census-20260911/compile-v2/cc-diagnostic,perry_runtime::object::class_registry::class_meta::class_name_for_id,no_pgcm_function_at_start,,1,4821227
startup,main_thread,other_application_symbol,/root/cc-perf-native-recv-0909/gc-leaf-census-20260911/compile-v2/cc-diagnostic,<regex_automata::nfa::thompson::compiler::Utf8Compiler>::compile_from,no_pgcm_function_at_start,,1,4815999
between_phases,main_thread,other_application_symbol,/root/cc-perf-native-recv-0909/gc-leaf-census-20260911/compile-v2/cc-diagnostic,regex_automata::util::determinize::add_nfa_states,no_pgcm_function_at_start,,1,4813070
between_phases,main_thread,other_application_symbol,/root/cc-perf-native-recv-0909/gc-leaf-census-20260911/compile-v2/cc-diagnostic,perry_runtime::object::field_get_set::accessors::object_field_at_with_live,no_pgcm_function_at_start,,1,4807618
between_phases,main_thread,other_application_symbol,/root/cc-perf-native-recv-0909/gc-leaf-census-20260911/compile-v2/cc-diagnostic,<alloc::raw_vec::RawVec<usize>>::grow_one,no_pgcm_function_at_start,,1,4794718
between_phases,main_thread,other_application_symbol,/root/cc-perf-native-recv-0909/gc-leaf-census-20260911/compile-v2/cc-diagnostic,<regex_automata::nfa::thompson::map::Utf8BoundedEntry as alloc::vec::spec_from_elem::SpecFromElem>::from_elem::<alloc::alloc::Global>,no_pgcm_function_at_start,,1,4785595
startup,main_thread,other_application_symbol,/root/cc-perf-native-recv-0909/gc-leaf-census-20260911/compile-v2/cc-diagnostic,regex_automata::util::determinize::add_nfa_states,no_pgcm_function_at_start,,1,4779123
startup,foreign_pid,other_dso,/usr/bin/node,"heap::base::Worklist<v8::internal::Scavenger::ScavengedObjectListEntry, (unsigned short)256>::Local::PublishPushSegment()",not_application_dso,,1,4750614
startup,main_thread,other_application_symbol,/root/cc-perf-native-recv-0909/gc-leaf-census-20260911/compile-v2/cc-diagnostic,perry_runtime::gc::verify::remember_retained_old_to_young_slots,no_pgcm_function_at_start,,1,4745110
between_phases,foreign_pid,other_dso,/usr/bin/node,(anonymous namespace)::init(),not_application_dso,,1,4719318
startup,foreign_pid,other_dso,/usr/bin/node,Builtins_Call_ReceiverIsNotNullOrUndefined_Baseline_Compact,not_application_dso,,1,4712770
startup,foreign_pid,other_dso,/usr/lib/x86_64-linux-gnu/libstdc++.so.6.0.33,"std::__detail::_Prime_rehash_policy::_M_need_rehash(unsigned long, unsigned long, unsigned long) const",not_application_dso,,1,4683002
between_phases,main_thread,other_application_symbol,/root/cc-perf-native-recv-0909/gc-leaf-census-20260911/compile-v2/cc-diagnostic,perry_runtime::object::descriptor_state::note_descriptor_target,no_pgcm_function_at_start,,1,4672426
between_phases,foreign_pid,other_dso,/usr/bin/node,"v8::internal::HashTable<v8::internal::NameDictionary, v8::internal::NameDictionaryShape>::Rehash(v8::internal::PtrComprCageBase)",not_application_dso,,1,4665546
startup,main_thread,other_application_symbol,/root/cc-perf-native-recv-0909/gc-leaf-census-20260911/compile-v2/cc-diagnostic,<regex_automata::nfa::thompson::compiler::Utf8Compiler>::compile,no_pgcm_function_at_start,,1,4661184
startup,foreign_pid,other_dso,/usr/bin/node,v8::internal::Scope::AllocateVariablesRecursively(),not_application_dso,,1,4647286
between_phases,main_thread,other_application_symbol,/root/cc-perf-native-recv-0909/gc-leaf-census-20260911/compile-v2/cc-diagnostic,perry_runtime::object::object_ops::keys_array::own_key_present,no_pgcm_function_at_start,,1,4638876
startup,foreign_pid,other_dso,/usr/bin/node,Builtins_CallWithArrayLike,not_application_dso,,1,4634320
between_phases,main_thread,other_application_symbol,/root/cc-perf-native-recv-0909/gc-leaf-census-20260911/compile-v2/cc-diagnostic,perry_runtime::object::descriptor_state::set_accessor_descriptor,no_pgcm_function_at_start,,1,4633881
startup,foreign_pid,other_dso,/usr/bin/node,"v8::internal::SourcePositionTableBuilder::AddPosition(unsigned long, v8::internal::SourcePosition, bool, bool)",not_application_dso,,1,4633130
between_phases,foreign_pid,other_dso,/usr/bin/node,v8::internal::ReusableUnoptimizedCompileState::ReusableUnoptimizedCompileState(v8::internal::Isolate*),not_application_dso,,1,4623346
startup,foreign_pid,other_dso,/usr/bin/node,v8::internal::interpreter::BytecodeGenerator::GenerateBytecode(unsigned long),not_application_dso,,1,4613678
startup,foreign_pid,other_dso,/usr/bin/node,"v8::internal::StringTable::EnsureCapacity(v8::internal::PtrComprCageBase, int)",not_application_dso,,1,4610557
startup,foreign_pid,other_dso,/usr/bin/node,"detail::sprp(unsigned long long, unsigned long long)",not_application_dso,,1,4605510
startup,main_thread,other_application_symbol,/root/cc-perf-native-recv-0909/gc-leaf-census-20260911/compile-v2/cc-diagnostic,perry_runtime::object::object_ops::define_property::js_object_define_property::{closure#62},no_pgcm_function_at_start,,1,4604122
startup,foreign_pid,other_dso,/usr/bin/node,"v8::internal::StringTable::LookupString(v8::internal::Isolate*, v8::internal::DirectHandle<v8::internal::String>)",not_application_dso,,1,4602245
startup,foreign_pid,other_dso,/usr/bin/node,"v8::internal::ScopeInfo::ContextSlotIndex(v8::internal::Tagged<v8::internal::String>, v8::internal::VariableLookupResult*)",not_application_dso,,1,4592455
startup,foreign_pid,other_dso,/usr/bin/node,"v8::internal::JSObject::FastPropertyAt(v8::internal::Isolate*, v8::internal::DirectHandle<v8::internal::JSObject>, v8::internal::Representation, v8::internal::FieldIndex)",not_application_dso,,1,4591131
startup,foreign_pid,other_dso,/usr/bin/node,"v8::internal::ConstPool::AddSharedEntry(unsigned long, int)",not_application_dso,,1,4579275
between_phases,main_thread,other_application_symbol,/root/cc-perf-native-recv-0909/gc-leaf-census-20260911/compile-v2/cc-diagnostic,perry_runtime::object::class_meta_registry::extends_builtin_error_slow,no_pgcm_function_at_start,,1,4575389
startup,foreign_pid,other_dso,/usr/bin/node,v8::internal::interpreter::BytecodeArrayBuilder::LoadAccumulatorWithRegister(v8::internal::interpreter::Register),not_application_dso,,1,4568454
startup,main_thread,other_application_symbol,/root/cc-perf-native-recv-0909/gc-leaf-census-20260911/compile-v2/cc-diagnostic,perry_runtime::object::alloc::object_alloc_class_inline_keys_impl,no_pgcm_function_at_start,,1,4549312
between_phases,foreign_pid,other_dso,/usr/bin/node,"v8::internal::Deserializer<v8::internal::Isolate>::PostProcessNewObject(v8::internal::DirectHandle<v8::internal::Map>, v8::internal::Handle<v8::internal::HeapObject>, v8::internal::SnapshotSpace)",not_application_dso,,1,4544459
startup,main_thread,other_application_symbol,/root/cc-perf-native-recv-0909/gc-leaf-census-20260911/compile-v2/cc-diagnostic,"<hashbrown::map::HashMap<u32, u32, perry_runtime::fast_hash::PtrHasher>>::insert",no_pgcm_function_at_start,,1,4543688
startup,main_thread,other_application_symbol,/root/cc-perf-native-recv-0909/gc-leaf-census-20260911/compile-v2/cc-diagnostic,perry_runtime::set::is_string_like,no_pgcm_function_at_start,,1,4535140
startup,main_thread,other_application_symbol,/root/cc-perf-native-recv-0909/gc-leaf-census-20260911/compile-v2/cc-diagnostic,perry_runtime::closure::box_captures::increment_cell_capture_count,no_pgcm_function_at_start,,1,4520072
between_phases,main_thread,compiled_function_prefix,/root/cc-perf-native-recv-0909/gc-leaf-census-20260911/compile-v2/cc-diagnostic,perry_closure_cli_2_1_112_js__42900,exact_start_and_symbol,58:15,1,4505488
between_phases,main_thread,other_application_symbol,/root/cc-perf-native-recv-0909/gc-leaf-census-20260911/compile-v2/cc-diagnostic,ring::aead::aes_gcm::open,no_pgcm_function_at_start,,1,4504726
between_phases,foreign_pid,other_dso,/usr/bin/node,v8::internal::HeapObject::NeedsRehashing(v8::internal::InstanceType) const,not_application_dso,,1,4499688
startup,main_thread,other_application_symbol,/root/cc-perf-native-recv-0909/gc-leaf-census-20260911/compile-v2/cc-diagnostic,"<hashbrown::map::HashMap<u32, (), perry_runtime::fast_hash::PtrHasher>>::insert",no_pgcm_function_at_start,,1,4498803
startup,foreign_pid,other_dso,/usr/bin/node,absl::Mutex::unlock(),not_application_dso,,1,4498500
between_phases,foreign_pid,other_dso,/usr/bin/node,Builtins_CallFunction_ReceiverIsNotNullOrUndefined,not_application_dso,,1,4495101
startup,main_thread,runtime_helper_source_bound,/root/cc-perf-native-recv-0909/gc-leaf-census-20260911/compile-v2/cc-diagnostic,js_register_closure_arity,no_pgcm_function_at_start,,1,4494054
startup,main_thread,other_application_symbol,/root/cc-perf-native-recv-0909/gc-leaf-census-20260911/compile-v2/cc-diagnostic,perry_runtime::object::descriptor_state::class_instance_set_may_intercept,no_pgcm_function_at_start,,1,4488582
between_phases,main_thread,runtime_helper_source_bound,/root/cc-perf-native-recv-0909/gc-leaf-census-20260911/compile-v2/cc-diagnostic,js_closure_call1_receiverless,no_pgcm_function_at_start,,1,4484930
startup,foreign_pid,other_dso,/usr/bin/node,"v8::internal::interpreter::BytecodeGenerator::BytecodeGenerator(v8::internal::LocalIsolate*, v8::internal::Zone*, v8::internal::UnoptimizedCompilationInfo*, v8::internal::AstStringConstants const*, std::vector<v8::internal::FunctionLiteral*, std::allocator<v8::internal::FunctionLiteral*> >*, v8::internal::Handle<v8::internal::Script>)",not_application_dso,,1,4473856
between_phases,foreign_pid,other_dso,/usr/bin/node,strlen@plt,not_application_dso,,1,4459418
between_phases,foreign_pid,other_dso,/usr/bin/node,Builtins_Call_ReceiverIsAny,not_application_dso,,1,4440434
startup,foreign_pid,other_dso,/usr/bin/node,Builtins_CallFunction_ReceiverIsNotNullOrUndefined,not_application_dso,,1,4431866
between_phases,foreign_pid,other_dso,/usr/bin/node,"detail::sprp(unsigned long long, unsigned long long)",not_application_dso,,1,4419780
startup,main_thread,compiled_function_prefix,/root/cc-perf-native-recv-0909/gc-leaf-census-20260911/compile-v2/cc-diagnostic,perry_closure_cli_2_1_112_js__17968,exact_start_and_symbol,56:184,1,4412809
startup,main_thread,other_application_symbol,/root/cc-perf-native-recv-0909/gc-leaf-census-20260911/compile-v2/cc-diagnostic,<perry_runtime::gc::roots::runtime_handles::RuntimeHandle>::get_nanbox_u64,no_pgcm_function_at_start,,1,4409333
startup,main_thread,other_application_symbol,/root/cc-perf-native-recv-0909/gc-leaf-census-20260911/compile-v2/cc-diagnostic,<core::str::pattern::StrSearcher>::new,no_pgcm_function_at_start,,1,4394934
startup,main_thread,other_application_symbol,/root/cc-perf-native-recv-0909/gc-leaf-census-20260911/compile-v2/cc-diagnostic,"<std::hash::random::RandomState as core::hash::BuildHasher>::hash_one::<&(u32, bool, alloc::string::String)>",no_pgcm_function_at_start,,1,4382357
startup,foreign_pid,other_dso,/usr/bin/node,v8::internal::ParserBase<v8::internal::Parser>::ParseExpressionCoverGrammar(),not_application_dso,,1,4380809
startup,main_thread,other_application_symbol,/root/cc-perf-native-recv-0909/gc-leaf-census-20260911/compile-v2/cc-diagnostic,perry_runtime::gc::policy::gc_budgeted_due_trigger,no_pgcm_function_at_start,,1,4368354
startup,main_thread,other_application_symbol,/root/cc-perf-native-recv-0909/gc-leaf-census-20260911/compile-v2/cc-diagnostic,"perry_runtime::object::with_transition_cache::<perry_runtime::object::TransitionEntry, perry_runtime::object::transition_cache_lookup::{closure#0}>",no_pgcm_function_at_start,,1,4361969
startup,foreign_pid,other_dso,/usr/bin/node,"int v8::internal::Deserializer<v8::internal::Isolate>::ReadSingleBytecodeData<v8::internal::SlotAccessorForRootSlots>(unsigned char, v8::internal::SlotAccessorForRootSlots)",not_application_dso,,1,4353235
startup,main_thread,other_application_symbol,/root/cc-perf-native-recv-0909/gc-leaf-census-20260911/compile-v2/cc-diagnostic,perry_runtime::array::header_gc_slots::note_array_slot_layout_only,no_pgcm_function_at_start,,1,4349570
between_phases,foreign_pid,other_dso,/usr/bin/node,v8::internal::RootIndexMap::RootIndexMap(v8::internal::Isolate*),not_application_dso,,1,4308085
startup,foreign_pid,other_dso,/usr/bin/node,"int v8::internal::Deserializer<v8::internal::Isolate>::ReadSharedHeapObjectCache<v8::internal::SlotAccessorForHeapObject>(unsigned char, v8::internal::SlotAccessorForHeapObject)",not_application_dso,,1,4302409
startup,foreign_pid,other_dso,/usr/bin/node,Builtins_SetDataProperties,not_application_dso,,1,4297358
startup,foreign_pid,other_dso,/usr/lib/x86_64-linux-gnu/libstdc++.so.6.0.33,"std::_Rb_tree_insert_and_rebalance(bool, std::_Rb_tree_node_base*, std::_Rb_tree_node_base*, std::_Rb_tree_node_base&)",not_application_dso,,2,4291400
startup,main_thread,compiled_function_prefix,/root/cc-perf-native-recv-0909/gc-leaf-census-20260911/compile-v2/cc-diagnostic,perry_closure_cli_2_1_112_js__10691,exact_start_and_symbol,1:72,1,4281764
startup,foreign_pid,other_dso,/usr/bin/node,"v8::internal::Assembler::immediate_arithmetic_op_8(unsigned char, v8::internal::Operand, v8::internal::Immediate)",not_application_dso,,1,4259278
between_phases,foreign_pid,other_dso,/usr/bin/node,"int v8::internal::Deserializer<v8::internal::Isolate>::ReadSingleBytecodeData<v8::internal::SlotAccessorForHeapObject>(unsigned char, v8::internal::SlotAccessorForHeapObject)",not_application_dso,,3,4250568
startup,foreign_pid,other_dso,/usr/bin/node,"v8::internal::HashTable<v8::internal::NameDictionary, v8::internal::NameDictionaryShape>::Rehash(v8::internal::PtrComprCageBase)",not_application_dso,,1,4240582
startup,foreign_pid,other_dso,/usr/bin/node,"v8::internal::HashTable<v8::internal::NameToIndexHashTable, v8::internal::NameToIndexShape>::Rehash(v8::internal::PtrComprCageBase)",not_application_dso,,1,4219940
between_phases,main_thread,other_application_symbol,/root/cc-perf-native-recv-0909/gc-leaf-census-20260911/compile-v2/cc-diagnostic,perry_runtime::gc::malloc::ensure_set_built,no_pgcm_function_at_start,,2,4219122
startup,foreign_pid,other_dso,/usr/bin/node,Builtins_CompileLazy,not_application_dso,,1,4205519
between_phases,foreign_pid,other_dso,/usr/bin/node,v8::internal::HeapObject::SizeFromMap(v8::internal::Tagged<v8::internal::Map>) const,not_application_dso,,1,4200633
startup,foreign_pid,other_dso,/usr/bin/node,Builtins_LdaImmutableCurrentContextSlotHandler,not_application_dso,,1,4195162
startup,foreign_pid,other_dso,/usr/bin/node,"void std::__final_insertion_sort<v8::internal::AtomicSlot, __gnu_cxx::__ops::_Iter_comp_iter<v8::internal::EnumIndexComparator<v8::internal::NameDictionary> > >(v8::internal::AtomicSlot, v8::internal::AtomicSlot, __gnu_cxx::__ops::_Iter_comp_iter<v8::internal::EnumIndexComparator<v8::internal::NameDictionary> >)",not_application_dso,,1,4191490
startup,main_thread,runtime_helper_source_bound,/root/cc-perf-native-recv-0909/gc-leaf-census-20260911/compile-v2/cc-diagnostic,js_build_class_keys_array,no_pgcm_function_at_start,,1,4181259
between_phases,foreign_pid,other_dso,/usr/bin/node,Builtins_LoadICGenericBaseline,not_application_dso,,2,4099325
between_phases,main_thread,compiled_function_prefix,/root/cc-perf-native-recv-0909/gc-leaf-census-20260911/compile-v2/cc-diagnostic,perry_closure_cli_2_1_112_js__37186,exact_start_and_symbol,58:281,1,4069302
between_phases,main_thread,other_application_symbol,/root/cc-perf-native-recv-0909/gc-leaf-census-20260911/compile-v2/cc-diagnostic,perry_runtime::object::descriptor_state::object_proto_may_intercept_key,no_pgcm_function_at_start,,1,4067336
startup,foreign_pid,other_dso,/usr/bin/node,"v8::internal::JSObject::SetOwnPropertyIgnoreAttributes(v8::internal::DirectHandle<v8::internal::JSObject>, v8::internal::DirectHandle<v8::internal::Name>, v8::internal::DirectHandle<v8::internal::Object>, v8::internal::PropertyAttributes)",not_application_dso,,1,4056591
between_phases,main_thread,compiled_function_prefix,/root/cc-perf-native-recv-0909/gc-leaf-census-20260911/compile-v2/cc-diagnostic,perry_fn_cli_2_1_112_js__US_,exact_start_and_symbol,58:63,1,4039392
between_phases,foreign_pid,other_dso,/usr/bin/node,"v8::internal::(anonymous namespace)::FirstTimeTierUpToSparkplug(v8::internal::Isolate*, v8::internal::Tagged<v8::internal::JSFunction>)",not_application_dso,,1,4023557
startup,foreign_pid,other_dso,/usr/bin/node,Builtins_StringPrototypeCharCodeAt,not_application_dso,,1,3945796
startup,foreign_pid,other_dso,/usr/bin/node,"unsigned int v8::internal::StringHasher::HashSequentialString<unsigned char>(unsigned char const*, unsigned int, v8::internal::HashSeed)",not_application_dso,,1,3938347
startup,main_thread,other_application_symbol,/root/cc-perf-native-recv-0909/gc-leaf-census-20260911/compile-v2/cc-diagnostic,"<hashbrown::raw::RawTable<(u64, (*mut perry_runtime::array::header::ArrayHeader, *mut perry_runtime::array::header::ArrayHeader))>>::reserve_rehash::<hashbrown::map::make_hasher<u64, (*mut perry_runtime::array::header::ArrayHeader, *mut perry_runtime::array::header::ArrayHeader), std::hash::random::RandomState>::{closure#0}>",no_pgcm_function_at_start,,1,3932290
startup,foreign_pid,other_dso,/usr/bin/node,"void v8::internal::String::WriteToFlat2<unsigned char>(unsigned char*, v8::internal::Tagged<v8::internal::ConsString>, unsigned int, unsigned int, v8::internal::SharedStringAccessGuardIfNeeded const&, v8::internal::PerThreadAssertScopeEmpty<false, (v8::internal::PerThreadAssertType)1, (v8::internal::PerThreadAssertType)2> const&)",not_application_dso,,1,3899557
between_phases,main_thread,other_application_symbol,/root/cc-perf-native-recv-0909/gc-leaf-census-20260911/compile-v2/cc-diagnostic,perry_runtime::string::intern::intern_dispatch_bytes,no_pgcm_function_at_start,,1,3899477
between_phases,main_thread,other_application_symbol,/root/cc-perf-native-recv-0909/gc-leaf-census-20260911/compile-v2/cc-diagnostic,perry_runtime::promise::then::js_promise_new_with_parent_impl,no_pgcm_function_at_start,,1,3876542
startup,foreign_pid,other_dso,/usr/bin/node,"v8::internal::PropertyKey::PropertyKey<v8::internal::Object, v8::internal::DirectHandle>(v8::internal::Isolate*, v8::internal::DirectHandle<v8::internal::Object>, bool*) requires std::is_convertible_v<v8::internal::DirectHandle<v8::internal::Object>, v8::internal::DirectHandle<v8::internal::Object> >",not_application_dso,,1,3873828
between_phases,main_thread,other_dso,/usr/lib/x86_64-linux-gnu/libgcc_s.so.1,_Unwind_Find_FDE,not_application_dso,,1,3814066
startup,foreign_pid,other_dso,/usr/bin/node,v8::internal::(anonymous namespace)::RegExpParserImpl<unsigned char>::ParseDisjunction(),not_application_dso,,1,3805786
startup,main_thread,runtime_helper_source_bound,/root/cc-perf-native-recv-0909/gc-leaf-census-20260911/compile-v2/cc-diagnostic,js_register_function_source_static,no_pgcm_function_at_start,,1,3802072
between_phases,foreign_pid,other_dso,/usr/bin/node,"v8::internal::compiler::turboshaft::MachineOptimizationReducer<v8::internal::compiler::turboshaft::EmitProjectionReducer<v8::internal::compiler::turboshaft::ValueNumberingReducer<v8::internal::compiler::turboshaft::AssemblerOpInterface<v8::internal::compiler::turboshaft::ReducerBase<v8::internal::compiler::turboshaft::GraphEmitter<v8::internal::compiler::turboshaft::StackBottom<v8::internal::compiler::turboshaft::Assembler<v8::internal::compiler::turboshaft::GraphVisitor, v8::internal::compiler::turboshaft::StringEscapeAnalysisReducer, v8::internal::compiler::turboshaft::JSGenericLoweringReducer, v8::internal::compiler::turboshaft::DataViewLoweringReducer, v8::internal::compiler::turboshaft::MachineLoweringReducer, v8::internal::compiler::turboshaft::FastApiCallLoweringReducer, v8::internal::compiler::turboshaft::VariableReducer, v8::internal::compiler::turboshaft::SelectLoweringReducer, v8::internal::compiler::turboshaft::MachineOptimizationReducer, v8::internal::compiler::turboshaft::ValueNumberingReducer>, v8::base::tmp::list1<v8::internal::compiler::turboshaft::GraphVisitor, v8::internal::compiler::turboshaft::StringEscapeAnalysisReducer, v8::internal::compiler::turboshaft::JSGenericLoweringReducer, v8::internal::compiler::turboshaft::DataViewLoweringReducer, v8::internal::compiler::turboshaft::MachineLoweringReducer, v8::internal::compiler::turboshaft::FastApiCallLoweringReducer, v8::internal::compiler::turboshaft::VariableReducer, v8::internal::compiler::turboshaft::SelectLoweringReducer, v8::internal::compiler::turboshaft::MachineOptimizationReducer, v8::internal::compiler::turboshaft::EmitProjectionReducer, v8::internal::compiler::turboshaft::ValueNumberingReducer, v8::internal::compiler::turboshaft::AssemblerOpInterface, v8::internal::compiler::turboshaft::ReducerBase, v8::internal::compiler::turboshaft::GraphEmitter> > > > > > > >::ReduceChange(v8::internal::compiler::turboshaft::V<v8::internal::compiler::turboshaft::UntaggedUnion<v8::internal::compiler::turboshaft::UntaggedUnion<v8::internal::compiler::turboshaft::WordWithBits<32ul>, v8::internal::compiler::turboshaft::WordWithBits<64ul> >, v8::internal::compiler::turboshaft::UntaggedUnion<v8::internal::compiler::turboshaft::FloatWithBits<32ul>, v8::internal::compiler::turboshaft::FloatWithBits<64ul> > > >, v8::internal::compiler::turboshaft::ChangeOp::Kind, v8::internal::compiler::turboshaft::ChangeOp::Assumption, v8::internal::compiler::turboshaft::RegisterRepresentation, v8::internal::compiler::turboshaft::RegisterRepresentation)",not_application_dso,,1,3764949
startup,foreign_pid,other_dso,/usr/bin/node,"v8::internal::WriteBarrier::GenerationalBarrierSlow(v8::internal::Tagged<v8::internal::HeapObject>, unsigned long, v8::internal::Tagged<v8::internal::HeapObject>)",not_application_dso,,3,3730101
startup,foreign_pid,other_dso,/usr/bin/node,Builtins_TestEqualStrictHandler,not_application_dso,,1,3723172
startup,foreign_pid,other_dso,/usr/bin/node,"v8::internal::Dictionary<v8::internal::NameDictionary, v8::internal::NameDictionaryShape>::NumberOfEnumerableProperties()",not_application_dso,,1,3692050
startup,foreign_pid,other_dso,/usr/bin/node,Builtins_CallFunction_ReceiverIsAny,not_application_dso,,1,3651270
startup,foreign_pid,other_dso,/usr/bin/node,Builtins_CreateShallowObjectLiteral,not_application_dso,,1,3640268
startup,foreign_pid,other_dso,/usr/bin/node,"v8::internal::RegExpMacroAssemblerX64::CheckPosition(int, v8::internal::Label*)",not_application_dso,,1,3624161
startup,foreign_pid,other_dso,/usr/bin/node,_ZN2v88internal16OrderedHashTableINS0_14OrderedHashSetELi1EE6RehashINS0_6HandleEQsr3stdE16is_convertible_vITL0__IT_ENS0_12DirectHandleIS7_EEEEENT_IS2_E9MaybeTypeEPNS0_7IsolateESC_i,not_application_dso,,1,3598746
startup,foreign_pid,unknown_symbol,/tmp/perf-3692611.map,[unknown],not_application_dso,,1,3488746
startup,foreign_pid,other_dso,/usr/bin/node,Builtins_StrictEqual_Generic_Baseline,not_application_dso,,1,3459143
between_phases,main_thread,other_application_symbol,/root/cc-perf-native-recv-0909/gc-leaf-census-20260911/compile-v2/cc-diagnostic,perry_runtime::object::keys_lookup::keys_find_slot_by_bytes,no_pgcm_function_at_start,,1,3347751
between_phases,foreign_pid,other_dso,/usr/bin/node,"v8::internal::maglev::MergePointInterpreterFrameState::MergePointInterpreterFrameState(v8::internal::maglev::MaglevCompilationUnit const&, int, int, int, v8::internal::maglev::BasicBlock**, v8::internal::maglev::MergePointInterpreterFrameState::BasicBlockType, v8::internal::compiler::BytecodeLivenessState const*)",not_application_dso,,1,3026081
between_phases,foreign_pid,other_dso,/usr/bin/node,v8::internal::compiler::MoveOptimizer::RemoveClobberedDestinations(v8::internal::compiler::Instruction*),not_application_dso,,1,2974698
between_phases,main_thread,runtime_helper_source_bound,/root/cc-perf-native-recv-0909/gc-leaf-census-20260911/compile-v2/cc-diagnostic,js_array_push_f64,no_pgcm_function_at_start,,1,2853135
between_phases,main_thread,runtime_helper_source_bound,/root/cc-perf-native-recv-0909/gc-leaf-census-20260911/compile-v2/cc-diagnostic,js_bun_ffi_has_active_threadsafe_callbacks,no_pgcm_function_at_start,,1,2669861
between_phases,foreign_pid,other_dso,/usr/bin/node,"v8::internal::compiler::InstructionSelector::CanCover(v8::internal::compiler::turboshaft::OpIndex, v8::internal::compiler::turboshaft::OpIndex) const",not_application_dso,,1,2653631
between_phases,main_thread,other_application_symbol,/root/cc-perf-native-recv-0909/gc-leaf-census-20260911/compile-v2/cc-diagnostic,perry_runtime::async_hooks::init_resource_with_trigger,no_pgcm_function_at_start,,1,2307566
between_phases,foreign_pid,other_dso,/usr/lib/x86_64-linux-gnu/libc.so.6,read,not_application_dso,,1,2285918
between_phases,main_thread,other_application_symbol,/root/cc-perf-native-recv-0909/gc-leaf-census-20260911/compile-v2/cc-diagnostic,perry_runtime::gc::barrier_store::barrier_child_prologue,no_pgcm_function_at_start,,1,2224551
between_phases,main_thread,other_application_symbol,/root/cc-perf-native-recv-0909/gc-leaf-census-20260911/compile-v2/cc-diagnostic,perry_runtime::typedarray::strict_typed_array_from_raw,no_pgcm_function_at_start,,1,2150691
between_phases,foreign_pid,other_dso,/usr/bin/node,v8::internal::compiler::turboshaft::MaybeRedundantStoresTable::Seal(bool*),not_application_dso,,1,2123126
startup,main_thread,other_application_symbol,/root/cc-perf-native-recv-0909/gc-leaf-census-20260911/compile-v2/cc-diagnostic,perry_runtime::closure::dynamic_props::note_young_closure_owner,no_pgcm_function_at_start,,1,2057600
startup,main_thread,other_dso,/usr/lib/x86_64-linux-gnu/ld-linux-x86-64.so.2,strcmp,not_application_dso,,1,2044482
command,main_thread,runtime_helper_source_bound,/root/cc-perf-native-recv-0909/gc-leaf-census-20260911/compile-v2/cc-diagnostic,js_array_is_array,no_pgcm_function_at_start,,1,1988626
between_phases,foreign_pid,other_dso,/usr/bin/node,v8::internal::compiler::NodeProperties::GetTypeOrAny(v8::internal::compiler::Node const*),not_application_dso,,1,1976092
between_phases,foreign_pid,other_dso,/usr/bin/node,v8::internal::compiler::GraphReducer::Reduce(v8::internal::compiler::Node*),not_application_dso,,1,1957913
between_phases,foreign_pid,other_dso,/usr/bin/node,v8::internal::Heap::GlobalConsumedBytes() const,not_application_dso,,1,1381553
between_phases,foreign_pid,other_dso,/usr/bin/node,v8::internal::maglev::MaglevCodeGenerator::EmitCode(),not_application_dso,,1,1381553
startup,foreign_pid,other_dso,/usr/bin/node,"v8::internal::Assembler::emit_mov(v8::internal::Operand, v8::internal::Register, int)",not_application_dso,,1,1340117
between_phases,foreign_pid,other_dso,/usr/bin/node,"node::options_parser::OptionsParser<node::PerIsolateOptions>::Convert<node::options_parser::OptionsParser<node::EnvironmentOptions>::BaseOptionField, node::EnvironmentOptions>(std::shared_ptr<node::options_parser::OptionsParser<node::EnvironmentOptions>::BaseOptionField>, node::EnvironmentOptions* (node::PerIsolateOptions::*)())::AdaptedField::~AdaptedField()",not_application_dso,,1,1300595
between_phases,foreign_pid,other_dso,/usr/bin/node,v8::internal::baseline::ConcurrentBaselineCompiler::JobDispatcher::Run(v8::JobDelegate*),not_application_dso,,1,823717
between_phases,foreign_pid,other_dso,/usr/bin/node,v8::internal::compiler::JSIntrinsicLowering::Reduce(v8::internal::compiler::Node*),not_application_dso,,1,777010
startup,foreign_pid,other_dso,/usr/lib/x86_64-linux-gnu/libc.so.6,__memmove_avx512_unaligned_erms,not_application_dso,,5,748347
between_phases,foreign_pid,other_dso,/usr/bin/node,"heap::base::SlotCallbackResult v8::internal::Scavenger::ScavengeObject<v8::internal::FullHeapObjectSlot>(v8::internal::FullHeapObjectSlot, v8::internal::Tagged<v8::internal::HeapObject>)",not_application_dso,,2,651390
between_phases,foreign_pid,other_dso,/usr/bin/node,v8::internal::maglev::MaglevCompilationUnit::zone() const,not_application_dso,,1,548605
between_phases,foreign_pid,other_dso,/usr/bin/node,"v8::internal::maglev::NodeInfo::MergeWith(v8::internal::maglev::NodeInfo const&, v8::internal::Zone*, bool&)",not_application_dso,,1,545557
between_phases,foreign_pid,other_dso,/usr/bin/node,v8::internal::compiler::BytecodeAnalysis::BytecodeAnalysisImpl::Analyze(),not_application_dso,,2,538431
between_phases,foreign_pid,other_dso,/usr/bin/node,"std::pair<std::_Rb_tree_iterator<std::pair<v8::internal::maglev::ValueNode* const, v8::internal::maglev::LiveRangeAndNextUseProcessor::NodeUse> >, bool> std::map<v8::internal::maglev::ValueNode*, v8::internal::maglev::LiveRangeAndNextUseProcessor::NodeUse, std::less<v8::internal::maglev::ValueNode*>, std::allocator<std::pair<v8::internal::maglev::ValueNode* const, v8::internal::maglev::LiveRangeAndNextUseProcessor::NodeUse> > >::emplace<v8::internal::maglev::ValueNode*&, v8::internal::maglev::LiveRangeAndNextUseProcessor::NodeUse>(v8::internal::maglev::ValueNode*&, v8::internal::maglev::LiveRangeAndNextUseProcessor::NodeUse&&)",not_application_dso,,1,525810
startup,foreign_pid,other_dso,/usr/bin/node,"node::PathResolve[abi:cxx11](node::Environment*, std::vector<std::basic_string_view<char, std::char_traits<char> >, std::allocator<std::basic_string_view<char, std::char_traits<char> > > > const&)",not_application_dso,,1,518513
startup,foreign_pid,other_dso,/usr/bin/node,"v8::internal::maglev::StraightForwardRegisterAllocator::AllocateControlNode(v8::internal::maglev::ControlNode*, v8::internal::maglev::BasicBlock*)",not_application_dso,,1,446392
startup,foreign_pid,other_dso,/usr/bin/node,v8::internal::maglev::MaglevGraphBuilder::VisitSingleBytecode(),not_application_dso,,1,370791
startup,foreign_pid,other_dso,/usr/bin/node,v8::base::Mutex::Lock(),not_application_dso,,1,367458
startup,foreign_pid,other_dso,/usr/bin/node,v8::internal::interpreter::BytecodeArrayIterator::GetEmbeddedFeedbackOffset(int) const,not_application_dso,,1,357094
startup,foreign_pid,other_dso,/usr/bin/node,"v8::internal::maglev::MaglevGraphBuilder::GetContextAtDepth(v8::internal::maglev::ValueNode*, unsigned long)",not_application_dso,,1,357094
between_phases,foreign_pid,other_dso,/usr/lib/x86_64-linux-gnu/libc.so.6,_nl_intern_locale_data,not_application_dso,,1,352131
between_phases,foreign_pid,other_dso,/usr/bin/node,v8::internal::baseline::BaselineCompiler::VisitSingleBytecode(),not_application_dso,,2,349554
startup,foreign_pid,other_dso,/usr/bin/node,"v8::internal::FeedbackNexus::FeedbackNexus(v8::internal::Handle<v8::internal::FeedbackVector>, v8::internal::FeedbackSlot, v8::internal::NexusConfig const&)",not_application_dso,,1,340813
between_phases,foreign_pid,other_dso,/usr/bin/node,v8::base::FPU::SetFlushDenormals(bool),not_application_dso,,1,332619
between_phases,foreign_pid,other_dso,/usr/bin/node,"decltype (absl::container_internal::FlatHashMapPolicy<unsigned int, v8::internal::compiler::turboshaft::SnapshotTable<v8::internal::maglev::ValueNode*, v8::internal::compiler::turboshaft::NoKeyData>::Snapshot>::value((std::addressof<std::pair<unsigned int const, v8::internal::compiler::turboshaft::SnapshotTable<v8::internal::maglev::ValueNode*, v8::internal::compiler::turboshaft::NoKeyData>::Snapshot> >)((std::declval<std::pair<unsigned int const, v8::internal::compiler::turboshaft::SnapshotTable<v8::internal::maglev::ValueNode*, v8::internal::compiler::turboshaft::NoKeyData>::Snapshot>&>)()))) absl::container_internal::raw_hash_map<absl::container_internal::FlatHashMapPolicy<unsigned int, v8::internal::compiler::turboshaft::SnapshotTable<v8::internal::maglev::ValueNode*, v8::internal::compiler::turboshaft::NoKeyData>::Snapshot>>::at<unsigned int, absl::container_internal::FlatHashMapPolicy<unsigned int, v8::internal::compiler::turboshaft::SnapshotTable<v8::internal::maglev::ValueNode*, v8::internal::compiler::turboshaft::NoKeyData>::Snapshot> >(unsigned int const&)",not_application_dso,,1,330077
between_phases,foreign_pid,other_dso,/usr/bin/node,v8::internal::compiler::RefsMap::InsertNew(unsigned long const&),not_application_dso,,1,327782
between_phases,foreign_pid,other_dso,/usr/bin/node,v8::internal::maglev::MaglevReducer<v8::internal::maglev::MaglevGraphBuilder>::TryFoldLogicalNot(v8::internal::maglev::ValueNode*),not_application_dso,,1,327782
between_phases,foreign_pid,unknown_symbol,/tmp/perf-3692657.map,[unknown],not_application_dso,,1,299561
between_phases,foreign_pid,other_dso,/usr/bin/node,v8::internal::compiler::JSNativeContextSpecialization::Reduce(v8::internal::compiler::Node*),not_application_dso,,1,293872
between_phases,foreign_pid,other_dso,/usr/bin/node,v8::internal::Assembler::pushq(v8::internal::Register),not_application_dso,,1,288424
between_phases,foreign_pid,other_dso,/usr/bin/node,"void v8::internal::maglev::NodeBase::ForAllInputsInRegallocAssignmentOrder<v8::internal::maglev::LiveRangeAndNextUseProcessor::MarkInputUses<v8::internal::maglev::CheckString>(v8::internal::maglev::CheckString*, v8::internal::maglev::ProcessingState const&)::{lambda(v8::internal::maglev::NodeBase::InputAllocationPolicy, v8::internal::maglev::Input)#1}>(v8::internal::maglev::LiveRangeAndNextUseProcessor::MarkInputUses<v8::internal::maglev::CheckString>(v8::internal::maglev::CheckString*, v8::internal::maglev::ProcessingState const&)::{lambda(v8::internal::maglev::NodeBase::InputAllocationPolicy, v8::internal::maglev::Input)#1}&&)",not_application_dso,,1,280626
between_phases,foreign_pid,other_dso,/usr/bin/node,"v8::internal::maglev::ReduceResult v8::internal::maglev::MaglevReducer<v8::internal::maglev::MaglevGraphBuilder>::AddNewNodeOrGetEquivalent<v8::internal::maglev::Int32AddWithOverflow>(bool, std::initializer_list<v8::internal::maglev::ValueNode*>)",not_application_dso,,1,269450
between_phases,foreign_pid,other_dso,/usr/lib/x86_64-linux-gnu/ld-linux-x86-64.so.2,_dl_lookup_symbol_x,not_application_dso,,1,263633
between_phases,foreign_pid,other_dso,/usr/bin/node,Builtins_CallFunction_ReceiverIsNullOrUndefined,not_application_dso,,1,260062
between_phases,foreign_pid,other_dso,/usr/bin/node,"v8::internal::InstructionStream::RelocateFromDesc(v8::internal::WritableJitAllocation&, v8::internal::Heap*, v8::internal::CodeDesc const&, unsigned long, v8::internal::PerThreadAssertScopeEmpty<false, (v8::internal::PerThreadAssertType)1, (v8::internal::PerThreadAssertType)2> const&)",not_application_dso,,1,258695
between_phases,foreign_pid,other_dso,/usr/bin/node,v8::internal::interpreter::BytecodeArrayIterator::SetOffsetUnchecked(int),not_application_dso,,1,258695
between_phases,foreign_pid,unknown_symbol,[unknown],[unknown],not_application_dso,,97,242988
between_phases,foreign_pid,other_dso,/usr/lib/x86_64-linux-gnu/ld-linux-x86-64.so.2,dl_main,not_application_dso,,1,231154
between_phases,foreign_pid,other_dso,/usr/bin/node,"v8::internal::Assembler::emit_mov(v8::internal::Register, v8::internal::Immediate64, int)",not_application_dso,,1,224890
between_phases,foreign_pid,other_dso,/usr/lib/x86_64-linux-gnu/libc.so.6,_init_first,not_application_dso,,1,212202
startup,foreign_pid,other_dso,/usr/lib/x86_64-linux-gnu/libc.so.6,fopen@@GLIBC_2.2.5,not_application_dso,,1,210837
startup,foreign_pid,other_dso,/usr/bin/node,"v8::internal::Assembler::emit_mov(v8::internal::Operand, v8::internal::Immediate, int)",not_application_dso,,1,208835
between_phases,foreign_pid,other_dso,/usr/lib/x86_64-linux-gnu/ld-linux-x86-64.so.2,_dl_lookup_direct,not_application_dso,,1,197510
between_phases,foreign_pid,other_dso,/usr/bin/node,v8::internal::MacroAssembler::CallBuiltin(v8::internal::Builtin),not_application_dso,,1,194414
between_phases,foreign_pid,other_dso,/usr/bin/node,v8::internal::baseline::BaselineCompiler::GenerateCode(),not_application_dso,,1,194414
between_phases,foreign_pid,other_dso,/usr/bin/node,Builtins_CallFunction_ReceiverIsAny,not_application_dso,,1,186387
between_phases,foreign_pid,other_dso,/usr/bin/node,v8::internal::maglev::KnownNodeAspects::KnownNodeAspects(v8::internal::maglev::KnownNodeAspects const&),not_application_dso,,1,167458
between_phases,foreign_pid,other_dso,/usr/bin/node,v8::internal::RelocInfoWriter::Write(v8::internal::RelocInfo const*),not_application_dso,,1,162454
startup,foreign_pid,other_dso,/usr/bin/node,"v8::internal::MacroAssembler::SmiCompare(v8::internal::Register, v8::internal::Tagged<v8::internal::Smi>)",not_application_dso,,1,151501
between_phases,other_target_thread,unknown_symbol,[unknown],[unknown],not_application_dso,,2,148819
startup,main_thread,other_application_symbol,/root/cc-perf-native-recv-0909/gc-leaf-census-20260911/compile-v2/cc-diagnostic,perry_runtime::object::class_registry::prototype_objects::function_value_for_class_id,no_pgcm_function_at_start,,1,132169
startup,foreign_pid,other_dso,/usr/lib/x86_64-linux-gnu/libc.so.6,cfree@GLIBC_2.2.5,not_application_dso,,1,123098
between_phases,foreign_pid,other_dso,/usr/lib/x86_64-linux-gnu/ld-linux-x86-64.so.2,_dl_relocate_object,not_application_dso,,1,119259
between_phases,foreign_pid,other_dso,/usr/lib/x86_64-linux-gnu/ld-linux-x86-64.so.2,_dl_check_map_versions,not_application_dso,,1,107936
startup,foreign_pid,other_dso,/usr/bin/node,v8::internal::Factory::CodeBuilder::BuildInternal(bool),not_application_dso,,1,93646
startup,foreign_pid,other_dso,/usr/bin/node,"std::pair<std::_Rb_tree_iterator<std::pair<v8::internal::RootIndex const, v8::internal::maglev::RootConstant*> >, bool> std::_Rb_tree<v8::internal::RootIndex, std::pair<v8::internal::RootIndex const, v8::internal::maglev::RootConstant*>, std::_Select1st<std::pair<v8::internal::RootIndex const, v8::internal::maglev::RootConstant*> >, std::less<v8::internal::RootIndex>, v8::internal::ZoneAllocator<std::pair<v8::internal::RootIndex const, v8::internal::maglev::RootConstant*> > >::_M_emplace_unique<v8::internal::RootIndex&, v8::internal::maglev::RootConstant*&>(v8::internal::RootIndex&, v8::internal::maglev::RootConstant*&)",not_application_dso,,1,93430
between_phases,foreign_pid,other_dso,/usr/bin/node,"v8::internal::maglev::ProcessResult v8::internal::maglev::NodeMultiProcessor<v8::internal::maglev::MaxCallDepthProcessor, v8::internal::maglev::LiveRangeAndNextUseProcessor, v8::internal::maglev::DecompressedUseMarkingProcessor>::Process<v8::internal::maglev::CheckMaps>(v8::internal::maglev::CheckMaps*, v8::internal::maglev::ProcessingState const&)",not_application_dso,,1,86887
startup,foreign_pid,other_dso,/usr/bin/node,v8::internal::baseline::BaselineCompiler::VisitLdaCurrentContextSlotNoCell(),not_application_dso,,1,79581
between_phases,other_target_thread,other_application_symbol,/root/cc-perf-native-recv-0909/gc-leaf-census-20260911/compile-v2/cc-diagnostic,perry_stdlib::readline::stdin_reader_data,no_pgcm_function_at_start,,1,69380
between_phases,foreign_pid,other_dso,/usr/bin/node,Builtins_NumberConstructor,not_application_dso,,1,67817
startup,foreign_pid,other_dso,/usr/bin/node,"v8::internal::compiler::JSHeapBroker::TryGetOrCreateData(v8::internal::Handle<v8::internal::Object>, v8::base::Flags<v8::internal::compiler::GetOrCreateDataFlag, int, int>)",not_application_dso,,1,64803
between_phases,foreign_pid,other_dso,/usr/bin/node,v8::internal::maglev::Graph::GetConstant(v8::internal::compiler::ObjectRef),not_application_dso,,1,60940
startup,foreign_pid,other_dso,/usr/bin/node,v8::internal::Assembler::pushq(v8::internal::Operand),not_application_dso,,1,59006
startup,foreign_pid,other_dso,/usr/lib/x86_64-linux-gnu/ld-linux-x86-64.so.2,_dl_map_object_from_fd,not_application_dso,,1,54434
startup,foreign_pid,other_dso,/usr/bin/node,v8::internal::interpreter::BytecodeArrayRandomIterator::IsValid() const,not_application_dso,,1,51029
startup,foreign_pid,other_dso,/usr/lib/x86_64-linux-gnu/ld-linux-x86-64.so.2,_dl_cache_libcmp,not_application_dso,,1,49508
between_phases,foreign_pid,other_dso,/usr/lib/x86_64-linux-gnu/ld-linux-x86-64.so.2,strcmp,not_application_dso,,1,48953
startup,main_thread,other_dso,/usr/bin/python3.12,PyDict_Keys,not_application_dso,,1,47635
startup,foreign_pid,other_dso,/usr/bin/node,uv__io_poll,not_application_dso,,1,21733
between_phases,other_target_thread,other_application_symbol,/root/cc-perf-native-recv-0909/gc-leaf-census-20260911/compile-v2/cc-diagnostic,mi_free,no_pgcm_function_at_start,,5,21054
between_phases,foreign_pid,other_dso,/usr/lib/x86_64-linux-gnu/libc.so.6,arena_get2.part.0,not_application_dso,,3,14455
between_phases,other_target_thread,other_dso,/usr/lib/x86_64-linux-gnu/libc.so.6,__memset_avx512_unaligned_erms,not_application_dso,,2,11673
between_phases,foreign_pid,other_dso,/usr/lib/x86_64-linux-gnu/libc.so.6,pthread_mutex_lock@@GLIBC_2.2.5,not_application_dso,,7,11106
between_phases,foreign_pid,other_dso,/usr/lib/x86_64-linux-gnu/libc.so.6,__malloc_arena_thread_freeres,not_application_dso,,3,10960
between_phases,foreign_pid,other_dso,/usr/lib/x86_64-linux-gnu/libc.so.6,pthread_cond_wait@@GLIBC_2.3.2,not_application_dso,,47,9342
startup,foreign_pid,other_dso,/usr/lib/x86_64-linux-gnu/libc.so.6,__printf_buffer,not_application_dso,,18,9270
between_phases,other_target_thread,other_dso,/usr/lib/x86_64-linux-gnu/libc.so.6,__GI___pthread_disable_asynccancel,not_application_dso,,8,7151
between_phases,other_target_thread,other_dso,/usr/lib/x86_64-linux-gnu/libc.so.6,pthread_setspecific@GLIBC_2.2.5,not_application_dso,,1,6952
between_phases,other_target_thread,other_dso,/usr/lib/x86_64-linux-gnu/libc.so.6,__printf_buffer,not_application_dso,,17,6819
between_phases,other_target_thread,other_application_symbol,/root/cc-perf-native-recv-0909/gc-leaf-census-20260911/compile-v2/cc-diagnostic,mi_theap_malloc_aligned,no_pgcm_function_at_start,,2,6576
between_phases,foreign_pid,other_dso,/usr/lib/x86_64-linux-gnu/libc.so.6,__spawni_child,not_application_dso,,26,6473
startup,foreign_pid,other_dso,/usr/bin/node,"v8::internal::JSObject::MigrateToMap(v8::internal::Isolate*, v8::internal::DirectHandle<v8::internal::JSObject>, v8::internal::DirectHandle<v8::internal::Map>, int)",not_application_dso,,1,6123
between_phases,foreign_pid,other_dso,/usr/bin/node,absl::Mutex::lock(),not_application_dso,,2,5865
startup,foreign_pid,other_dso,/usr/lib/x86_64-linux-gnu/libc.so.6,__spawni_child,not_application_dso,,20,5856
startup,other_target_thread,other_dso,/usr/lib/x86_64-linux-gnu/libc.so.6,__strchrnul_evex,not_application_dso,,4,5788
between_phases,other_target_thread,other_application_symbol,/root/cc-perf-native-recv-0909/gc-leaf-census-20260911/compile-v2/cc-diagnostic,_mi_thread_id,no_pgcm_function_at_start,,1,5675
startup,foreign_pid,other_dso,/usr/lib/x86_64-linux-gnu/libc.so.6,unlink_chunk.isra.0,not_application_dso,,1,5375
between_phases,foreign_pid,other_dso,/usr/lib/x86_64-linux-gnu/libc.so.6,__GI___lll_lock_wake,not_application_dso,,1,5339
between_phases,foreign_pid,other_dso,/usr/bin/node,uv__free,not_application_dso,,1,5322
between_phases,foreign_pid,other_dso,/usr/lib/x86_64-linux-gnu/ld-linux-x86-64.so.2,_dl_deallocate_tls,not_application_dso,,1,5261
between_phases,foreign_pid,other_dso,/usr/lib/x86_64-linux-gnu/libstdc++.so.6.0.33,operator new(unsigned long),not_application_dso,,1,4967
between_phases,other_target_thread,other_application_symbol,/root/cc-perf-native-recv-0909/gc-leaf-census-20260911/compile-v2/cc-diagnostic,<std::sys::pal::unix::stack_overflow::Handler as core::ops::drop::Drop>::drop,no_pgcm_function_at_start,,1,4903
between_phases,foreign_pid,other_dso,/usr/bin/node,v8::internal::AllocatorPolicy::SupportsExtendingLAB() const,not_application_dso,,1,4728
between_phases,foreign_pid,other_dso,/usr/bin/node,absl::Mutex::unlock(),not_application_dso,,1,4690
startup,other_target_thread,other_application_symbol,/root/cc-perf-native-recv-0909/gc-leaf-census-20260911/compile-v2/cc-diagnostic,mi_free,no_pgcm_function_at_start,,1,4631
startup,foreign_pid,other_dso,/usr/bin/node,v8::internal::AllocatorPolicy::AllocatorPolicy(v8::internal::MainAllocator*),not_application_dso,,1,4584
between_phases,foreign_pid,other_dso,/usr/lib/x86_64-linux-gnu/libc.so.6,__GI___pthread_mutex_unlock_usercnt,not_application_dso,,1,4556
between_phases,other_target_thread,other_application_symbol,/root/cc-perf-native-recv-0909/gc-leaf-census-20260911/compile-v2/cc-diagnostic,core::ptr::drop_glue::<std::process::ChildStdin>,no_pgcm_function_at_start,,1,4217
between_phases,foreign_pid,other_dso,/usr/lib/x86_64-linux-gnu/libc.so.6,__printf_buffer,not_application_dso,,23,4110
startup,foreign_pid,other_dso,/usr/lib/x86_64-linux-gnu/libc.so.6,pthread_mutex_unlock@@GLIBC_2.2.5,not_application_dso,,2,4106
between_phases,foreign_pid,other_dso,/usr/bin/node,"std::pair<std::_Rb_tree_iterator<std::pair<v8::internal::maglev::NodeBase const* const, v8::internal::maglev::MaglevGraphLabeller::NodeInfo> >, bool> std::map<v8::internal::maglev::NodeBase const*, v8::internal::maglev::MaglevGraphLabeller::NodeInfo, std::less<v8::internal::maglev::NodeBase const*>, std::allocator<std::pair<v8::internal::maglev::NodeBase const* const, v8::internal::maglev::MaglevGraphLabeller::NodeInfo> > >::emplace<v8::internal::maglev::NodeBase const*&, v8::internal::maglev::MaglevGraphLabeller::NodeInfo>(v8::internal::maglev::NodeBase const*&, v8::internal::maglev::MaglevGraphLabeller::NodeInfo&&)",not_application_dso,,1,4083
between_phases,foreign_pid,other_dso,/usr/bin/node,v8::internal::maglev::MaglevConcurrentDispatcher::JobTask::Run(v8::JobDelegate*),not_application_dso,,1,3922
between_phases,foreign_pid,other_dso,/usr/bin/node,"int v8::internal::Deserializer<v8::internal::Isolate>::ReadStartupObjectCache<v8::internal::SlotAccessorForHandle<v8::internal::Isolate> >(unsigned char, v8::internal::SlotAccessorForHandle<v8::internal::Isolate>)",not_application_dso,,1,3859
between_phases,foreign_pid,other_dso,/usr/lib/x86_64-linux-gnu/libc.so.6,malloc,not_application_dso,,1,3851
between_phases,foreign_pid,other_dso,/usr/bin/node,"v8::internal::TextNode::Emit(v8::internal::RegExpCompiler*, v8::internal::Trace*)",not_application_dso,,1,3842
between_phases,foreign_pid,other_dso,/usr/bin/node,v8::internal::compiler::DeadCodeElimination::ReduceEffectNode(v8::internal::compiler::Node*),not_application_dso,,1,3792
between_phases,foreign_pid,other_dso,/usr/lib/x86_64-linux-gnu/libc.so.6,__GI___pthread_enable_asynccancel,not_application_dso,,1,3751
between_phases,foreign_pid,other_dso,/usr/lib/x86_64-linux-gnu/libc.so.6,__strncpy_evex,not_application_dso,,1,3737
between_phases,foreign_pid,other_dso,/usr/bin/node,v8::platform::tracing::TracingController::GetCategoryGroupEnabled(char const*),not_application_dso,,1,3726
startup,foreign_pid,other_dso,/usr/lib/x86_64-linux-gnu/libc.so.6,__libc_dlerror_result_free,not_application_dso,,1,3708
startup,foreign_pid,other_dso,/usr/bin/node,uv_sem_wait,not_application_dso,,1,3594
between_phases,foreign_pid,other_dso,/usr/bin/node,v8::internal::HeapAllocator::Setup(),not_application_dso,,1,3587
between_phases,foreign_pid,unknown_symbol,/usr/bin/grep,[unknown],not_application_dso,,4,3474
between_phases,foreign_pid,other_dso,/usr/bin/node,"absl::CondVar::WaitCommon(absl::Mutex*, absl::synchronization_internal::KernelTimeout)",not_application_dso,,1,3439
between_phases,main_thread,other_application_symbol,/root/cc-perf-native-recv-0909/gc-leaf-census-20260911/compile-v2/cc-diagnostic,<tokio::runtime::scheduler::current_thread::Context>::park,no_pgcm_function_at_start,,1,3377
between_phases,foreign_pid,unknown_symbol,/usr/bin/dash,[unknown],not_application_dso,,6,3329
startup,foreign_pid,other_dso,/usr/lib/x86_64-linux-gnu/libc.so.6,malloc_consolidate,not_application_dso,,1,3266
startup,main_thread,other_application_symbol,/root/cc-perf-native-recv-0909/gc-leaf-census-20260911/compile-v2/cc-diagnostic,"<perry_runtime::gc::roots::runtime_handles::RuntimeHandle>::across_mut::<perry_runtime::json_tape::LazyArrayHeader, (), perry_runtime::json_tape::reparse_materialize::{closure#1}>",no_pgcm_function_at_start,,1,3262
startup,foreign_pid,other_dso,/usr/lib/x86_64-linux-gnu/libc.so.6,__printf_buffer_write,not_application_dso,,3,3192
between_phases,foreign_pid,other_dso,/usr/lib/x86_64-linux-gnu/libc.so.6,pthread_cond_signal@@GLIBC_2.3.2,not_application_dso,,10,3169
between_phases,foreign_pid,other_dso,/usr/bin/node,Builtins_BaselineOutOfLinePrologue,not_application_dso,,1,3122
startup,other_target_thread,other_application_symbol,/root/cc-perf-native-recv-0909/gc-leaf-census-20260911/compile-v2/cc-diagnostic,__rustc::__rust_dealloc,no_pgcm_function_at_start,,1,3008
between_phases,other_target_thread,other_dso,/usr/lib/x86_64-linux-gnu/libc.so.6,arena_get2.part.0,not_application_dso,,1,2815
between_phases,foreign_pid,other_dso,/usr/bin/node,v8::internal::baseline::ConcurrentBaselineCompiler::JobDispatcher::GetMaxConcurrency(unsigned long) const,not_application_dso,,1,2762
startup,foreign_pid,other_dso,/usr/lib/x86_64-linux-gnu/libc.so.6,__strchrnul_evex,not_application_dso,,7,2718
between_phases,foreign_pid,other_dso,/usr/bin/node,v8::platform::DefaultJobWorker::Run(),not_application_dso,,1,2629
startup,other_target_thread,other_dso,/usr/lib/x86_64-linux-gnu/libc.so.6,_itoa_word,not_application_dso,,1,2537
startup,main_thread,other_dso,/usr/lib/x86_64-linux-gnu/libc.so.6,__posix_spawnattr_destroy,not_application_dso,,1,2529
between_phases,other_target_thread,other_application_symbol,/root/cc-perf-native-recv-0909/gc-leaf-census-20260911/compile-v2/cc-diagnostic,<tokio::sync::notify::Notify>::notify_waiters,no_pgcm_function_at_start,,2,2492
between_phases,foreign_pid,other_dso,/usr/lib/x86_64-linux-gnu/libc.so.6,__libc_thread_freeres,not_application_dso,,1,2312
startup,other_target_thread,other_dso,/usr/lib/x86_64-linux-gnu/libc.so.6,__printf_buffer,not_application_dso,,2,2153
between_phases,foreign_pid,other_dso,/usr/lib/x86_64-linux-gnu/libc.so.6,_itoa_word,not_application_dso,,4,2105
startup,foreign_pid,other_dso,/usr/lib/x86_64-linux-gnu/libc.so.6,_itoa_word,not_application_dso,,1,2098
startup,foreign_pid,other_dso,/usr/bin/node,node::(anonymous namespace)::PlatformWorkerThread(void*),not_application_dso,,2,2060
between_phases,foreign_pid,other_dso,/usr/bin/node,uv__io_poll,not_application_dso,,2,2033
between_phases,foreign_pid,other_dso,/usr/lib/x86_64-linux-gnu/libc.so.6,__dup2,not_application_dso,,1,1855
between_phases,foreign_pid,unknown_symbol,[vdso],[unknown],not_application_dso,,1,1845
between_phases,other_target_thread,other_application_symbol,/root/cc-perf-native-recv-0909/gc-leaf-census-20260911/compile-v2/cc-diagnostic,<tokio::sync::notify::NotifyGuard>::notify_waiters,no_pgcm_function_at_start,,1,1833
between_phases,foreign_pid,other_dso,/usr/lib/x86_64-linux-gnu/libc.so.6,__libc_fork,not_application_dso,,4,1831
startup,other_target_thread,other_dso,/usr/lib/x86_64-linux-gnu/libc.so.6,__ctype_init,not_application_dso,,17,1688
startup,foreign_pid,other_dso,/usr/lib/x86_64-linux-gnu/libc.so.6,pthread_cond_signal@@GLIBC_2.3.2,not_application_dso,,2,1651
between_phases,foreign_pid,other_dso,/usr/lib/x86_64-linux-gnu/libc.so.6,__strchrnul_evex,not_application_dso,,6,1555
startup,other_target_thread,unknown_symbol,[unknown],[unknown],not_application_dso,,1,1525
startup,foreign_pid,other_dso,/usr/lib/x86_64-linux-gnu/libc.so.6,pthread_cond_wait@@GLIBC_2.3.2,not_application_dso,,14,1486
between_phases,foreign_pid,other_dso,/usr/lib/x86_64-linux-gnu/libc.so.6,__pthread_mutex_cond_lock,not_application_dso,,3,1387
startup,main_thread,other_dso,/usr/bin/python3.12,PyObject_Free,not_application_dso,,1,1007
between_phases,foreign_pid,other_dso,/usr/lib/x86_64-linux-gnu/libc.so.6,start_thread,not_application_dso,,9,701
between_phases,foreign_pid,other_dso,/usr/bin/node,node::(anonymous namespace)::PlatformWorkerThread(void*),not_application_dso,,12,305
between_phases,foreign_pid,other_dso,/usr/bin/node,worker,not_application_dso,,6,154
between_phases,other_target_thread,other_dso,/usr/lib/x86_64-linux-gnu/libc.so.6,__strchrnul_evex,not_application_dso,,2,148
between_phases,foreign_pid,other_dso,/usr/lib/x86_64-linux-gnu/libc.so.6,__vsnprintf_internal,not_application_dso,,7,144
between_phases,other_target_thread,other_application_symbol,/root/cc-perf-native-recv-0909/gc-leaf-census-20260911/compile-v2/cc-diagnostic,"std::sys::backtrace::__rust_begin_short_backtrace::<perry_runtime::child_process::reactor::cp_spawn_reader<alloc::boxed::Box<dyn alloc::io::read::Read + core::marker::Send>>::{closure#0}, ()>",no_pgcm_function_at_start,,6,98
between_phases,other_target_thread,other_dso,/usr/lib/x86_64-linux-gnu/libc.so.6,__vsnprintf_internal,not_application_dso,,2,84
between_phases,other_target_thread,other_dso,/usr/lib/x86_64-linux-gnu/libc.so.6,__strchrnul_ifunc@plt,not_application_dso,,2,82
startup,foreign_pid,other_dso,/usr/bin/node,"v8::internal::Map::EnsureDescriptorSlack(v8::internal::Isolate*, v8::internal::DirectHandle<v8::internal::Map>, int)",not_application_dso,,2,80
startup,foreign_pid,other_dso,/usr/lib/x86_64-linux-gnu/libc.so.6,__ctype_init,not_application_dso,,12,75
between_phases,foreign_pid,other_dso,/usr/lib/x86_64-linux-gnu/libc.so.6,clock_gettime@@GLIBC_2.17,not_application_dso,,1,73
between_phases,other_target_thread,other_application_symbol,/root/cc-perf-native-recv-0909/gc-leaf-census-20260911/compile-v2/cc-diagnostic,mi_malloc_aligned,no_pgcm_function_at_start,,1,71
between_phases,other_target_thread,other_application_symbol,/root/cc-perf-native-recv-0909/gc-leaf-census-20260911/compile-v2/cc-diagnostic,<perry_runtime::child_process::reactor::cp_exec_async::{closure#0} as core::ops::function::FnOnce<()>>::call_once::{shim:vtable#0},no_pgcm_function_at_start,,2,70
between_phases,foreign_pid,other_dso,/usr/lib/x86_64-linux-gnu/libc.so.6,__nptl_free_stacks,not_application_dso,,1,65
startup,other_target_thread,other_dso,/usr/lib/x86_64-linux-gnu/libc.so.6,__printf_buffer_write,not_application_dso,,1,63
between_phases,other_target_thread,other_dso,/usr/lib/x86_64-linux-gnu/libc.so.6,__ctype_init,not_application_dso,,10,62
between_phases,other_target_thread,other_application_symbol,/root/cc-perf-native-recv-0909/gc-leaf-census-20260911/compile-v2/cc-diagnostic,<std::path::Path as core::hash::Hash>::hash::<std::hash::random::DefaultHasher>,no_pgcm_function_at_start,,1,61
between_phases,foreign_pid,other_dso,/usr/bin/node,"v8::internal::maglev::MaglevReducer<v8::internal::maglev::MaglevGraphBuilder>::GetTaggedValue(v8::internal::maglev::ValueNode*, v8::internal::maglev::UseReprHintRecording)",not_application_dso,,1,60
between_phases,foreign_pid,other_dso,/usr/lib/x86_64-linux-gnu/libc.so.6,__sigsetmask,not_application_dso,,2,56
startup,foreign_pid,other_dso,/usr/lib/x86_64-linux-gnu/libc.so.6,__sigsetmask,not_application_dso,,1,56
between_phases,foreign_pid,other_dso,/usr/bin/node,"int v8::internal::Deserializer<v8::internal::Isolate>::WriteHeapPointer<v8::internal::SlotAccessorForHeapObject>(v8::internal::SlotAccessorForHeapObject, v8::internal::DirectHandle<v8::internal::HeapObject>, v8::internal::Deserializer<v8::internal::Isolate>::ReferenceDescriptor, v8::internal::WriteBarrierMode)",not_application_dso,,2,55
between_phases,foreign_pid,other_dso,/usr/bin/node,v8::internal::RegExpNode::GetSuccessorOfOmnivorousTextNode(v8::internal::RegExpCompiler*),not_application_dso,,1,52
between_phases,main_thread,other_application_symbol,/root/cc-perf-native-recv-0909/gc-leaf-census-20260911/compile-v2/cc-diagnostic,<tokio::process::imp::GlobalOrphanQueue>::reap_orphans,no_pgcm_function_at_start,,1,52
between_phases,foreign_pid,other_dso,/usr/bin/node,"absl::Mutex::LockSlow(absl::MuHowS const*, absl::Condition const*, int)",not_application_dso,,2,51
between_phases,foreign_pid,other_dso,/usr/bin/node,v8::internal::compiler::GraphReducer::ReduceTop(),not_application_dso,,1,51
between_phases,other_target_thread,other_dso,/usr/lib/x86_64-linux-gnu/libc.so.6,_itoa_word,not_application_dso,,1,51
startup,other_target_thread,other_dso,/usr/lib/x86_64-linux-gnu/libc.so.6,__memmove_avx512_unaligned_erms,not_application_dso,,1,51
startup,foreign_pid,other_dso,/usr/bin/node,worker,not_application_dso,,2,50
between_phases,foreign_pid,other_dso,/usr/bin/node,init_once,not_application_dso,,1,48
between_phases,foreign_pid,other_dso,/usr/lib/x86_64-linux-gnu/libc.so.6,__printf_buffer_done,not_application_dso,,1,48
between_phases,other_target_thread,other_application_symbol,/root/cc-perf-native-recv-0909/gc-leaf-census-20260911/compile-v2/cc-diagnostic,<std::process::ChildStdout as alloc::io::read::Read>::read,no_pgcm_function_at_start,,7,48
between_phases,other_target_thread,other_application_symbol,/root/cc-perf-native-recv-0909/gc-leaf-census-20260911/compile-v2/cc-diagnostic,"std::sys::backtrace::__rust_begin_short_backtrace::<perry_runtime::child_process::reactor::timeout::cp_spawn_waiter::{closure#1}, ()>",no_pgcm_function_at_start,,1,48
startup,main_thread,unknown_symbol,[unknown],[unknown],not_application_dso,,1,48
between_phases,foreign_pid,other_dso,/usr/bin/node,uv__io_poll_check,not_application_dso,,2,43
between_phases,foreign_pid,other_dso,/usr/lib/x86_64-linux-gnu/libc.so.6,__GI___nptl_free_tcb,not_application_dso,,1,43
between_phases,foreign_pid,other_dso,/usr/bin/node,"absl::Mutex::LockSlowWithDeadline(absl::MuHowS const*, absl::Condition const*, absl::synchronization_internal::KernelTimeout, int)",not_application_dso,,1,42
between_phases,other_target_thread,other_application_symbol,/root/cc-perf-native-recv-0909/gc-leaf-census-20260911/compile-v2/cc-diagnostic,perry_runtime::child_process::reactor::cp_push_event,no_pgcm_function_at_start,,1,41
between_phases,foreign_pid,other_dso,/usr/lib/x86_64-linux-gnu/libc.so.6,__printf_buffer_write,not_application_dso,,1,40
between_phases,foreign_pid,other_dso,/usr/lib/x86_64-linux-gnu/libc.so.6,__errno_location,not_application_dso,,2,39
startup,other_target_thread,other_dso,/usr/lib/x86_64-linux-gnu/libc.so.6,__vsnprintf_internal,not_application_dso,,1,39
startup,foreign_pid,other_dso,/usr/bin/node,uv_mutex_lock,not_application_dso,,1,36
startup,foreign_pid,other_dso,/usr/lib/x86_64-linux-gnu/libc.so.6,__strchrnul_ifunc@plt,not_application_dso,,2,32
startup,foreign_pid,other_dso,/usr/lib/x86_64-linux-gnu/libc.so.6,memcpy@@GLIBC_2.14@plt,not_application_dso,,1,31
startup,foreign_pid,other_dso,/usr/lib/x86_64-linux-gnu/libc.so.6,__GI___snprintf,not_application_dso,,2,30
startup,main_thread,other_dso,/usr/bin/python3.12,PyErr_CheckSignals,not_application_dso,,2,25
startup,foreign_pid,other_dso,/usr/lib/x86_64-linux-gnu/libc.so.6,start_thread,not_application_dso,,17,17
between_phases,foreign_pid,other_dso,/usr/lib/x86_64-linux-gnu/libc.so.6,__GI___futex_abstimed_wait_cancelable64,not_application_dso,,12,12
between_phases,foreign_pid,other_dso,/usr/lib/x86_64-linux-gnu/libc.so.6,__GI___pthread_disable_asynccancel,not_application_dso,,12,12
startup,other_target_thread,other_dso,/usr/lib/x86_64-linux-gnu/libc.so.6,start_thread,not_application_dso,,12,12
between_phases,other_target_thread,other_dso,/usr/lib/x86_64-linux-gnu/libc.so.6,start_thread,not_application_dso,,10,10
between_phases,foreign_pid,other_dso,/usr/lib/x86_64-linux-gnu/libc.so.6,__ctype_init,not_application_dso,,8,8
between_phases,other_target_thread,other_dso,/usr/lib/x86_64-linux-gnu/libc.so.6,read,not_application_dso,,4,4
between_phases,foreign_pid,other_dso,/usr/bin/node,"v8::internal::maglev::Phi::RecordUseReprHint(v8::base::EnumSet<v8::internal::maglev::UseRepresentation, signed char>, bool)",not_application_dso,,3,3
startup,foreign_pid,other_dso,/usr/lib/x86_64-linux-gnu/libc.so.6,__GI___pthread_disable_asynccancel,not_application_dso,,3,3
startup,foreign_pid,other_dso,/usr/lib/x86_64-linux-gnu/libc.so.6,clone3,not_application_dso,,3,3
startup,other_target_thread,other_dso,/usr/lib/x86_64-linux-gnu/libc.so.6,clone3,not_application_dso,,3,3
between_phases,foreign_pid,other_dso,/usr/bin/node,AbslInternalPerThreadSemWait,not_application_dso,,2,2
between_phases,foreign_pid,other_dso,/usr/bin/node,Builtins_StrictEqual_Generic_Baseline,not_application_dso,,2,2
between_phases,foreign_pid,other_dso,/usr/bin/node,absl::synchronization_internal::FutexWaiter::Wait(absl::synchronization_internal::KernelTimeout),not_application_dso,,2,2
between_phases,foreign_pid,other_dso,/usr/bin/node,"v8::internal::AlternativeGenerationList::AlternativeGenerationList(int, v8::internal::Zone*)",not_application_dso,,2,2
between_phases,foreign_pid,other_dso,/usr/lib/x86_64-linux-gnu/libc.so.6,__GI___nptl_deallocate_stack,not_application_dso,,2,2
between_phases,foreign_pid,other_dso,/usr/lib/x86_64-linux-gnu/libc.so.6,__pthread_clockjoin_ex,not_application_dso,,2,2
between_phases,foreign_pid,other_dso,/usr/lib/x86_64-linux-gnu/libc.so.6,__vfork,not_application_dso,,2,2
between_phases,foreign_pid,other_dso,/usr/lib/x86_64-linux-gnu/libc.so.6,epoll_pwait,not_application_dso,,2,2
between_phases,foreign_pid,other_dso,/usr/lib/x86_64-linux-gnu/libc.so.6,name_stack_maps,not_application_dso,,2,2
between_phases,other_target_thread,other_application_symbol,/root/cc-perf-native-recv-0909/gc-leaf-census-20260911/compile-v2/cc-diagnostic,<std::sys::process::unix::unix::Process>::wait,no_pgcm_function_at_start,,2,2
startup,foreign_pid,other_dso,/usr/lib/x86_64-linux-gnu/libc.so.6,__GI___futex_abstimed_wait_cancelable64,not_application_dso,,2,2
startup,foreign_pid,other_dso,/usr/lib/x86_64-linux-gnu/libc.so.6,__GI___lll_lock_wait,not_application_dso,,2,2
startup,foreign_pid,other_dso,/usr/lib/x86_64-linux-gnu/libc.so.6,pthread_mutex_lock@@GLIBC_2.2.5,not_application_dso,,2,2
startup,foreign_pid,unknown_symbol,/usr/bin/dash,[unknown],not_application_dso,,2,2
between_phases,foreign_pid,other_dso,/usr/bin/node,"absl::synchronization_internal::FutexWaiter::WaitUntil(std::atomic<int>*, int, absl::synchronization_internal::KernelTimeout)",not_application_dso,,1,1
between_phases,foreign_pid,other_dso,/usr/bin/node,"int v8::internal::Deserializer<v8::internal::Isolate>::ReadBackref<v8::internal::SlotAccessorForHeapObject>(unsigned char, v8::internal::SlotAccessorForHeapObject)",not_application_dso,,1,1
between_phases,foreign_pid,other_dso,/usr/bin/node,uv__threadpool_cleanup,not_application_dso,,1,1
between_phases,foreign_pid,other_dso,/usr/bin/node,uv_cond_wait,not_application_dso,,1,1
between_phases,foreign_pid,other_dso,/usr/bin/node,uv_mutex_lock,not_application_dso,,1,1
between_phases,foreign_pid,other_dso,/usr/bin/node,uv_mutex_unlock,not_application_dso,,1,1
between_phases,foreign_pid,other_dso,/usr/bin/node,uv_sem_wait,not_application_dso,,1,1
between_phases,foreign_pid,other_dso,/usr/bin/node,"v8::internal::ChoiceNode::EmitOptimizedUnanchoredSearch(v8::internal::RegExpCompiler*, v8::internal::Trace*, v8::internal::SpecialLoopState*)",not_application_dso,,1,1
between_phases,foreign_pid,other_dso,/usr/bin/node,v8::internal::compiler::GraphReducer::ReduceNode(v8::internal::compiler::Node*),not_application_dso,,1,1
between_phases,foreign_pid,other_dso,/usr/bin/node,"v8::internal::compiler::GraphReducer::Replace(v8::internal::compiler::Node*, v8::internal::compiler::Node*, unsigned int)",not_application_dso,,1,1
between_phases,foreign_pid,other_dso,/usr/bin/node,v8::internal::compiler::Node::Kill(),not_application_dso,,1,1
between_phases,foreign_pid,other_dso,/usr/lib/x86_64-linux-gnu/libc.so.6,__GI___snprintf,not_application_dso,,1,1
between_phases,foreign_pid,other_dso,/usr/lib/x86_64-linux-gnu/libc.so.6,__new_sem_wait_slow64.constprop.0,not_application_dso,,1,1
between_phases,foreign_pid,other_dso,/usr/lib/x86_64-linux-gnu/libc.so.6,__restore_rt,not_application_dso,,1,1
between_phases,foreign_pid,other_dso,/usr/lib/x86_64-linux-gnu/libc.so.6,_pthread_cleanup_pop@GLIBC_2.2.5,not_application_dso,,1,1
between_phases,foreign_pid,other_dso,/usr/lib/x86_64-linux-gnu/libc.so.6,clone3,not_application_dso,,1,1
between_phases,main_thread,other_application_symbol,/root/cc-perf-native-recv-0909/gc-leaf-census-20260911/compile-v2/cc-diagnostic,<tokio::runtime::io::driver::Driver>::turn,no_pgcm_function_at_start,,1,1
between_phases,main_thread,other_application_symbol,/root/cc-perf-native-recv-0909/gc-leaf-census-20260911/compile-v2/cc-diagnostic,<tokio::runtime::time::Driver>::park_internal,no_pgcm_function_at_start,,1,1
between_phases,main_thread,other_dso,/usr/lib/x86_64-linux-gnu/libc.so.6,__GI___pthread_disable_asynccancel,not_application_dso,,1,1
between_phases,other_target_thread,other_application_symbol,/root/cc-perf-native-recv-0909/gc-leaf-census-20260911/compile-v2/cc-diagnostic,<notify::inotify::EventLoop>::add_single_watch,no_pgcm_function_at_start,,1,1
between_phases,other_target_thread,other_application_symbol,/root/cc-perf-native-recv-0909/gc-leaf-census-20260911/compile-v2/cc-diagnostic,<notify::inotify::EventLoop>::handle_event,no_pgcm_function_at_start,,1,1
between_phases,other_target_thread,other_dso,/usr/lib/x86_64-linux-gnu/libc.so.6,__memmove_avx512_unaligned_erms,not_application_dso,,1,1
between_phases,other_target_thread,other_dso,/usr/lib/x86_64-linux-gnu/libc.so.6,epoll_wait,not_application_dso,,1,1
startup,foreign_pid,other_dso,/usr/bin/node,"std::priority_queue<node::TaskQueue<node::TaskQueueEntry>::Item, std::vector<node::TaskQueue<node::TaskQueueEntry>::Item, std::allocator<node::TaskQueue<node::TaskQueueEntry>::Item> >, node::TaskQueue<node::TaskQueueEntry>::ItemCompare>::pop()",not_application_dso,,1,1
startup,foreign_pid,other_dso,/usr/bin/node,uv_mutex_unlock,not_application_dso,,1,1
startup,foreign_pid,other_dso,/usr/lib/x86_64-linux-gnu/libc.so.6,__pthread_mutex_cond_lock,not_application_dso,,1,1
startup,foreign_pid,other_dso,/usr/lib/x86_64-linux-gnu/libc.so.6,__vfork,not_application_dso,,1,1
startup,foreign_pid,other_dso,/usr/lib/x86_64-linux-gnu/libc.so.6,name_stack_maps,not_application_dso,,1,1
startup,main_thread,other_dso,/usr/lib/x86_64-linux-gnu/libc.so.6,__GI___pthread_disable_asynccancel,not_application_dso,,1,1
startup,main_thread,other_dso,/usr/lib/x86_64-linux-gnu/libc.so.6,__GI___pthread_self,not_application_dso,,1,1
startup,main_thread,other_dso,/usr/lib/x86_64-linux-gnu/libc.so.6,__GI___wait4,not_application_dso,,1,1
startup,main_thread,other_dso,/usr/lib/x86_64-linux-gnu/libc.so.6,__munmap,not_application_dso,,1,1
startup,main_thread,unknown_symbol,/usr/bin/python3.12,[unknown],not_application_dso,,1,1
