phase,scope,category,dso,symbol,metadata_join,pgcm_function_ids,samples,period
between_phases,main_thread,other_application_symbol,/root/cc-perf-native-recv-0909/gc-leaf-census-20260911/compile-v2/cc-diagnostic,perry_runtime::buffer::header::is_registered_buffer,no_pgcm_function_at_start,,228,1185411584
between_phases,main_thread,compiled_function_prefix,/root/cc-perf-native-recv-0909/gc-leaf-census-20260911/compile-v2/cc-diagnostic,perry_closure_cli_2_1_112_js__42821,exact_start_and_symbol,16:3,134,698017584
between_phases,main_thread,other_application_symbol,/root/cc-perf-native-recv-0909/gc-leaf-census-20260911/compile-v2/cc-diagnostic,perry_runtime::buffer::header::is_registered_buffer_slow,no_pgcm_function_at_start,,115,599396694
between_phases,main_thread,other_application_symbol,/root/cc-perf-native-recv-0909/gc-leaf-census-20260911/compile-v2/cc-diagnostic,perry_runtime::gc::trace::trace_heap_rewrite_slots::{closure#0}::{closure#0},no_pgcm_function_at_start,,91,488204864
between_phases,main_thread,other_application_symbol,/root/cc-perf-native-recv-0909/gc-leaf-census-20260911/compile-v2/cc-diagnostic,<perry_runtime::gc::trace::ValidPointerSet>::contains,no_pgcm_function_at_start,,85,445708293
between_phases,main_thread,other_application_symbol,/root/cc-perf-native-recv-0909/gc-leaf-census-20260911/compile-v2/cc-diagnostic,<perry_runtime::arena::walk::ArenaObjectCursor>::next_budgeted,no_pgcm_function_at_start,,76,395169019
command,main_thread,other_application_symbol,/root/cc-perf-native-recv-0909/gc-leaf-census-20260911/compile-v2/cc-diagnostic,perry_runtime::gc::malloc::gc_malloc_header_is_tracked,no_pgcm_function_at_start,,71,371033872
between_phases,main_thread,other_dso,/usr/lib/x86_64-linux-gnu/libc.so.6,__memmove_avx512_unaligned_erms,not_application_dso,,71,370963291
between_phases,main_thread,other_application_symbol,/root/cc-perf-native-recv-0909/gc-leaf-census-20260911/compile-v2/cc-diagnostic,trunc,no_pgcm_function_at_start,,70,362981494
between_phases,main_thread,runtime_helper_source_bound,/root/cc-perf-native-recv-0909/gc-leaf-census-20260911/compile-v2/cc-diagnostic,js_packed_arraylike_index_get,no_pgcm_function_at_start,,69,357297587
between_phases,main_thread,other_application_symbol,/root/cc-perf-native-recv-0909/gc-leaf-census-20260911/compile-v2/cc-diagnostic,<perry_runtime::gc::layout::GcMutableSlotDescriptor>::visit_slots,no_pgcm_function_at_start,,62,332685909
between_phases,main_thread,runtime_helper_source_bound,/root/cc-perf-native-recv-0909/gc-leaf-census-20260911/compile-v2/cc-diagnostic,js_is_symbol,no_pgcm_function_at_start,,48,249097269
between_phases,main_thread,other_application_symbol,/root/cc-perf-native-recv-0909/gc-leaf-census-20260911/compile-v2/cc-diagnostic,perry_runtime::box::is_registered_box_ptr,no_pgcm_function_at_start,,44,227886072
between_phases,main_thread,other_application_symbol,/root/cc-perf-native-recv-0909/gc-leaf-census-20260911/compile-v2/cc-diagnostic,perry_runtime::typedarray::lookup_registered_typed_array_kind,no_pgcm_function_at_start,,44,221271669
between_phases,main_thread,other_application_symbol,/root/cc-perf-native-recv-0909/gc-leaf-census-20260911/compile-v2/cc-diagnostic,perry_runtime::gc::trace::drain_trace_worklist_step,no_pgcm_function_at_start,,39,208220750
between_phases,main_thread,other_application_symbol,/root/cc-perf-native-recv-0909/gc-leaf-census-20260911/compile-v2/cc-diagnostic,compiler_builtins::math::libm_math::fmod::fmod,no_pgcm_function_at_start,,36,187224378
between_phases,main_thread,other_application_symbol,/root/cc-perf-native-recv-0909/gc-leaf-census-20260911/compile-v2/cc-diagnostic,perry_runtime::gc::layout_slot_visit::visit_gc_layout_slot_descriptors,no_pgcm_function_at_start,,35,185028696
command,main_thread,other_application_symbol,/root/cc-perf-native-recv-0909/gc-leaf-census-20260911/compile-v2/cc-diagnostic,perry_runtime::regex::js_regexp_new_impl,no_pgcm_function_at_start,,35,179692455
command,main_thread,runtime_helper_source_bound,/root/cc-perf-native-recv-0909/gc-leaf-census-20260911/compile-v2/cc-diagnostic,js_native_call_method,no_pgcm_function_at_start,,34,176960468
between_phases,main_thread,other_application_symbol,/root/cc-perf-native-recv-0909/gc-leaf-census-20260911/compile-v2/cc-diagnostic,<perry_runtime::gc::oldgen::IncrementalSweepState>::step,no_pgcm_function_at_start,,32,169216755
startup,main_thread,other_dso,/usr/lib/x86_64-linux-gnu/libc.so.6,__memmove_avx512_unaligned_erms,not_application_dso,,31,157003719
between_phases,main_thread,runtime_helper_source_bound,/root/cc-perf-native-recv-0909/gc-leaf-census-20260911/compile-v2/cc-diagnostic,js_dyn_index_set_strict,no_pgcm_function_at_start,,30,156133481
between_phases,main_thread,compiled_function_prefix,/root/cc-perf-native-recv-0909/gc-leaf-census-20260911/compile-v2/cc-diagnostic,perry_closure_cli_2_1_112_js__42817,exact_start_and_symbol,36:86,30,155872765
between_phases,main_thread,other_application_symbol,/root/cc-perf-native-recv-0909/gc-leaf-census-20260911/compile-v2/cc-diagnostic,"<std::thread::local::LocalKey<core::cell::RefCell<std::collections::hash::map::HashMap<usize, perry_runtime::typedarray_view::ViewMeta, perry_runtime::fast_hash::PtrHasher>>>>::with::<perry_runtime::typedarray_view::view_meta_of::{closure#0}, core::option::Option<perry_runtime::typedarray_view::ViewMeta>>",no_pgcm_function_at_start,,29,151707572
between_phases,main_thread,compiled_function_prefix,/root/cc-perf-native-recv-0909/gc-leaf-census-20260911/compile-v2/cc-diagnostic,perry_closure_cli_2_1_112_js__42814,exact_start_and_symbol,74:14,29,151053254
between_phases,main_thread,other_application_symbol,/root/cc-perf-native-recv-0909/gc-leaf-census-20260911/compile-v2/cc-diagnostic,<perry_runtime::gc::layout::HeapChildSlotIterator as core::iter::traits::iterator::Iterator>::next,no_pgcm_function_at_start,,27,143661079
between_phases,main_thread,other_application_symbol,/root/cc-perf-native-recv-0909/gc-leaf-census-20260911/compile-v2/cc-diagnostic,fmod,no_pgcm_function_at_start,,27,140726469
between_phases,main_thread,other_application_symbol,/root/cc-perf-native-recv-0909/gc-leaf-census-20260911/compile-v2/cc-diagnostic,perry_runtime::buffer::header::is_array_buffer,no_pgcm_function_at_start,,27,140717836
between_phases,main_thread,other_application_symbol,/root/cc-perf-native-recv-0909/gc-leaf-census-20260911/compile-v2/cc-diagnostic,perry_runtime::typedarray::typed_array_fast_index_set,no_pgcm_function_at_start,,27,138880014
between_phases,main_thread,other_application_symbol,/root/cc-perf-native-recv-0909/gc-leaf-census-20260911/compile-v2/cc-diagnostic,perry_runtime::typedarray::typed_array_fast_index_get,no_pgcm_function_at_start,,27,138225836
between_phases,main_thread,runtime_helper_source_bound,/root/cc-perf-native-recv-0909/gc-leaf-census-20260911/compile-v2/cc-diagnostic,js_dyn_index_get,no_pgcm_function_at_start,,26,135679396
between_phases,main_thread,other_application_symbol,/root/cc-perf-native-recv-0909/gc-leaf-census-20260911/compile-v2/cc-diagnostic,perry_runtime::typedarray::data_ptr,no_pgcm_function_at_start,,26,135495133
between_phases,main_thread,runtime_helper_source_bound,/root/cc-perf-native-recv-0909/gc-leaf-census-20260911/compile-v2/cc-diagnostic,js_dynamic_bitand,no_pgcm_function_at_start,,24,125210124
between_phases,main_thread,other_application_symbol,/root/cc-perf-native-recv-0909/gc-leaf-census-20260911/compile-v2/cc-diagnostic,perry_runtime::arena::page_meta::old_page_account_swept_object,no_pgcm_function_at_start,,23,121470897
command,main_thread,other_dso,/usr/lib/x86_64-linux-gnu/libc.so.6,__memmove_avx512_unaligned_erms,not_application_dso,,23,120637717
between_phases,main_thread,runtime_helper_source_bound,/root/cc-perf-native-recv-0909/gc-leaf-census-20260911/compile-v2/cc-diagnostic,js_numeric_step,no_pgcm_function_at_start,,23,119824363
startup,main_thread,other_application_symbol,/root/cc-perf-native-recv-0909/gc-leaf-census-20260911/compile-v2/cc-diagnostic,<perry_runtime::gc::copying::CopyingNurseryCollector>::visit_slot_with_parent,no_pgcm_function_at_start,,23,117547578
command,main_thread,runtime_helper_source_bound,/root/cc-perf-native-recv-0909/gc-leaf-census-20260911/compile-v2/cc-diagnostic,js_object_get_field_by_name,no_pgcm_function_at_start,,22,115011724
startup,main_thread,other_application_symbol,/root/cc-perf-native-recv-0909/gc-leaf-census-20260911/compile-v2/cc-diagnostic,<perry_runtime::gc::copying::CopyingNurseryCollector>::mark_addr,no_pgcm_function_at_start,,23,113214448
command,main_thread,runtime_helper_source_bound,/root/cc-perf-native-recv-0909/gc-leaf-census-20260911/compile-v2/cc-diagnostic,js_regexp_test,no_pgcm_function_at_start,,21,108260693
startup,main_thread,runtime_helper_source_bound,/root/cc-perf-native-recv-0909/gc-leaf-census-20260911/compile-v2/cc-diagnostic,js_object_get_field_by_name,no_pgcm_function_at_start,,17,101806841
between_phases,main_thread,other_application_symbol,/root/cc-perf-native-recv-0909/gc-leaf-census-20260911/compile-v2/cc-diagnostic,perry_runtime::typedarray::store_at,no_pgcm_function_at_start,,19,99224906
startup,main_thread,other_application_symbol,/root/cc-perf-native-recv-0909/gc-leaf-census-20260911/compile-v2/cc-diagnostic,<perry_runtime::gc::copying_pointer_set::CopyingPointerSet>::classify_arena,no_pgcm_function_at_start,,20,97584182
between_phases,main_thread,other_application_symbol,/root/cc-perf-native-recv-0909/gc-leaf-census-20260911/compile-v2/cc-diagnostic,perry_runtime::gc::layout_slot_visit::visit_gc_rewrite_slot_descriptors::<perry_runtime::gc::layout_slot_visit::visit_gc_rewrite_slots<perry_runtime::gc::verify::restore_surviving_dirty_coverage::{closure#0}::{closure#0}>::{closure#0}>,no_pgcm_function_at_start,,18,95661319
between_phases,main_thread,other_application_symbol,/root/cc-perf-native-recv-0909/gc-leaf-census-20260911/compile-v2/cc-diagnostic,perry_runtime::gc::layout_tables::per_object_slot_mask,no_pgcm_function_at_start,,18,95433444
command,main_thread,other_application_symbol,/root/cc-perf-native-recv-0909/gc-leaf-census-20260911/compile-v2/cc-diagnostic,perry_runtime::exception::try_push_with_kind,no_pgcm_function_at_start,,19,93218309
between_phases,main_thread,other_application_symbol,/root/cc-perf-native-recv-0909/gc-leaf-census-20260911/compile-v2/cc-diagnostic,perry_runtime::gc::layout_slot_visit::visit_gc_layout_slot_descriptors.specialized.1,no_pgcm_function_at_start,,17,90245022
startup,main_thread,other_application_symbol,/root/cc-perf-native-recv-0909/gc-leaf-census-20260911/compile-v2/cc-diagnostic,perry_runtime::object::class_meta_registry::get_parent_class_id,no_pgcm_function_at_start,,13,89457150
between_phases,main_thread,runtime_helper_source_bound,/root/cc-perf-native-recv-0909/gc-leaf-census-20260911/compile-v2/cc-diagnostic,js_dynamic_shr,no_pgcm_function_at_start,,17,88649403
between_phases,main_thread,runtime_helper_source_bound,/root/cc-perf-native-recv-0909/gc-leaf-census-20260911/compile-v2/cc-diagnostic,js_number_coerce,no_pgcm_function_at_start,,17,88276267
command,main_thread,other_application_symbol,/root/cc-perf-native-recv-0909/gc-leaf-census-20260911/compile-v2/cc-diagnostic,<regex::regex::string::Regex>::find_at,no_pgcm_function_at_start,,17,87121818
command,main_thread,other_application_symbol,/root/cc-perf-native-recv-0909/gc-leaf-census-20260911/compile-v2/cc-diagnostic,perry_runtime::object::exotic_expando::value_lookup,no_pgcm_function_at_start,,17,83511657
command,main_thread,other_application_symbol,/root/cc-perf-native-recv-0909/gc-leaf-census-20260911/compile-v2/cc-diagnostic,perry_runtime::buffer::header::is_registered_buffer_slow,no_pgcm_function_at_start,,16,82779119
between_phases,main_thread,other_application_symbol,/root/cc-perf-native-recv-0909/gc-leaf-census-20260911/compile-v2/cc-diagnostic,<perry_runtime::gc::dead_owner::PostTraceProbe>::owner_is_dead,no_pgcm_function_at_start,,15,80299520
command,main_thread,runtime_helper_source_bound,/root/cc-perf-native-recv-0909/gc-leaf-census-20260911/compile-v2/cc-diagnostic,js_array_get_f64,no_pgcm_function_at_start,,15,78885907
between_phases,main_thread,other_application_symbol,/root/cc-perf-native-recv-0909/gc-leaf-census-20260911/compile-v2/cc-diagnostic,perry_runtime::buffer::header::is_shared_array_buffer,no_pgcm_function_at_start,,15,78287340
startup,main_thread,other_application_symbol,/root/cc-perf-native-recv-0909/gc-leaf-census-20260911/compile-v2/cc-diagnostic,perry_runtime::object::descriptor_state::get_accessor_descriptor,no_pgcm_function_at_start,,15,78213083
command,main_thread,other_application_symbol,/root/cc-perf-native-recv-0909/gc-leaf-census-20260911/compile-v2/cc-diagnostic,perry_runtime::gc::layout_tables::layout_forget_object,no_pgcm_function_at_start,,15,75602685
startup,main_thread,other_application_symbol,/root/cc-perf-native-recv-0909/gc-leaf-census-20260911/compile-v2/cc-diagnostic,perry_runtime::object::shapes::scan_shape_table_rekey_mut,no_pgcm_function_at_start,,15,74060655
command,main_thread,other_application_symbol,/root/cc-perf-native-recv-0909/gc-leaf-census-20260911/compile-v2/cc-diagnostic,<unicode_segmentation::grapheme::GraphemeCursor>::next_boundary,no_pgcm_function_at_start,,15,73347524
between_phases,main_thread,other_application_symbol,/root/cc-perf-native-recv-0909/gc-leaf-census-20260911/compile-v2/cc-diagnostic,perry_runtime::proxy::lookup,no_pgcm_function_at_start,,14,72959046
startup,main_thread,other_application_symbol,/root/cc-perf-native-recv-0909/gc-leaf-census-20260911/compile-v2/cc-diagnostic,perry_runtime::gc::layout_tables::layout_forget_object,no_pgcm_function_at_start,,18,72629182
command,main_thread,other_application_symbol,/root/cc-perf-native-recv-0909/gc-leaf-census-20260911/compile-v2/cc-diagnostic,perry_runtime::object::descriptor_state::get_accessor_descriptor,no_pgcm_function_at_start,,14,72587662
command,main_thread,other_application_symbol,/root/cc-perf-native-recv-0909/gc-leaf-census-20260911/compile-v2/cc-diagnostic,<perry_runtime::gc::copying_pointer_set::CopyingPointerSet>::classify_arena,no_pgcm_function_at_start,,14,71675821
command,main_thread,runtime_helper_source_bound,/root/cc-perf-native-recv-0909/gc-leaf-census-20260911/compile-v2/cc-diagnostic,js_object_get_field,no_pgcm_function_at_start,,14,69433163
between_phases,main_thread,other_application_symbol,/root/cc-perf-native-recv-0909/gc-leaf-census-20260911/compile-v2/cc-diagnostic,<perry_runtime::gc::oldgen::ArenaSweepObjectsState>::reclaim_dead_object,no_pgcm_function_at_start,,13,69029242
command,main_thread,other_application_symbol,/root/cc-perf-native-recv-0909/gc-leaf-census-20260911/compile-v2/cc-diagnostic,perry_runtime::buffer::header::is_registered_buffer,no_pgcm_function_at_start,,13,68478566
command,main_thread,runtime_helper_source_bound,/root/cc-perf-native-recv-0909/gc-leaf-census-20260911/compile-v2/cc-diagnostic,js_object_get_own_field_or_undef,no_pgcm_function_at_start,,13,68247316
command,main_thread,other_application_symbol,/root/cc-perf-native-recv-0909/gc-leaf-census-20260911/compile-v2/cc-diagnostic,perry_runtime::object::field_get_set::get_field_by_name_tail::get_field_by_name_object_tail,no_pgcm_function_at_start,,13,67793905
between_phases,main_thread,other_application_symbol,/root/cc-perf-native-recv-0909/gc-leaf-census-20260911/compile-v2/cc-diagnostic,perry_runtime::typedarray::load_at,no_pgcm_function_at_start,,13,67741932
between_phases,main_thread,other_application_symbol,/root/cc-perf-native-recv-0909/gc-leaf-census-20260911/compile-v2/cc-diagnostic,perry_runtime::box::box_get_bits_named,no_pgcm_function_at_start,,13,67703764
between_phases,main_thread,other_application_symbol,/root/cc-perf-native-recv-0909/gc-leaf-census-20260911/compile-v2/cc-diagnostic,<perry_runtime::gc::trace::ValidPointerSetBuilder>::step,no_pgcm_function_at_start,,13,66324999
between_phases,main_thread,other_application_symbol,/root/cc-perf-native-recv-0909/gc-leaf-census-20260911/compile-v2/cc-diagnostic,perry_runtime::gc::verify::remember_evacuated_old_to_young_slot,no_pgcm_function_at_start,,12,63624788
command,main_thread,compiled_function_prefix,/root/cc-perf-native-recv-0909/gc-leaf-census-20260911/compile-v2/cc-diagnostic,perry_fn_cli_2_1_112_js__u_N_24_6,exact_start_and_symbol,60:41,12,63173219
startup,main_thread,other_application_symbol,/root/cc-perf-native-recv-0909/gc-leaf-census-20260911/compile-v2/cc-diagnostic,perry_runtime::object::descriptor_state::gc_scan::scan_descriptor_roots_mut,no_pgcm_function_at_start,,13,63048996
command,main_thread,other_application_symbol,/root/cc-perf-native-recv-0909/gc-leaf-census-20260911/compile-v2/cc-diagnostic,perry_runtime::closure::dynamic_props::is_closure_ptr,no_pgcm_function_at_start,,12,62703514
command,main_thread,other_application_symbol,/root/cc-perf-native-recv-0909/gc-leaf-census-20260911/compile-v2/cc-diagnostic,perry_runtime::object::shapes::scan_shape_table_rekey_mut,no_pgcm_function_at_start,,12,62405202
startup,main_thread,other_application_symbol,/root/cc-perf-native-recv-0909/gc-leaf-census-20260911/compile-v2/cc-diagnostic,perry_runtime::object::shapes::shape_slot_lookup_verdict,no_pgcm_function_at_start,,12,62069209
command,main_thread,other_application_symbol,/root/cc-perf-native-recv-0909/gc-leaf-census-20260911/compile-v2/cc-diagnostic,<perry_runtime::gc::copying::CopyingNurseryCollector>::mark_addr,no_pgcm_function_at_start,,12,61595816
startup,main_thread,other_application_symbol,/root/cc-perf-native-recv-0909/gc-leaf-census-20260911/compile-v2/cc-diagnostic,<perry_runtime::gc::layout::HeapChildSlotIterator as core::iter::traits::iterator::Iterator>::next,no_pgcm_function_at_start,,12,61270991
command,main_thread,runtime_helper_source_bound,/root/cc-perf-native-recv-0909/gc-leaf-census-20260911/compile-v2/cc-diagnostic,js_native_call_value,no_pgcm_function_at_start,,11,56863410
startup,main_thread,runtime_helper_source_bound,/root/cc-perf-native-recv-0909/gc-leaf-census-20260911/compile-v2/cc-diagnostic,js_put_value_set,no_pgcm_function_at_start,,11,56506374
command,main_thread,other_application_symbol,/root/cc-perf-native-recv-0909/gc-leaf-census-20260911/compile-v2/cc-diagnostic,perry_runtime::object::class_meta_registry::get_parent_class_id,no_pgcm_function_at_start,,11,53976708
between_phases,main_thread,other_application_symbol,/root/cc-perf-native-recv-0909/gc-leaf-census-20260911/compile-v2/cc-diagnostic,<perry_runtime::gc::layout::HeapChildSlotIterator>::new,no_pgcm_function_at_start,,10,53880324
command,main_thread,other_application_symbol,/root/cc-perf-native-recv-0909/gc-leaf-census-20260911/compile-v2/cc-diagnostic,<perry_runtime::arena::walk::ArenaObjectCursor>::next_budgeted,no_pgcm_function_at_start,,10,52496358
startup,main_thread,other_application_symbol,/root/cc-perf-native-recv-0909/gc-leaf-census-20260911/compile-v2/cc-diagnostic,perry_runtime::gc::layout_slot_visit::visit_gc_layout_slot_descriptors.specialized.1,no_pgcm_function_at_start,,10,51736370
command,main_thread,other_dso,/usr/lib/x86_64-linux-gnu/libc.so.6,__memcmp_evex_movbe,not_application_dso,,10,51735388
startup,main_thread,other_application_symbol,/root/cc-perf-native-recv-0909/gc-leaf-census-20260911/compile-v2/cc-diagnostic,perry_runtime::object::class_registry::parent_static::is_class_object_ptr,no_pgcm_function_at_start,,10,51621206
command,main_thread,other_application_symbol,/root/cc-perf-native-recv-0909/gc-leaf-census-20260911/compile-v2/cc-diagnostic,<perry_runtime::gc::copying::CopyingNurseryCollector>::visit_slot_with_parent,no_pgcm_function_at_start,,10,50528327
startup,main_thread,other_application_symbol,/root/cc-perf-native-recv-0909/gc-leaf-census-20260911/compile-v2/cc-diagnostic,core::str::converts::from_utf8,no_pgcm_function_at_start,,10,48677913
startup,main_thread,other_dso,/usr/lib/x86_64-linux-gnu/libc.so.6,__memcmp_evex_movbe,not_application_dso,,10,48049484
command,main_thread,other_application_symbol,/root/cc-perf-native-recv-0909/gc-leaf-census-20260911/compile-v2/cc-diagnostic,perry_runtime::typedarray::lookup_registered_typed_array_kind,no_pgcm_function_at_start,,9,47494283
command,main_thread,other_application_symbol,/root/cc-perf-native-recv-0909/gc-leaf-census-20260911/compile-v2/cc-diagnostic,<perry_runtime::arena::page_meta::page_class::PageGenerationCacheSet>::insert,no_pgcm_function_at_start,,9,47380820
command,main_thread,other_application_symbol,/root/cc-perf-native-recv-0909/gc-leaf-census-20260911/compile-v2/cc-diagnostic,core::str::converts::from_utf8,no_pgcm_function_at_start,,9,46840315
startup,main_thread,other_application_symbol,/root/cc-perf-native-recv-0909/gc-leaf-census-20260911/compile-v2/cc-diagnostic,perry_runtime::object::reflect_support::obj_value_has_own_key,no_pgcm_function_at_start,,9,46163441
between_phases,main_thread,other_application_symbol,/root/cc-perf-native-recv-0909/gc-leaf-census-20260911/compile-v2/cc-diagnostic,perry_runtime::object::shapes::scan_shape_table_rekey_mut,no_pgcm_function_at_start,,9,45601439
startup,main_thread,other_application_symbol,/root/cc-perf-native-recv-0909/gc-leaf-census-20260911/compile-v2/cc-diagnostic,_mi_page_malloc_zero,no_pgcm_function_at_start,,9,45576220
command,main_thread,other_application_symbol,/root/cc-perf-native-recv-0909/gc-leaf-census-20260911/compile-v2/cc-diagnostic,perry_runtime::object::regex_proto_thunks::regexp_prototype_test_is_canonical,no_pgcm_function_at_start,,10,44925411
startup,main_thread,other_application_symbol,/root/cc-perf-native-recv-0909/gc-leaf-census-20260911/compile-v2/cc-diagnostic,regex_automata::util::determinize::next,no_pgcm_function_at_start,,9,43056027
between_phases,main_thread,other_application_symbol,/root/cc-perf-native-recv-0909/gc-leaf-census-20260911/compile-v2/cc-diagnostic,perry_runtime::gc::layout_tables::prune_dead_per_object_layout_owners,no_pgcm_function_at_start,,8,42436294
startup,main_thread,other_application_symbol,/root/cc-perf-native-recv-0909/gc-leaf-census-20260911/compile-v2/cc-diagnostic,perry_runtime::object::field_get_set::get_field_by_name_tail::get_field_by_name_object_tail,no_pgcm_function_at_start,,8,42370128
command,main_thread,runtime_helper_source_bound,/root/cc-perf-native-recv-0909/gc-leaf-census-20260911/compile-v2/cc-diagnostic,js_object_get_field_ic,no_pgcm_function_at_start,,8,42335765
command,main_thread,other_application_symbol,/root/cc-perf-native-recv-0909/gc-leaf-census-20260911/compile-v2/cc-diagnostic,perry_runtime::object::shapes::shape_descriptor_by_id,no_pgcm_function_at_start,,8,42117674
command,main_thread,other_application_symbol,/root/cc-perf-native-recv-0909/gc-leaf-census-20260911/compile-v2/cc-diagnostic,<perry_runtime::string::OwnedStringBytes>::copy_of_key,no_pgcm_function_at_start,,8,41957512
command,main_thread,other_application_symbol,/root/cc-perf-native-recv-0909/gc-leaf-census-20260911/compile-v2/cc-diagnostic,perry_runtime::object::class_registry::prototype_objects::class_prototype_object,no_pgcm_function_at_start,,8,41944075
between_phases,main_thread,other_application_symbol,/root/cc-perf-native-recv-0909/gc-leaf-census-20260911/compile-v2/cc-diagnostic,mi_free,no_pgcm_function_at_start,,8,41931352
command,main_thread,other_application_symbol,/root/cc-perf-native-recv-0909/gc-leaf-census-20260911/compile-v2/cc-diagnostic,perry_runtime::gc::dead_owner::owner_is_dead_copied_minor_from_space,no_pgcm_function_at_start,,8,41744947
between_phases,main_thread,other_application_symbol,/root/cc-perf-native-recv-0909/gc-leaf-census-20260911/compile-v2/cc-diagnostic,perry_runtime::symbol::is_registered_symbol_slow,no_pgcm_function_at_start,,8,41680865
startup,main_thread,other_application_symbol,/root/cc-perf-native-recv-0909/gc-leaf-census-20260911/compile-v2/cc-diagnostic,perry_runtime::value::addr_class::try_read_tracked_gc_header,no_pgcm_function_at_start,,8,41272785
startup,main_thread,other_application_symbol,/root/cc-perf-native-recv-0909/gc-leaf-census-20260911/compile-v2/cc-diagnostic,perry_runtime::buffer::header::is_registered_buffer,no_pgcm_function_at_start,,8,41175563
startup,main_thread,other_application_symbol,/root/cc-perf-native-recv-0909/gc-leaf-census-20260911/compile-v2/cc-diagnostic,perry_runtime::gc::layout::layout_transfer,no_pgcm_function_at_start,,8,40524032
startup,main_thread,other_application_symbol,/root/cc-perf-native-recv-0909/gc-leaf-census-20260911/compile-v2/cc-diagnostic,perry_runtime::arena::allocators::arena_alloc_gc_old,no_pgcm_function_at_start,,8,40507742
command,main_thread,runtime_helper_source_bound,/root/cc-perf-native-recv-0909/gc-leaf-census-20260911/compile-v2/cc-diagnostic,js_segments_project_next,no_pgcm_function_at_start,,8,37831324
between_phases,main_thread,other_application_symbol,/root/cc-perf-native-recv-0909/gc-leaf-census-20260911/compile-v2/cc-diagnostic,perry_runtime::gc::types::gc_type_clear_dead_payload_side_tables,no_pgcm_function_at_start,,7,37471463
between_phases,main_thread,other_application_symbol,/root/cc-perf-native-recv-0909/gc-leaf-census-20260911/compile-v2/cc-diagnostic,<perry_runtime::object::shapes::ShapeTableInner>::facts_remove,no_pgcm_function_at_start,,7,37263798
startup,main_thread,other_application_symbol,/root/cc-perf-native-recv-0909/gc-leaf-census-20260911/compile-v2/cc-diagnostic,<perry_runtime::string::OwnedStringBytes>::copy_of_key,no_pgcm_function_at_start,,7,37153037
between_phases,main_thread,other_application_symbol,/root/cc-perf-native-recv-0909/gc-leaf-census-20260911/compile-v2/cc-diagnostic,perry_runtime::gc::barrier::remembered_child_needs_tracking,no_pgcm_function_at_start,,7,37038909
between_phases,main_thread,other_application_symbol,/root/cc-perf-native-recv-0909/gc-leaf-census-20260911/compile-v2/cc-diagnostic,perry_runtime::gc::layout_slot_visit::visit_gc_rewrite_slots::<perry_runtime::gc::verify::restore_surviving_dirty_coverage::{closure#0}::{closure#0}>::{closure#0},no_pgcm_function_at_start,,7,37019886
startup,main_thread,runtime_helper_source_bound,/root/cc-perf-native-recv-0909/gc-leaf-census-20260911/compile-v2/cc-diagnostic,js_is_symbol,no_pgcm_function_at_start,,7,36984981
between_phases,main_thread,other_application_symbol,/root/cc-perf-native-recv-0909/gc-leaf-census-20260911/compile-v2/cc-diagnostic,perry_runtime::gc::dead_owner::prune_dead_owner_side_tables_post_trace,no_pgcm_function_at_start,,7,36895516
command,main_thread,compiled_function_prefix,/root/cc-perf-native-recv-0909/gc-leaf-census-20260911/compile-v2/cc-diagnostic,perry_fn_cli_2_1_112_js__zF6,exact_start_and_symbol,70:282,7,36646748
between_phases,main_thread,other_application_symbol,/root/cc-perf-native-recv-0909/gc-leaf-census-20260911/compile-v2/cc-diagnostic,perry_runtime::buffer::exotic_view::is_non_indexed_buffer_view,no_pgcm_function_at_start,,7,36502470
between_phases,main_thread,runtime_helper_source_bound,/root/cc-perf-native-recv-0909/gc-leaf-census-20260911/compile-v2/cc-diagnostic,js_to_numeric,no_pgcm_function_at_start,,7,36328984
command,main_thread,other_application_symbol,/root/cc-perf-native-recv-0909/gc-leaf-census-20260911/compile-v2/cc-diagnostic,perry_runtime::object::object_ops::extract_obj_ptr,no_pgcm_function_at_start,,7,36300972
startup,main_thread,other_application_symbol,/root/cc-perf-native-recv-0909/gc-leaf-census-20260911/compile-v2/cc-diagnostic,mi_theap_malloc_aligned,no_pgcm_function_at_start,,7,35916734
command,main_thread,other_application_symbol,/root/cc-perf-native-recv-0909/gc-leaf-census-20260911/compile-v2/cc-diagnostic,perry_runtime::gc::layout::layout_transfer,no_pgcm_function_at_start,,7,35867146
startup,main_thread,other_application_symbol,/root/cc-perf-native-recv-0909/gc-leaf-census-20260911/compile-v2/cc-diagnostic,<perry_runtime::object::shapes::ShapeTableInner>::facts_remove,no_pgcm_function_at_start,,7,35566899
command,main_thread,other_application_symbol,/root/cc-perf-native-recv-0909/gc-leaf-census-20260911/compile-v2/cc-diagnostic,perry_runtime::regex::regex_header_clear_dead_for_gc,no_pgcm_function_at_start,,7,35179090
startup,main_thread,other_application_symbol,/root/cc-perf-native-recv-0909/gc-leaf-census-20260911/compile-v2/cc-diagnostic,perry_runtime::gc::layout_slot_visit::visit_gc_rewrite_slots::<<perry_runtime::gc::copying::CopyingNurseryCollector>::scan_object_fields::{closure#0}>::{closure#0},no_pgcm_function_at_start,,7,35099654
startup,main_thread,other_application_symbol,/root/cc-perf-native-recv-0909/gc-leaf-census-20260911/compile-v2/cc-diagnostic,perry_runtime::gc::layout_slot_visit::visit_gc_layout_slot_descriptors.specialized.10,no_pgcm_function_at_start,,7,35018254
between_phases,foreign_pid,other_dso,/usr/bin/node,v8::internal::ParserBase<v8::internal::Parser>::DoParseMemberExpressionContinuation(v8::internal::Expression*),not_application_dso,,1,32443523
between_phases,main_thread,other_application_symbol,/root/cc-perf-native-recv-0909/gc-leaf-census-20260911/compile-v2/cc-diagnostic,perry_runtime::value::addr_class::try_read_tracked_gc_header,no_pgcm_function_at_start,,6,32016487
between_phases,main_thread,other_application_symbol,/root/cc-perf-native-recv-0909/gc-leaf-census-20260911/compile-v2/cc-diagnostic,perry_runtime::gc::trace::trace_heap_rewrite_slots::{closure#0},no_pgcm_function_at_start,,6,31973478
command,main_thread,other_application_symbol,/root/cc-perf-native-recv-0909/gc-leaf-census-20260911/compile-v2/cc-diagnostic,perry_runtime::typed_feedback::normalize_raw_object_addr,no_pgcm_function_at_start,,6,31789455
command,main_thread,other_application_symbol,/root/cc-perf-native-recv-0909/gc-leaf-census-20260911/compile-v2/cc-diagnostic,<std::hash::random::RandomState as core::hash::BuildHasher>::hash_one::<&usize>,no_pgcm_function_at_start,,6,31757668
command,main_thread,other_application_symbol,/root/cc-perf-native-recv-0909/gc-leaf-census-20260911/compile-v2/cc-diagnostic,perry_runtime::object::prototype_chain::object_static_prototype,no_pgcm_function_at_start,,6,31649408
startup,main_thread,other_application_symbol,/root/cc-perf-native-recv-0909/gc-leaf-census-20260911/compile-v2/cc-diagnostic,<perry_runtime::object::shapes::shapes_slot_list::SlotIndex>::insert,no_pgcm_function_at_start,,6,31621730
startup,main_thread,runtime_helper_source_bound,/root/cc-perf-native-recv-0909/gc-leaf-census-20260911/compile-v2/cc-diagnostic,js_string_coerce,no_pgcm_function_at_start,,6,31602742
command,main_thread,other_application_symbol,/root/cc-perf-native-recv-0909/gc-leaf-census-20260911/compile-v2/cc-diagnostic,mi_free,no_pgcm_function_at_start,,6,31555762
command,main_thread,other_application_symbol,/root/cc-perf-native-recv-0909/gc-leaf-census-20260911/compile-v2/cc-diagnostic,perry_runtime::string::compare::js_string_key_matches,no_pgcm_function_at_start,,6,31528557
between_phases,main_thread,other_application_symbol,/root/cc-perf-native-recv-0909/gc-leaf-census-20260911/compile-v2/cc-diagnostic,perry_runtime::closure::dynamic_props::merge_closure_prop_map,no_pgcm_function_at_start,,6,31453160
startup,main_thread,other_application_symbol,/root/cc-perf-native-recv-0909/gc-leaf-census-20260911/compile-v2/cc-diagnostic,perry_runtime::closure::dynamic_props::closure_get_dynamic_prop,no_pgcm_function_at_start,,6,31423766
command,main_thread,other_application_symbol,/root/cc-perf-native-recv-0909/gc-leaf-census-20260911/compile-v2/cc-diagnostic,perry_runtime::box::is_registered_box_ptr,no_pgcm_function_at_start,,6,31330964
command,main_thread,other_application_symbol,/root/cc-perf-native-recv-0909/gc-leaf-census-20260911/compile-v2/cc-diagnostic,perry_runtime::object::shapes::shape_descriptor_ensure_with_holes,no_pgcm_function_at_start,,6,31311807
startup,main_thread,other_application_symbol,/root/cc-perf-native-recv-0909/gc-leaf-census-20260911/compile-v2/cc-diagnostic,perry_runtime::gc::barrier::remembered_child_needs_tracking,no_pgcm_function_at_start,,6,31311223
startup,main_thread,other_application_symbol,/root/cc-perf-native-recv-0909/gc-leaf-census-20260911/compile-v2/cc-diagnostic,perry_runtime::gc::layout::layout_note_slot,no_pgcm_function_at_start,,6,31144844
between_phases,main_thread,runtime_helper_source_bound,/root/cc-perf-native-recv-0909/gc-leaf-census-20260911/compile-v2/cc-diagnostic,js_box_get_bits,no_pgcm_function_at_start,,6,31121268
command,main_thread,runtime_helper_source_bound,/root/cc-perf-native-recv-0909/gc-leaf-census-20260911/compile-v2/cc-diagnostic,js_number_coerce,no_pgcm_function_at_start,,6,30977694
command,main_thread,other_application_symbol,/root/cc-perf-native-recv-0909/gc-leaf-census-20260911/compile-v2/cc-diagnostic,perry_runtime::gc::copying::run_copied_minor_attempt,no_pgcm_function_at_start,,6,30954584
startup,main_thread,other_application_symbol,/root/cc-perf-native-recv-0909/gc-leaf-census-20260911/compile-v2/cc-diagnostic,<perry_runtime::gc::layout::slot_mask::LayoutSlotMask>::set_slot,no_pgcm_function_at_start,,6,30738895
startup,main_thread,other_application_symbol,/root/cc-perf-native-recv-0909/gc-leaf-census-20260911/compile-v2/cc-diagnostic,"<hashbrown::map::HashMap<usize, alloc::vec::Vec<(u32, usize)>, perry_runtime::fast_hash::PtrHasher>>::insert",no_pgcm_function_at_start,,6,30504779
command,main_thread,other_application_symbol,/root/cc-perf-native-recv-0909/gc-leaf-census-20260911/compile-v2/cc-diagnostic,perry_runtime::regex::lookup_fancy_regex,no_pgcm_function_at_start,,6,29904376
startup,main_thread,other_application_symbol,/root/cc-perf-native-recv-0909/gc-leaf-census-20260911/compile-v2/cc-diagnostic,perry_runtime::gc::copying::run_copied_minor_attempt,no_pgcm_function_at_start,,6,29872024
startup,main_thread,other_application_symbol,/root/cc-perf-native-recv-0909/gc-leaf-census-20260911/compile-v2/cc-diagnostic,perry_runtime::closure::dynamic_props::is_closure_ptr,no_pgcm_function_at_start,,6,29756419
startup,main_thread,other_application_symbol,/root/cc-perf-native-recv-0909/gc-leaf-census-20260911/compile-v2/cc-diagnostic,perry_runtime::gc::types::gc_type_after_payload_move,no_pgcm_function_at_start,,6,29389569
startup,main_thread,other_application_symbol,/root/cc-perf-native-recv-0909/gc-leaf-census-20260911/compile-v2/cc-diagnostic,perry_runtime::closure::dynamic_props::scan_closure_owner,no_pgcm_function_at_start,,6,29186199
startup,main_thread,other_application_symbol,/root/cc-perf-native-recv-0909/gc-leaf-census-20260911/compile-v2/cc-diagnostic,"core::slice::sort::unstable::quicksort::quicksort::<usize, <usize as core::cmp::PartialOrd>::lt>",no_pgcm_function_at_start,,6,28505423
startup,main_thread,other_application_symbol,/root/cc-perf-native-recv-0909/gc-leaf-census-20260911/compile-v2/cc-diagnostic,perry_runtime::object::shapes::shape_descriptor_ensure_with_holes,no_pgcm_function_at_start,,5,26942709
startup,main_thread,other_application_symbol,/root/cc-perf-native-recv-0909/gc-leaf-census-20260911/compile-v2/cc-diagnostic,perry_runtime::object::shapes::publish_object_shape_from,no_pgcm_function_at_start,,5,26657728
startup,main_thread,other_application_symbol,/root/cc-perf-native-recv-0909/gc-leaf-census-20260911/compile-v2/cc-diagnostic,perry_runtime::object::keys_lookup::keys_array_dense_slots,no_pgcm_function_at_start,,5,26636132
command,main_thread,other_application_symbol,/root/cc-perf-native-recv-0909/gc-leaf-census-20260911/compile-v2/cc-diagnostic,"core::ptr::drop_glue::<perry_runtime::gc::roots::GcRootRegistryGuard<core::option::Option<std::collections::hash::map::HashMap<alloc::string::String, alloc::vec::Vec<perry_runtime::ui_text_registry::ForEachBinding>>>>>",no_pgcm_function_at_start,,6,26602410
command,main_thread,other_application_symbol,/root/cc-perf-native-recv-0909/gc-leaf-census-20260911/compile-v2/cc-diagnostic,<perry_runtime::gc::layout::HeapChildSlotIterator as core::iter::traits::iterator::Iterator>::next,no_pgcm_function_at_start,,5,26583438
startup,main_thread,other_application_symbol,/root/cc-perf-native-recv-0909/gc-leaf-census-20260911/compile-v2/cc-diagnostic,perry_runtime::object::descriptor_state::get_property_attrs,no_pgcm_function_at_start,,5,26434185
command,main_thread,runtime_helper_source_bound,/root/cc-perf-native-recv-0909/gc-leaf-census-20260911/compile-v2/cc-diagnostic,js_put_value_set,no_pgcm_function_at_start,,5,26399954
command,main_thread,runtime_helper_source_bound,/root/cc-perf-native-recv-0909/gc-leaf-census-20260911/compile-v2/cc-diagnostic,js_is_symbol,no_pgcm_function_at_start,,5,26350260
between_phases,main_thread,other_application_symbol,/root/cc-perf-native-recv-0909/gc-leaf-census-20260911/compile-v2/cc-diagnostic,<std::hash::random::RandomState as core::hash::BuildHasher>::hash_one::<&usize>,no_pgcm_function_at_start,,5,26343295
command,main_thread,runtime_helper_source_bound,/root/cc-perf-native-recv-0909/gc-leaf-census-20260911/compile-v2/cc-diagnostic,js_closure_call0,no_pgcm_function_at_start,,5,26330592
command,main_thread,other_application_symbol,/root/cc-perf-native-recv-0909/gc-leaf-census-20260911/compile-v2/cc-diagnostic,perry_runtime::symbol::is_immortal_symbol_pointer,no_pgcm_function_at_start,,5,26304237
command,main_thread,other_application_symbol,/root/cc-perf-native-recv-0909/gc-leaf-census-20260911/compile-v2/cc-diagnostic,perry_runtime::set::is_registered_set,no_pgcm_function_at_start,,5,26282087
startup,main_thread,other_application_symbol,/root/cc-perf-native-recv-0909/gc-leaf-census-20260911/compile-v2/cc-diagnostic,perry_runtime::object::field_set_by_name::tail::set_field_by_name_object_tail,no_pgcm_function_at_start,,6,26277387
command,main_thread,runtime_helper_source_bound,/root/cc-perf-native-recv-0909/gc-leaf-census-20260911/compile-v2/cc-diagnostic,js_object_set_field,no_pgcm_function_at_start,,5,26272787
startup,main_thread,other_application_symbol,/root/cc-perf-native-recv-0909/gc-leaf-census-20260911/compile-v2/cc-diagnostic,<perry_runtime::object::shapes::shapes_store::ShapeSlab>::insert,no_pgcm_function_at_start,,5,26260462
command,main_thread,other_application_symbol,/root/cc-perf-native-recv-0909/gc-leaf-census-20260911/compile-v2/cc-diagnostic,perry_runtime::arena::page_meta::classify_heap_space_in_range_uncached,no_pgcm_function_at_start,,5,26250146
command,main_thread,compiled_function_prefix,/root/cc-perf-native-recv-0909/gc-leaf-census-20260911/compile-v2/cc-diagnostic,perry_fn_cli_2_1_112_js__GW7,exact_start_and_symbol,8:0,5,26184378
command,main_thread,unknown_symbol,[unknown],[unknown],not_application_dso,,8,26140076
between_phases,main_thread,other_application_symbol,/root/cc-perf-native-recv-0909/gc-leaf-census-20260911/compile-v2/cc-diagnostic,perry_runtime::gc::malloc::gc_malloc_header_is_tracked,no_pgcm_function_at_start,,5,26080009
startup,main_thread,runtime_helper_source_bound,/root/cc-perf-native-recv-0909/gc-leaf-census-20260911/compile-v2/cc-diagnostic,js_native_call_method,no_pgcm_function_at_start,,5,25990941
startup,main_thread,runtime_helper_source_bound,/root/cc-perf-native-recv-0909/gc-leaf-census-20260911/compile-v2/cc-diagnostic,js_object_get_field,no_pgcm_function_at_start,,5,25877510
startup,main_thread,other_application_symbol,/root/cc-perf-native-recv-0909/gc-leaf-census-20260911/compile-v2/cc-diagnostic,perry_runtime::proxy::own_set_descriptor,no_pgcm_function_at_start,,5,25877127
between_phases,main_thread,other_application_symbol,/root/cc-perf-native-recv-0909/gc-leaf-census-20260911/compile-v2/cc-diagnostic,perry_runtime::gc::trace::try_mark_value,no_pgcm_function_at_start,,5,25785529
command,main_thread,runtime_helper_source_bound,/root/cc-perf-native-recv-0909/gc-leaf-census-20260911/compile-v2/cc-diagnostic,js_segments_project_segment,no_pgcm_function_at_start,,5,25707901
between_phases,main_thread,other_application_symbol,/root/cc-perf-native-recv-0909/gc-leaf-census-20260911/compile-v2/cc-diagnostic,perry_runtime::gc::layout_tables::layout_forget_object,no_pgcm_function_at_start,,5,25426541
startup,main_thread,other_application_symbol,/root/cc-perf-native-recv-0909/gc-leaf-census-20260911/compile-v2/cc-diagnostic,"<hashbrown::map::HashMap<usize, perry_runtime::object::shapes::ShapeIndex, perry_runtime::fast_hash::PtrHasher>>::insert",no_pgcm_function_at_start,,5,25385187
command,main_thread,other_application_symbol,/root/cc-perf-native-recv-0909/gc-leaf-census-20260911/compile-v2/cc-diagnostic,perry_runtime::object::spill::overflow_get,no_pgcm_function_at_start,,5,25321476
startup,main_thread,other_application_symbol,/root/cc-perf-native-recv-0909/gc-leaf-census-20260911/compile-v2/cc-diagnostic,perry_runtime::gc::layout_tables::layout_addr_filter_add,no_pgcm_function_at_start,,5,25235266
command,main_thread,other_application_symbol,/root/cc-perf-native-recv-0909/gc-leaf-census-20260911/compile-v2/cc-diagnostic,<perry_runtime::regex::site_key::WeakPrograms>::upgrade,no_pgcm_function_at_start,,5,25165670
startup,main_thread,other_application_symbol,/root/cc-perf-native-recv-0909/gc-leaf-census-20260911/compile-v2/cc-diagnostic,mi_free,no_pgcm_function_at_start,,5,25023865
startup,main_thread,runtime_helper_source_bound,/root/cc-perf-native-recv-0909/gc-leaf-census-20260911/compile-v2/cc-diagnostic,js_object_get_field_ic_miss,no_pgcm_function_at_start,,3,24934245
startup,main_thread,other_application_symbol,/root/cc-perf-native-recv-0909/gc-leaf-census-20260911/compile-v2/cc-diagnostic,perry_runtime::object::shapes::move_shape_family,no_pgcm_function_at_start,,5,24276486
command,main_thread,other_application_symbol,/root/cc-perf-native-recv-0909/gc-leaf-census-20260911/compile-v2/cc-diagnostic,"<hashbrown::raw::RawTable<(usize, perry_runtime::object::shapes::ShapeIndex)>>::reserve_rehash::<hashbrown::map::make_hasher<usize, perry_runtime::object::shapes::ShapeIndex, perry_runtime::fast_hash::PtrHasher>::{closure#0}>",no_pgcm_function_at_start,,16,24239459
startup,main_thread,other_application_symbol,/root/cc-perf-native-recv-0909/gc-leaf-census-20260911/compile-v2/cc-diagnostic,perry_runtime::closure::dynamic_props::merge_closure_prop_map,no_pgcm_function_at_start,,5,23345633
command,main_thread,other_application_symbol,/root/cc-perf-native-recv-0909/gc-leaf-census-20260911/compile-v2/cc-diagnostic,perry_runtime::object::class_registry::parent_static::is_class_object_ptr,no_pgcm_function_at_start,,5,23292356
startup,main_thread,runtime_helper_source_bound,/root/cc-perf-native-recv-0909/gc-leaf-census-20260911/compile-v2/cc-diagnostic,js_object_get_field_ic,no_pgcm_function_at_start,,4,21928730
between_phases,main_thread,other_application_symbol,/root/cc-perf-native-recv-0909/gc-leaf-census-20260911/compile-v2/cc-diagnostic,perry_runtime::object::shapes::remove_descriptor_indexed_under,no_pgcm_function_at_start,,4,21449899
between_phases,main_thread,other_application_symbol,/root/cc-perf-native-recv-0909/gc-leaf-census-20260911/compile-v2/cc-diagnostic,perry_runtime::gc::verify::remember_retained_old_to_young_slots,no_pgcm_function_at_start,,4,21421628
startup,main_thread,runtime_export_prefix_only,/root/cc-perf-native-recv-0909/gc-leaf-census-20260911/compile-v2/cc-diagnostic,js_put_value_set_dyn_ic_miss,no_pgcm_function_at_start,,4,21386671
command,main_thread,other_application_symbol,/root/cc-perf-native-recv-0909/gc-leaf-census-20260911/compile-v2/cc-diagnostic,perry_runtime::gc::trace::classifier_valid_object_start,no_pgcm_function_at_start,,4,21362318
command,main_thread,other_application_symbol,/root/cc-perf-native-recv-0909/gc-leaf-census-20260911/compile-v2/cc-diagnostic,perry_runtime::gc::layout_slot_visit::visit_gc_rewrite_slots::<perry_runtime::gc::verify::restore_surviving_dirty_coverage::{closure#0}::{closure#0}>::{closure#0},no_pgcm_function_at_start,,4,21331518
command,main_thread,other_application_symbol,/root/cc-perf-native-recv-0909/gc-leaf-census-20260911/compile-v2/cc-diagnostic,<perry_runtime::object::shapes::shapes_store::ShapeSlab>::insert,no_pgcm_function_at_start,,4,21216191
command,main_thread,other_application_symbol,/root/cc-perf-native-recv-0909/gc-leaf-census-20260911/compile-v2/cc-diagnostic,<core::hash::sip::Hasher<core::hash::sip::Sip13Rounds> as core::hash::Hasher>::write,no_pgcm_function_at_start,,4,21212606
command,main_thread,other_application_symbol,/root/cc-perf-native-recv-0909/gc-leaf-census-20260911/compile-v2/cc-diagnostic,perry_runtime::box::scan_box_roots_mut,no_pgcm_function_at_start,,4,21194963
startup,main_thread,runtime_helper_source_bound,/root/cc-perf-native-recv-0909/gc-leaf-census-20260911/compile-v2/cc-diagnostic,js_array_alloc,no_pgcm_function_at_start,,5,21187554
command,main_thread,other_application_symbol,/root/cc-perf-native-recv-0909/gc-leaf-census-20260911/compile-v2/cc-diagnostic,perry_runtime::gc::barrier_store::barrier_child_prologue,no_pgcm_function_at_start,,4,21134106
command,main_thread,other_application_symbol,/root/cc-perf-native-recv-0909/gc-leaf-census-20260911/compile-v2/cc-diagnostic,<perry_runtime::gc::roots::RuntimeRootVisitor>::visit_nanbox_u64_raw_slot,no_pgcm_function_at_start,,4,21133262
command,main_thread,other_application_symbol,/root/cc-perf-native-recv-0909/gc-leaf-census-20260911/compile-v2/cc-diagnostic,<std::hash::random::RandomState as core::hash::BuildHasher>::hash_one::<&char>,no_pgcm_function_at_start,,4,21132927
command,main_thread,other_application_symbol,/root/cc-perf-native-recv-0909/gc-leaf-census-20260911/compile-v2/cc-diagnostic,perry_runtime::object::shapes::shape_slot_lookup_verdict,no_pgcm_function_at_start,,4,21120030
command,main_thread,other_application_symbol,/root/cc-perf-native-recv-0909/gc-leaf-census-20260911/compile-v2/cc-diagnostic,perry_runtime::array::iter_object::dispatch_array_iterator_method_inner,no_pgcm_function_at_start,,4,21090356
startup,main_thread,other_application_symbol,/root/cc-perf-native-recv-0909/gc-leaf-census-20260911/compile-v2/cc-diagnostic,<regex_automata::meta::strategy::ReverseSuffix as regex_automata::meta::strategy::Strategy>::search_half,no_pgcm_function_at_start,,4,21061125
command,main_thread,other_application_symbol,/root/cc-perf-native-recv-0909/gc-leaf-census-20260911/compile-v2/cc-diagnostic,perry_runtime::closure::dynamic_props::closure_get_dynamic_prop,no_pgcm_function_at_start,,4,21050696
between_phases,main_thread,other_application_symbol,/root/cc-perf-native-recv-0909/gc-leaf-census-20260911/compile-v2/cc-diagnostic,<perry_runtime::gc::roots::RuntimeRootVisitor>::visit_nanbox_f64_slot,no_pgcm_function_at_start,,4,21050154
command,main_thread,runtime_helper_source_bound,/root/cc-perf-native-recv-0909/gc-leaf-census-20260911/compile-v2/cc-diagnostic,js_object_get_field_ic_miss,no_pgcm_function_at_start,,4,21042162
command,main_thread,other_application_symbol,/root/cc-perf-native-recv-0909/gc-leaf-census-20260911/compile-v2/cc-diagnostic,<perry_runtime::gc::roots::RuntimeRootVisitor>::visit_nanbox_bits,no_pgcm_function_at_start,,4,21010442
command,main_thread,other_application_symbol,/root/cc-perf-native-recv-0909/gc-leaf-census-20260911/compile-v2/cc-diagnostic,trunc,no_pgcm_function_at_start,,4,20991336
startup,main_thread,other_application_symbol,/root/cc-perf-native-recv-0909/gc-leaf-census-20260911/compile-v2/cc-diagnostic,perry_runtime::gc::dead_owner::owner_is_dead_copied_minor_from_space,no_pgcm_function_at_start,,4,20951688
between_phases,main_thread,other_application_symbol,/root/cc-perf-native-recv-0909/gc-leaf-census-20260911/compile-v2/cc-diagnostic,mi_malloc_aligned,no_pgcm_function_at_start,,4,20883993
between_phases,main_thread,other_application_symbol,/root/cc-perf-native-recv-0909/gc-leaf-census-20260911/compile-v2/cc-diagnostic,perry_runtime::shared_sab::is_shared_sab,no_pgcm_function_at_start,,4,20877738
command,main_thread,other_application_symbol,/root/cc-perf-native-recv-0909/gc-leaf-census-20260911/compile-v2/cc-diagnostic,perry_runtime::object::class_registry::parent_static::lookup_class_method_in_chain,no_pgcm_function_at_start,,4,20873075
between_phases,main_thread,runtime_helper_source_bound,/root/cc-perf-native-recv-0909/gc-leaf-census-20260911/compile-v2/cc-diagnostic,js_dynamic_bitor,no_pgcm_function_at_start,,4,20864779
command,main_thread,other_application_symbol,/root/cc-perf-native-recv-0909/gc-leaf-census-20260911/compile-v2/cc-diagnostic,perry_runtime::arena::page_meta::old_object_page_overlaps,no_pgcm_function_at_start,,4,20786870
command,main_thread,other_application_symbol,/root/cc-perf-native-recv-0909/gc-leaf-census-20260911/compile-v2/cc-diagnostic,perry_runtime::gc::layout_slot_visit::visit_gc_layout_slot_descriptors,no_pgcm_function_at_start,,4,20748939
command,main_thread,compiled_function_prefix,/root/cc-perf-native-recv-0909/gc-leaf-census-20260911/compile-v2/cc-diagnostic,perry_fn_cli_2_1_112_js__YF6,exact_start_and_symbol,9:6,4,20722976
command,main_thread,other_application_symbol,/root/cc-perf-native-recv-0909/gc-leaf-census-20260911/compile-v2/cc-diagnostic,perry_runtime::buffer::header::is_uint8array_buffer_slow,no_pgcm_function_at_start,,4,20688788
between_phases,foreign_pid,other_dso,/usr/lib/x86_64-linux-gnu/libc.so.6,__strlen_evex,not_application_dso,,5,20647094
command,main_thread,other_application_symbol,/root/cc-perf-native-recv-0909/gc-leaf-census-20260911/compile-v2/cc-diagnostic,<perry_runtime::object::shapes::shapes_slot_list::SlotIndex>::insert,no_pgcm_function_at_start,,4,20618279
between_phases,main_thread,other_application_symbol,/root/cc-perf-native-recv-0909/gc-leaf-census-20260911/compile-v2/cc-diagnostic,perry_runtime::object::keys_lookup::keys_find_slot_by_bytes,no_pgcm_function_at_start,,4,20599551
command,main_thread,other_application_symbol,/root/cc-perf-native-recv-0909/gc-leaf-census-20260911/compile-v2/cc-diagnostic,perry_runtime::object::descriptor_state::gc_scan::scan_descriptor_roots_mut,no_pgcm_function_at_start,,4,20597329
startup,main_thread,other_application_symbol,/root/cc-perf-native-recv-0909/gc-leaf-census-20260911/compile-v2/cc-diagnostic,perry_runtime::arena::page_meta::classify_heap_space_in_range_uncached,no_pgcm_function_at_start,,4,20580067
between_phases,main_thread,other_application_symbol,/root/cc-perf-native-recv-0909/gc-leaf-census-20260911/compile-v2/cc-diagnostic,<perry_runtime::gc::roots::RuntimeRootVisitor>::visit_nanbox_bits,no_pgcm_function_at_start,,4,20525028
command,main_thread,other_application_symbol,/root/cc-perf-native-recv-0909/gc-leaf-census-20260911/compile-v2/cc-diagnostic,perry_runtime::object::field_get_set::accessors::default_object_prototype_property_value,no_pgcm_function_at_start,,4,20494292
startup,main_thread,other_application_symbol,/root/cc-perf-native-recv-0909/gc-leaf-census-20260911/compile-v2/cc-diagnostic,perry_runtime::object::shapes::remove_descriptor_indexed_under,no_pgcm_function_at_start,,4,20463628
startup,main_thread,other_application_symbol,/root/cc-perf-native-recv-0909/gc-leaf-census-20260911/compile-v2/cc-diagnostic,perry_runtime::object::shapes::shape_object_kind_by_id,no_pgcm_function_at_start,,4,20434218
startup,main_thread,other_application_symbol,/root/cc-perf-native-recv-0909/gc-leaf-census-20260911/compile-v2/cc-diagnostic,perry_runtime::object::class_registry::class_meta::is_anon_shape_class_id,no_pgcm_function_at_start,,4,20381012
startup,main_thread,other_application_symbol,/root/cc-perf-native-recv-0909/gc-leaf-census-20260911/compile-v2/cc-diagnostic,"<hashbrown::map::HashMap<(usize, alloc::string::String), perry_runtime::object::descriptor_state::PropertyAttrs, perry_runtime::fast_hash::FastKeyHasher>>::insert",no_pgcm_function_at_start,,4,20290354
command,main_thread,other_application_symbol,/root/cc-perf-native-recv-0909/gc-leaf-census-20260911/compile-v2/cc-diagnostic,perry_runtime::gc::layout_slot_visit::visit_gc_rewrite_slots::<<perry_runtime::gc::copying::CopyingNurseryCollector>::scan_object_fields::{closure#0}>::{closure#0},no_pgcm_function_at_start,,4,20229284
startup,main_thread,other_application_symbol,/root/cc-perf-native-recv-0909/gc-leaf-census-20260911/compile-v2/cc-diagnostic,<perry_runtime::gc::copying::CopyingNurseryCollector>::rewrite_raw_addr,no_pgcm_function_at_start,,4,20224453
startup,main_thread,other_application_symbol,/root/cc-perf-native-recv-0909/gc-leaf-census-20260911/compile-v2/cc-diagnostic,perry_runtime::typed_feedback::registry,no_pgcm_function_at_start,,5,20203476
between_phases,main_thread,other_application_symbol,/root/cc-perf-native-recv-0909/gc-leaf-census-20260911/compile-v2/cc-diagnostic,<perry_runtime::gc::roots::RuntimeRootVisitor>::visit_tagged_raw_addr,no_pgcm_function_at_start,,4,20153319
command,main_thread,other_application_symbol,/root/cc-perf-native-recv-0909/gc-leaf-census-20260911/compile-v2/cc-diagnostic,perry_runtime::gc::layout_tables::layout_key_may_be_nursery,no_pgcm_function_at_start,,4,20010852
between_phases,foreign_pid,other_dso,/usr/bin/node,"v8::internal::Map::CopyDropDescriptors(v8::internal::Isolate*, v8::internal::DirectHandle<v8::internal::Map>)",not_application_dso,,1,19872046
startup,main_thread,other_application_symbol,/root/cc-perf-native-recv-0909/gc-leaf-census-20260911/compile-v2/cc-diagnostic,perry_runtime::typedarray_props::typed_array_addr_from_value,no_pgcm_function_at_start,,3,19855422
between_phases,main_thread,other_application_symbol,/root/cc-perf-native-recv-0909/gc-leaf-census-20260911/compile-v2/cc-diagnostic,<perry_runtime::gc::trace::ValidPointerSet>::seal_current_arena_run,no_pgcm_function_at_start,,4,19824900
startup,main_thread,other_application_symbol,/root/cc-perf-native-recv-0909/gc-leaf-census-20260911/compile-v2/cc-diagnostic,"<hashbrown::map::HashMap<usize, perry_runtime::gc::layout::slot_mask::LayoutSlotMask, perry_runtime::fast_hash::PtrHasher>>::get_mut::<usize>",no_pgcm_function_at_start,,4,19575569
startup,main_thread,other_application_symbol,/root/cc-perf-native-recv-0909/gc-leaf-census-20260911/compile-v2/cc-diagnostic,_mi_theap_malloc_zero,no_pgcm_function_at_start,,4,19477676
startup,main_thread,other_application_symbol,/root/cc-perf-native-recv-0909/gc-leaf-census-20260911/compile-v2/cc-diagnostic,perry_runtime::typed_feedback::object_shape,no_pgcm_function_at_start,,4,19051063
startup,main_thread,other_application_symbol,/root/cc-perf-native-recv-0909/gc-leaf-census-20260911/compile-v2/cc-diagnostic,perry_runtime::arena::page_meta::flush_deferred_old_page_registrations_batch,no_pgcm_function_at_start,,4,19019032
startup,main_thread,other_application_symbol,/root/cc-perf-native-recv-0909/gc-leaf-census-20260911/compile-v2/cc-diagnostic,perry_runtime::string::compare::js_string_key_matches,no_pgcm_function_at_start,,4,18980895
startup,main_thread,other_application_symbol,/root/cc-perf-native-recv-0909/gc-leaf-census-20260911/compile-v2/cc-diagnostic,perry_runtime::object::descriptor_state::owner_index_transfer,no_pgcm_function_at_start,,4,18730625
between_phases,foreign_pid,other_dso,/usr/bin/node,v8::internal::Scanner::Next(),not_application_dso,,3,18553984
startup,foreign_pid,other_dso,/usr/bin/node,v8::internal::HashSeed::InitializeRoots(v8::internal::Isolate*),not_application_dso,,1,18465811
between_phases,main_thread,other_application_symbol,/root/cc-perf-native-recv-0909/gc-leaf-census-20260911/compile-v2/cc-diagnostic,perry_runtime::closure::dynamic_props::is_closure_ptr,no_pgcm_function_at_start,,4,18381078
between_phases,main_thread,other_application_symbol,/root/cc-perf-native-recv-0909/gc-leaf-census-20260911/compile-v2/cc-diagnostic,<core::hash::sip::Hasher<core::hash::sip::Sip13Rounds> as core::hash::Hasher>::write,no_pgcm_function_at_start,,4,18372210
startup,main_thread,other_application_symbol,/root/cc-perf-native-recv-0909/gc-leaf-census-20260911/compile-v2/cc-diagnostic,perry_runtime::array::element_shape::clear_element_shape,no_pgcm_function_at_start,,3,18170676
startup,foreign_pid,other_dso,/usr/bin/node,"int v8::internal::Deserializer<v8::internal::Isolate>::ReadSingleBytecodeData<v8::internal::SlotAccessorForHeapObject>(unsigned char, v8::internal::SlotAccessorForHeapObject)",not_application_dso,,2,17962979
startup,main_thread,other_application_symbol,/root/cc-perf-native-recv-0909/gc-leaf-census-20260911/compile-v2/cc-diagnostic,"<perry_runtime::gc::roots::runtime_handles::RuntimeHandle>::across_mut::<perry_runtime::json_tape::LazyArrayHeader, (), perry_runtime::json_tape::reparse_materialize::{closure#1}>",no_pgcm_function_at_start,,2,17884505
startup,main_thread,other_application_symbol,/root/cc-perf-native-recv-0909/gc-leaf-census-20260911/compile-v2/cc-diagnostic,perry_runtime::gc::malloc::gc_malloc_header_is_tracked,no_pgcm_function_at_start,,2,16220308
between_phases,main_thread,other_application_symbol,/root/cc-perf-native-recv-0909/gc-leaf-census-20260911/compile-v2/cc-diagnostic,perry_runtime::object::shapes::shape_descriptor_ensure_with_holes,no_pgcm_function_at_start,,4,16131617
startup,main_thread,other_application_symbol,/root/cc-perf-native-recv-0909/gc-leaf-census-20260911/compile-v2/cc-diagnostic,perry_runtime::array::iter_object::dispatch_array_iterator_method_inner,no_pgcm_function_at_start,,3,16120848
command,main_thread,other_application_symbol,/root/cc-perf-native-recv-0909/gc-leaf-census-20260911/compile-v2/cc-diagnostic,perry_runtime::closure::dynamic_props::clear_closure_side_tables_for_dead_ptr,no_pgcm_function_at_start,,3,16056491
startup,main_thread,other_application_symbol,/root/cc-perf-native-recv-0909/gc-leaf-census-20260911/compile-v2/cc-diagnostic,perry_runtime::object::set_object_keys_array,no_pgcm_function_at_start,,3,16048939
between_phases,main_thread,other_application_symbol,/root/cc-perf-native-recv-0909/gc-leaf-census-20260911/compile-v2/cc-diagnostic,perry_runtime::object::descriptor_state::prune_dead_descriptor_owner_entries,no_pgcm_function_at_start,,3,16047488
startup,main_thread,other_application_symbol,/root/cc-perf-native-recv-0909/gc-leaf-census-20260911/compile-v2/cc-diagnostic,<regex_syntax::hir::ClassUnicodeRange as regex_syntax::hir::interval::Interval>::case_fold_simple,no_pgcm_function_at_start,,3,16028319
command,main_thread,other_application_symbol,/root/cc-perf-native-recv-0909/gc-leaf-census-20260911/compile-v2/cc-diagnostic,perry_runtime::arena::page_meta::old_page_account_swept_object,no_pgcm_function_at_start,,3,16021010
between_phases,main_thread,other_application_symbol,/root/cc-perf-native-recv-0909/gc-leaf-census-20260911/compile-v2/cc-diagnostic,perry_runtime::gc::layout_slot_visit::fixed_slot,no_pgcm_function_at_start,,3,16014145
command,main_thread,other_application_symbol,/root/cc-perf-native-recv-0909/gc-leaf-census-20260911/compile-v2/cc-diagnostic,perry_runtime::regex::regex_header_finalize_for_gc,no_pgcm_function_at_start,,3,16008566
startup,main_thread,other_application_symbol,/root/cc-perf-native-recv-0909/gc-leaf-census-20260911/compile-v2/cc-diagnostic,perry_runtime::object::class_registry::state::class_id_for_decl_prototype_object,no_pgcm_function_at_start,,3,15989660
startup,main_thread,other_application_symbol,/root/cc-perf-native-recv-0909/gc-leaf-census-20260911/compile-v2/cc-diagnostic,perry_runtime::object::keys_lookup::keys_find_slot_by_bytes,no_pgcm_function_at_start,,3,15969561
command,main_thread,other_application_symbol,/root/cc-perf-native-recv-0909/gc-leaf-census-20260911/compile-v2/cc-diagnostic,perry_runtime::gc::barrier::remembered_child_needs_tracking,no_pgcm_function_at_start,,3,15958058
startup,main_thread,other_application_symbol,/root/cc-perf-native-recv-0909/gc-leaf-census-20260911/compile-v2/cc-diagnostic,perry_runtime::symbol::is_immortal_symbol_pointer,no_pgcm_function_at_start,,3,15947822
command,main_thread,other_application_symbol,/root/cc-perf-native-recv-0909/gc-leaf-census-20260911/compile-v2/cc-diagnostic,perry_runtime::gc::layout_slot_visit::visit_gc_layout_slot_descriptors.specialized.1,no_pgcm_function_at_start,,3,15929414
command,main_thread,other_application_symbol,/root/cc-perf-native-recv-0909/gc-leaf-census-20260911/compile-v2/cc-diagnostic,perry_runtime::typed_feedback::object_shape,no_pgcm_function_at_start,,3,15929268
startup,main_thread,other_application_symbol,/root/cc-perf-native-recv-0909/gc-leaf-census-20260911/compile-v2/cc-diagnostic,perry_runtime::gc::layout::layout_rebuild_from_slots_with_policy,no_pgcm_function_at_start,,3,15908522
command,main_thread,runtime_helper_source_bound,/root/cc-perf-native-recv-0909/gc-leaf-census-20260911/compile-v2/cc-diagnostic,js_typed_feedback_class_field_set_guard,no_pgcm_function_at_start,,3,15906563
command,main_thread,other_application_symbol,/root/cc-perf-native-recv-0909/gc-leaf-census-20260911/compile-v2/cc-diagnostic,perry_runtime::arena::allocators::arena_alloc,no_pgcm_function_at_start,,3,15898042
command,main_thread,other_application_symbol,/root/cc-perf-native-recv-0909/gc-leaf-census-20260911/compile-v2/cc-diagnostic,perry_runtime::iter_result::emit_iter_result_cached,no_pgcm_function_at_start,,3,15895865
command,main_thread,other_application_symbol,/root/cc-perf-native-recv-0909/gc-leaf-census-20260911/compile-v2/cc-diagnostic,perry_runtime::object::object_keys_array,no_pgcm_function_at_start,,3,15880837
command,main_thread,other_application_symbol,/root/cc-perf-native-recv-0909/gc-leaf-census-20260911/compile-v2/cc-diagnostic,perry_runtime::object::descriptor_state::may_have_descriptor_entry,no_pgcm_function_at_start,,3,15876316
command,main_thread,other_application_symbol,/root/cc-perf-native-recv-0909/gc-leaf-census-20260911/compile-v2/cc-diagnostic,perry_runtime::gc::layout::typed_shape::init_typed_shape_layout,no_pgcm_function_at_start,,3,15820886
startup,main_thread,other_application_symbol,/root/cc-perf-native-recv-0909/gc-leaf-census-20260911/compile-v2/cc-diagnostic,<std::hash::random::RandomState as core::hash::BuildHasher>::hash_one::<&str>,no_pgcm_function_at_start,,3,15819564
startup,main_thread,other_application_symbol,/root/cc-perf-native-recv-0909/gc-leaf-census-20260911/compile-v2/cc-diagnostic,perry_runtime::gc::layout_slot_visit::visit_gc_rewrite_slots::<perry_runtime::gc::verify::restore_surviving_dirty_coverage::{closure#0}::{closure#0}>::{closure#0},no_pgcm_function_at_start,,3,15800711
command,main_thread,other_application_symbol,/root/cc-perf-native-recv-0909/gc-leaf-census-20260911/compile-v2/cc-diagnostic,perry_runtime::object::native_call_method::handle_methods::dispatch_handle,no_pgcm_function_at_start,,3,15796168
startup,main_thread,other_application_symbol,/root/cc-perf-native-recv-0909/gc-leaf-census-20260911/compile-v2/cc-diagnostic,perry_runtime::object::class_registry::dispatch::call_vtable_method_inner,no_pgcm_function_at_start,,3,15791135
command,main_thread,other_application_symbol,/root/cc-perf-native-recv-0909/gc-leaf-census-20260911/compile-v2/cc-diagnostic,perry_runtime::gc::layout::layout_note_slot,no_pgcm_function_at_start,,3,15788617
between_phases,main_thread,other_application_symbol,/root/cc-perf-native-recv-0909/gc-leaf-census-20260911/compile-v2/cc-diagnostic,perry_runtime::closure::dynamic_props::scan_closure_owner,no_pgcm_function_at_start,,3,15788189
command,main_thread,other_application_symbol,/root/cc-perf-native-recv-0909/gc-leaf-census-20260911/compile-v2/cc-diagnostic,perry_runtime::typed_feedback::registry,no_pgcm_function_at_start,,3,15783529
command,main_thread,other_application_symbol,/root/cc-perf-native-recv-0909/gc-leaf-census-20260911/compile-v2/cc-diagnostic,perry_runtime::object::class_registry::construct::lookup_prototype_method,no_pgcm_function_at_start,,3,15776985
command,main_thread,other_application_symbol,/root/cc-perf-native-recv-0909/gc-leaf-census-20260911/compile-v2/cc-diagnostic,perry_runtime::object::keys_lookup::keys_find_slot_by_bytes,no_pgcm_function_at_start,,3,15743902
startup,main_thread,runtime_helper_source_bound,/root/cc-perf-native-recv-0909/gc-leaf-census-20260911/compile-v2/cc-diagnostic,js_jsvalue_to_string,no_pgcm_function_at_start,,3,15742249
command,main_thread,other_application_symbol,/root/cc-perf-native-recv-0909/gc-leaf-census-20260911/compile-v2/cc-diagnostic,"<&mut perry_runtime::gc::copying::run_copied_minor_attempt::{closure#0} as core::ops::function::FnMut<(perry_runtime::gc::roots::MutableRootSlot,)>>::call_mut",no_pgcm_function_at_start,,3,15728215
command,main_thread,other_application_symbol,/root/cc-perf-native-recv-0909/gc-leaf-census-20260911/compile-v2/cc-diagnostic,perry_runtime::gc::barrier::leaf::decode_raw_pointer_candidate,no_pgcm_function_at_start,,3,15722874
startup,main_thread,other_application_symbol,/root/cc-perf-native-recv-0909/gc-leaf-census-20260911/compile-v2/cc-diagnostic,perry_runtime::async_hooks::is_async_resource_handle,no_pgcm_function_at_start,,3,15690658
between_phases,main_thread,runtime_export_prefix_only,/root/cc-perf-native-recv-0909/gc-leaf-census-20260911/compile-v2/cc-diagnostic,js_put_value_set_dyn_ic_miss,no_pgcm_function_at_start,,3,15676107
command,main_thread,other_application_symbol,/root/cc-perf-native-recv-0909/gc-leaf-census-20260911/compile-v2/cc-diagnostic,perry_runtime::object::field_set_by_name::tail::set_field_by_name_object_tail,no_pgcm_function_at_start,,3,15671317
between_phases,main_thread,other_application_symbol,/root/cc-perf-native-recv-0909/gc-leaf-census-20260911/compile-v2/cc-diagnostic,perry_runtime::typedarray::lookup_typed_array_kind,no_pgcm_function_at_start,,3,15660550
between_phases,main_thread,other_application_symbol,/root/cc-perf-native-recv-0909/gc-leaf-census-20260911/compile-v2/cc-diagnostic,perry_runtime::box::scan_box_roots_mut,no_pgcm_function_at_start,,3,15653701
between_phases,main_thread,runtime_helper_source_bound,/root/cc-perf-native-recv-0909/gc-leaf-census-20260911/compile-v2/cc-diagnostic,js_dynamic_shl,no_pgcm_function_at_start,,3,15634526
command,main_thread,other_application_symbol,/root/cc-perf-native-recv-0909/gc-leaf-census-20260911/compile-v2/cc-diagnostic,<perry_runtime::object::shapes::ShapeTableInner>::facts_remove,no_pgcm_function_at_start,,3,15628547
command,main_thread,runtime_helper_source_bound,/root/cc-perf-native-recv-0909/gc-leaf-census-20260911/compile-v2/cc-diagnostic,js_jsvalue_to_string,no_pgcm_function_at_start,,3,15617214
command,main_thread,other_application_symbol,/root/cc-perf-native-recv-0909/gc-leaf-census-20260911/compile-v2/cc-diagnostic,perry_runtime::object::class_registry::state::class_decl_prototype_object,no_pgcm_function_at_start,,3,15603402
between_phases,main_thread,runtime_helper_source_bound,/root/cc-perf-native-recv-0909/gc-leaf-census-20260911/compile-v2/cc-diagnostic,js_jsvalue_to_string,no_pgcm_function_at_start,,3,15580868
command,main_thread,other_application_symbol,/root/cc-perf-native-recv-0909/gc-leaf-census-20260911/compile-v2/cc-diagnostic,"<hashbrown::map::HashMap<usize, alloc::vec::Vec<(u32, usize)>, perry_runtime::fast_hash::PtrHasher>>::insert",no_pgcm_function_at_start,,3,15580698
command,main_thread,other_application_symbol,/root/cc-perf-native-recv-0909/gc-leaf-census-20260911/compile-v2/cc-diagnostic,perry_runtime::object::shapes::move_shape_family,no_pgcm_function_at_start,,3,15579009
command,main_thread,runtime_helper_source_bound,/root/cc-perf-native-recv-0909/gc-leaf-census-20260911/compile-v2/cc-diagnostic,js_closure_alloc_init,no_pgcm_function_at_start,,3,15519512
command,main_thread,other_application_symbol,/root/cc-perf-native-recv-0909/gc-leaf-census-20260911/compile-v2/cc-diagnostic,perry_runtime::gc::young_log::addr_is_minor_relevant,no_pgcm_function_at_start,,3,15491393
command,main_thread,runtime_helper_source_bound,/root/cc-perf-native-recv-0909/gc-leaf-census-20260911/compile-v2/cc-diagnostic,js_to_primitive,no_pgcm_function_at_start,,3,15477560
command,main_thread,other_application_symbol,/root/cc-perf-native-recv-0909/gc-leaf-census-20260911/compile-v2/cc-diagnostic,<perry_runtime::gc::roots::runtime_handles::RuntimeHandleScope>::root_nanbox_f64_slice,no_pgcm_function_at_start,,3,15456771
command,main_thread,other_application_symbol,/root/cc-perf-native-recv-0909/gc-leaf-census-20260911/compile-v2/cc-diagnostic,perry_runtime::gc::types::gc_type_after_payload_move,no_pgcm_function_at_start,,3,15359627
between_phases,main_thread,other_application_symbol,/root/cc-perf-native-recv-0909/gc-leaf-census-20260911/compile-v2/cc-diagnostic,perry_runtime::gc::young_log::addr_is_minor_relevant,no_pgcm_function_at_start,,3,15344859
command,main_thread,other_application_symbol,/root/cc-perf-native-recv-0909/gc-leaf-census-20260911/compile-v2/cc-diagnostic,perry_runtime::object::shapes::shape_object_kind_by_id,no_pgcm_function_at_start,,3,15295557
startup,main_thread,other_application_symbol,/root/cc-perf-native-recv-0909/gc-leaf-census-20260911/compile-v2/cc-diagnostic,perry_runtime::object::object_ops::extract_obj_ptr,no_pgcm_function_at_start,,3,15289305
command,main_thread,other_application_symbol,/root/cc-perf-native-recv-0909/gc-leaf-census-20260911/compile-v2/cc-diagnostic,perry_runtime::array::element_shape::clear_element_shape,no_pgcm_function_at_start,,3,15216898
startup,main_thread,other_application_symbol,/root/cc-perf-native-recv-0909/gc-leaf-census-20260911/compile-v2/cc-diagnostic,perry_runtime::array::header_gc_slots::store_array_slot_resolved,no_pgcm_function_at_start,,3,15205750
startup,main_thread,other_application_symbol,/root/cc-perf-native-recv-0909/gc-leaf-census-20260911/compile-v2/cc-diagnostic,perry_runtime::map::is_registered_map,no_pgcm_function_at_start,,3,15192519
startup,main_thread,runtime_helper_source_bound,/root/cc-perf-native-recv-0909/gc-leaf-census-20260911/compile-v2/cc-diagnostic,js_array_length,no_pgcm_function_at_start,,3,15168866
startup,main_thread,other_application_symbol,/root/cc-perf-native-recv-0909/gc-leaf-census-20260911/compile-v2/cc-diagnostic,<std::hash::random::RandomState as core::hash::BuildHasher>::hash_one::<&[u8]>,no_pgcm_function_at_start,,3,15165243
between_phases,main_thread,other_application_symbol,/root/cc-perf-native-recv-0909/gc-leaf-census-20260911/compile-v2/cc-diagnostic,_mi_page_free_collect,no_pgcm_function_at_start,,4,15087678
startup,main_thread,runtime_helper_source_bound,/root/cc-perf-native-recv-0909/gc-leaf-census-20260911/compile-v2/cc-diagnostic,js_closure_call2,no_pgcm_function_at_start,,3,15063427
startup,main_thread,other_application_symbol,/root/cc-perf-native-recv-0909/gc-leaf-census-20260911/compile-v2/cc-diagnostic,mi_malloc_aligned,no_pgcm_function_at_start,,3,14999447
startup,main_thread,runtime_helper_source_bound,/root/cc-perf-native-recv-0909/gc-leaf-census-20260911/compile-v2/cc-diagnostic,js_closure_set_box_capture_ptr,no_pgcm_function_at_start,,3,14928449
between_phases,main_thread,runtime_helper_source_bound,/root/cc-perf-native-recv-0909/gc-leaf-census-20260911/compile-v2/cc-diagnostic,js_array_get_f64,no_pgcm_function_at_start,,3,14856124
startup,main_thread,other_application_symbol,/root/cc-perf-native-recv-0909/gc-leaf-census-20260911/compile-v2/cc-diagnostic,<core::hash::sip::Hasher<core::hash::sip::Sip13Rounds> as core::hash::Hasher>::write,no_pgcm_function_at_start,,3,14840484
startup,main_thread,other_application_symbol,/root/cc-perf-native-recv-0909/gc-leaf-census-20260911/compile-v2/cc-diagnostic,<perry_runtime::object::shapes::shapes_store::IdList>::append_unchecked,no_pgcm_function_at_start,,3,14762360
startup,main_thread,other_application_symbol,/root/cc-perf-native-recv-0909/gc-leaf-census-20260911/compile-v2/cc-diagnostic,perry_runtime::regex::grammar::js_regex_to_rust_with_flags,no_pgcm_function_at_start,,3,14672031
startup,main_thread,other_application_symbol,/root/cc-perf-native-recv-0909/gc-leaf-census-20260911/compile-v2/cc-diagnostic,perry_runtime::typedarray::lookup_registered_typed_array_kind,no_pgcm_function_at_start,,3,14630291
startup,main_thread,other_application_symbol,/root/cc-perf-native-recv-0909/gc-leaf-census-20260911/compile-v2/cc-diagnostic,<perry_runtime::gc::roots::RuntimeRootVisitor>::visit_metadata_usize_slot,no_pgcm_function_at_start,,3,14557244
startup,foreign_pid,other_dso,/usr/bin/node,"v8::internal::RegExpBytecodePeepholeOptimization::OptimizeBytecode(v8::internal::Isolate*, v8::internal::Zone*, v8::internal::DirectHandle<v8::internal::String>, v8::internal::RegExpBytecodeWriter*)",not_application_dso,,3,14407423
startup,main_thread,other_application_symbol,/root/cc-perf-native-recv-0909/gc-leaf-census-20260911/compile-v2/cc-diagnostic,"core::ptr::drop_glue::<perry_runtime::gc::roots::GcRootRegistryGuard<core::option::Option<std::collections::hash::map::HashMap<alloc::string::String, alloc::vec::Vec<perry_runtime::ui_text_registry::ForEachBinding>>>>>",no_pgcm_function_at_start,,3,14359232
command,main_thread,other_application_symbol,/root/cc-perf-native-recv-0909/gc-leaf-census-20260911/compile-v2/cc-diagnostic,<core::str::lossy::Utf8Chunks as core::iter::traits::iterator::Iterator>::next,no_pgcm_function_at_start,,3,14294955
between_phases,foreign_pid,other_dso,/usr/lib/x86_64-linux-gnu/libc.so.6,pthread_mutex_lock@@GLIBC_2.2.5,not_application_dso,,6,14017285
startup,main_thread,other_application_symbol,/root/cc-perf-native-recv-0909/gc-leaf-census-20260911/compile-v2/cc-diagnostic,regex_automata::util::determinize::add_nfa_states,no_pgcm_function_at_start,,3,13949331
startup,main_thread,runtime_helper_source_bound,/root/cc-perf-native-recv-0909/gc-leaf-census-20260911/compile-v2/cc-diagnostic,js_string_from_bytes_with_capacity,no_pgcm_function_at_start,,1,13907312
startup,main_thread,other_application_symbol,/root/cc-perf-native-recv-0909/gc-leaf-census-20260911/compile-v2/cc-diagnostic,<regex_automata::nfa::thompson::compiler::Compiler>::c,no_pgcm_function_at_start,,3,13859036
startup,main_thread,other_application_symbol,/root/cc-perf-native-recv-0909/gc-leaf-census-20260911/compile-v2/cc-diagnostic,perry_runtime::object::descriptor_state::owner_index_add,no_pgcm_function_at_start,,3,13721506
between_phases,foreign_pid,other_dso,/usr/bin/node,"v8::internal::Assembler::bind_to(v8::internal::Label*, int)",not_application_dso,,1,13391606
startup,main_thread,other_application_symbol,/root/cc-perf-native-recv-0909/gc-leaf-census-20260911/compile-v2/cc-diagnostic,"<&mut perry_runtime::gc::copying::run_copied_minor_attempt::{closure#0} as core::ops::function::FnMut<(perry_runtime::gc::roots::MutableRootSlot,)>>::call_mut",no_pgcm_function_at_start,,3,13293183
command,main_thread,other_application_symbol,/root/cc-perf-native-recv-0909/gc-leaf-census-20260911/compile-v2/cc-diagnostic,perry_runtime::native_handle::canonical::is_canonical_handle_addr,no_pgcm_function_at_start,,3,12826744
startup,main_thread,other_application_symbol,/root/cc-perf-native-recv-0909/gc-leaf-census-20260911/compile-v2/cc-diagnostic,<std::hash::random::RandomState as core::hash::BuildHasher>::hash_one::<&usize>,no_pgcm_function_at_start,,2,12805903
between_phases,foreign_pid,other_dso,/usr/bin/node,"void v8::internal::String::MakeThin<v8::internal::Isolate>(v8::internal::Isolate*, v8::internal::Tagged<v8::internal::String>)",not_application_dso,,1,12748194
between_phases,main_thread,runtime_helper_source_bound,/root/cc-perf-native-recv-0909/gc-leaf-census-20260911/compile-v2/cc-diagnostic,js_put_value_set,no_pgcm_function_at_start,,3,12449334
between_phases,main_thread,runtime_helper_source_bound,/root/cc-perf-native-recv-0909/gc-leaf-census-20260911/compile-v2/cc-diagnostic,js_closure_call0,no_pgcm_function_at_start,,3,12427675
startup,foreign_pid,other_dso,/usr/bin/node,"v8::internal::Heap::AllocateRawOrFail(int, v8::internal::AllocationType, v8::internal::AllocationOrigin, v8::internal::AllocationAlignment)",not_application_dso,,1,11936950
between_phases,foreign_pid,unknown_symbol,/tmp/perf-3692138.map,[unknown],not_application_dso,,2,11795365
between_phases,main_thread,other_application_symbol,/root/cc-perf-native-recv-0909/gc-leaf-census-20260911/compile-v2/cc-diagnostic,<perry_runtime::gc::verify::OldToYoungRememberedRebuildState>::step,no_pgcm_function_at_start,,2,10787727
between_phases,main_thread,other_application_symbol,/root/cc-perf-native-recv-0909/gc-leaf-census-20260911/compile-v2/cc-diagnostic,perry_runtime::object::descriptor_state::prune_dead_descriptor_owner_entries::{closure#0},no_pgcm_function_at_start,,2,10765129
command,main_thread,other_application_symbol,/root/cc-perf-native-recv-0909/gc-leaf-census-20260911/compile-v2/cc-diagnostic,<perry_runtime::gc::oldgen::ArenaSweepObjectsState>::reclaim_dead_object,no_pgcm_function_at_start,,2,10755368
startup,main_thread,other_application_symbol,/root/cc-perf-native-recv-0909/gc-leaf-census-20260911/compile-v2/cc-diagnostic,perry_runtime::object::alloc::remember_class_keys_array,no_pgcm_function_at_start,,2,10735641
command,main_thread,other_application_symbol,/root/cc-perf-native-recv-0909/gc-leaf-census-20260911/compile-v2/cc-diagnostic,<perry_runtime::gc::oldgen::IncrementalSweepState>::step,no_pgcm_function_at_start,,2,10712334
command,main_thread,other_application_symbol,/root/cc-perf-native-recv-0909/gc-leaf-census-20260911/compile-v2/cc-diagnostic,<perry_runtime::gc::barrier::RememberedSetRootMarkState>::step::{closure#0},no_pgcm_function_at_start,,2,10699482
command,main_thread,other_application_symbol,/root/cc-perf-native-recv-0909/gc-leaf-census-20260911/compile-v2/cc-diagnostic,perry_runtime::object::field_set_by_name::fast_paths::try_existing_own_data_overwrite,no_pgcm_function_at_start,,2,10692046
command,main_thread,other_application_symbol,/root/cc-perf-native-recv-0909/gc-leaf-census-20260911/compile-v2/cc-diagnostic,perry_runtime::gc::layout_slot_visit::visit_gc_rewrite_slot_descriptors::<perry_runtime::gc::layout_slot_visit::visit_gc_rewrite_slots<perry_runtime::gc::verify::restore_surviving_dirty_coverage::{closure#0}::{closure#0}>::{closure#0}>,no_pgcm_function_at_start,,2,10691652
startup,main_thread,other_application_symbol,/root/cc-perf-native-recv-0909/gc-leaf-census-20260911/compile-v2/cc-diagnostic,<std::hash::random::RandomState as core::hash::BuildHasher>::hash_one::<&char>,no_pgcm_function_at_start,,2,10673457
startup,main_thread,other_application_symbol,/root/cc-perf-native-recv-0909/gc-leaf-census-20260911/compile-v2/cc-diagnostic,perry_runtime::string::intern::intern_dispatch_bytes,no_pgcm_function_at_start,,2,10669125
command,main_thread,other_application_symbol,/root/cc-perf-native-recv-0909/gc-leaf-census-20260911/compile-v2/cc-diagnostic,perry_runtime::typed_feedback::guards::class_setter_in_chain,no_pgcm_function_at_start,,2,10662654
command,main_thread,compiled_function_prefix,/root/cc-perf-native-recv-0909/gc-leaf-census-20260911/compile-v2/cc-diagnostic,perry_fn_cli_2_1_112_js__Qh_,exact_start_and_symbol,63:10,2,10661910
startup,main_thread,other_application_symbol,/root/cc-perf-native-recv-0909/gc-leaf-census-20260911/compile-v2/cc-diagnostic,perry_runtime::closure::registry::resolve_strategy_slow,no_pgcm_function_at_start,,2,10657562
command,main_thread,other_application_symbol,/root/cc-perf-native-recv-0909/gc-leaf-census-20260911/compile-v2/cc-diagnostic,perry_runtime::object::class_registry::state::class_id_for_decl_prototype_object,no_pgcm_function_at_start,,2,10649403
between_phases,main_thread,other_application_symbol,/root/cc-perf-native-recv-0909/gc-leaf-census-20260911/compile-v2/cc-diagnostic,"<hashbrown::raw::RawTable<(usize, &fancy_regex::analyze::Info)>>::reserve_rehash::<hashbrown::map::make_hasher<usize, &fancy_regex::analyze::Info, std::hash::random::RandomState>::{closure#0}>",no_pgcm_function_at_start,,2,10639797
startup,main_thread,other_application_symbol,/root/cc-perf-native-recv-0909/gc-leaf-census-20260911/compile-v2/cc-diagnostic,perry_runtime::gc::barrier_store::barrier_child_prologue,no_pgcm_function_at_start,,2,10638046
command,main_thread,other_application_symbol,/root/cc-perf-native-recv-0909/gc-leaf-census-20260911/compile-v2/cc-diagnostic,perry_runtime::value::addr_class::try_read_tracked_gc_header,no_pgcm_function_at_start,,2,10632914
startup,main_thread,compiled_function_prefix,/root/cc-perf-native-recv-0909/gc-leaf-census-20260911/compile-v2/cc-diagnostic,perry_fn_cli_2_1_112_js__Ez4,exact_start_and_symbol,63:39,2,10629635
startup,main_thread,other_application_symbol,/root/cc-perf-native-recv-0909/gc-leaf-census-20260911/compile-v2/cc-diagnostic,_mi_malloc_generic,no_pgcm_function_at_start,,2,10625292
command,main_thread,other_application_symbol,/root/cc-perf-native-recv-0909/gc-leaf-census-20260911/compile-v2/cc-diagnostic,<perry_runtime::object::shapes::shapes_store::IdList>::append_unchecked,no_pgcm_function_at_start,,2,10624549
command,main_thread,other_application_symbol,/root/cc-perf-native-recv-0909/gc-leaf-census-20260911/compile-v2/cc-diagnostic,mi_malloc_aligned,no_pgcm_function_at_start,,2,10619486
command,main_thread,other_application_symbol,/root/cc-perf-native-recv-0909/gc-leaf-census-20260911/compile-v2/cc-diagnostic,_mi_theap_realloc_zero,no_pgcm_function_at_start,,2,10618204
command,main_thread,compiled_function_prefix,/root/cc-perf-native-recv-0909/gc-leaf-census-20260911/compile-v2/cc-diagnostic,perry_fn_cli_2_1_112_js__oN8,exact_start_and_symbol,66:10,2,10615732
command,main_thread,runtime_helper_source_bound,/root/cc-perf-native-recv-0909/gc-leaf-census-20260911/compile-v2/cc-diagnostic,js_dyn_index_get,no_pgcm_function_at_start,,2,10614121
command,main_thread,other_application_symbol,/root/cc-perf-native-recv-0909/gc-leaf-census-20260911/compile-v2/cc-diagnostic,<perry_runtime::gc::copying::CopyingNurseryCollector>::rewrite_raw_addr,no_pgcm_function_at_start,,2,10612411
command,main_thread,other_application_symbol,/root/cc-perf-native-recv-0909/gc-leaf-census-20260911/compile-v2/cc-diagnostic,perry_runtime::map::is_registered_map,no_pgcm_function_at_start,,2,10602085
command,main_thread,other_application_symbol,/root/cc-perf-native-recv-0909/gc-leaf-census-20260911/compile-v2/cc-diagnostic,perry_runtime::string::intern::intern_dispatch_bytes,no_pgcm_function_at_start,,2,10597445
command,main_thread,other_application_symbol,/root/cc-perf-native-recv-0909/gc-leaf-census-20260911/compile-v2/cc-diagnostic,perry_runtime::arena::page_meta::classify_heap_generation_uncached,no_pgcm_function_at_start,,2,10596422
command,main_thread,other_application_symbol,/root/cc-perf-native-recv-0909/gc-leaf-census-20260911/compile-v2/cc-diagnostic,mi_theap_umalloc,no_pgcm_function_at_start,,2,10596037
command,main_thread,other_application_symbol,/root/cc-perf-native-recv-0909/gc-leaf-census-20260911/compile-v2/cc-diagnostic,<perry_runtime::gc::layout::GcMutableSlotDescriptor>::visit_slots,no_pgcm_function_at_start,,2,10595267
between_phases,main_thread,other_application_symbol,/root/cc-perf-native-recv-0909/gc-leaf-census-20260911/compile-v2/cc-diagnostic,perry_runtime::arena::page_meta::classify_heap_generation_uncached,no_pgcm_function_at_start,,2,10593382
command,main_thread,other_application_symbol,/root/cc-perf-native-recv-0909/gc-leaf-census-20260911/compile-v2/cc-diagnostic,<perry_runtime::gc::trace::ValidPointerSetBuilder>::step,no_pgcm_function_at_start,,2,10591201
command,main_thread,compiled_function_prefix,/root/cc-perf-native-recv-0909/gc-leaf-census-20260911/compile-v2/cc-diagnostic,perry_fn_cli_2_1_112_js__US_,exact_start_and_symbol,58:63,2,10590462
command,main_thread,other_application_symbol,/root/cc-perf-native-recv-0909/gc-leaf-census-20260911/compile-v2/cc-diagnostic,perry_runtime::regex::lookup_repeat_matcher,no_pgcm_function_at_start,,2,10589849
command,main_thread,other_application_symbol,/root/cc-perf-native-recv-0909/gc-leaf-census-20260911/compile-v2/cc-diagnostic,<perry_runtime::gc::roots::stack_maps::lazy::RecordWalk>::next,no_pgcm_function_at_start,,2,10588555
command,main_thread,other_application_symbol,/root/cc-perf-native-recv-0909/gc-leaf-census-20260911/compile-v2/cc-diagnostic,perry_runtime::object::shapes::publish_object_shape_from,no_pgcm_function_at_start,,2,10587634
between_phases,main_thread,other_application_symbol,/root/cc-perf-native-recv-0909/gc-leaf-census-20260911/compile-v2/cc-diagnostic,<perry_runtime::arena::page_meta::page_class::PageGenerationCacheSet>::insert,no_pgcm_function_at_start,,2,10587482
command,main_thread,other_application_symbol,/root/cc-perf-native-recv-0909/gc-leaf-census-20260911/compile-v2/cc-diagnostic,perry_runtime::object::class_registry::class_meta::is_anon_shape_class_id,no_pgcm_function_at_start,,2,10583580
between_phases,main_thread,other_application_symbol,/root/cc-perf-native-recv-0909/gc-leaf-census-20260911/compile-v2/cc-diagnostic,perry_runtime::arena::page_meta::old_object_page_overlaps,no_pgcm_function_at_start,,2,10583502
command,main_thread,runtime_helper_source_bound,/root/cc-perf-native-recv-0909/gc-leaf-census-20260911/compile-v2/cc-diagnostic,js_number_is_safe_integer,no_pgcm_function_at_start,,2,10581473
startup,main_thread,other_application_symbol,/root/cc-perf-native-recv-0909/gc-leaf-census-20260911/compile-v2/cc-diagnostic,mi_page_queue_find_free_ex,no_pgcm_function_at_start,,2,10580335
command,main_thread,runtime_helper_source_bound,/root/cc-perf-native-recv-0909/gc-leaf-census-20260911/compile-v2/cc-diagnostic,js_closure_call2,no_pgcm_function_at_start,,2,10576392
command,main_thread,compiled_function_prefix,/root/cc-perf-native-recv-0909/gc-leaf-census-20260911/compile-v2/cc-diagnostic,perry_fn_cli_2_1_112_js__m_A,exact_start_and_symbol,70:0,2,10573993
command,main_thread,other_application_symbol,/root/cc-perf-native-recv-0909/gc-leaf-census-20260911/compile-v2/cc-diagnostic,perry_runtime::object::field_set_by_name::fast_paths::object_set_field_by_name_transition_fast_impl_value,no_pgcm_function_at_start,,2,10571917
command,main_thread,other_application_symbol,/root/cc-perf-native-recv-0909/gc-leaf-census-20260911/compile-v2/cc-diagnostic,_mi_theap_malloc_zero,no_pgcm_function_at_start,,2,10569936
between_phases,main_thread,other_application_symbol,/root/cc-perf-native-recv-0909/gc-leaf-census-20260911/compile-v2/cc-diagnostic,perry_runtime::gc::root_words::mark_mutable_root_bits,no_pgcm_function_at_start,,2,10568103
command,main_thread,runtime_helper_source_bound,/root/cc-perf-native-recv-0909/gc-leaf-census-20260911/compile-v2/cc-diagnostic,js_to_property_key,no_pgcm_function_at_start,,2,10567034
between_phases,main_thread,other_application_symbol,/root/cc-perf-native-recv-0909/gc-leaf-census-20260911/compile-v2/cc-diagnostic,perry_runtime::weakref::is_weak_target_trace_slot,no_pgcm_function_at_start,,2,10565894
between_phases,main_thread,other_application_symbol,/root/cc-perf-native-recv-0909/gc-leaf-census-20260911/compile-v2/cc-diagnostic,<perry_runtime::gc::cycle::GcCycleState>::step,no_pgcm_function_at_start,,2,10564648
command,main_thread,compiled_function_prefix,/root/cc-perf-native-recv-0909/gc-leaf-census-20260911/compile-v2/cc-diagnostic,perry_closure_cli_2_1_112_js__37648,exact_start_and_symbol,94:6,2,10564364
between_phases,main_thread,other_application_symbol,/root/cc-perf-native-recv-0909/gc-leaf-census-20260911/compile-v2/cc-diagnostic,perry_runtime::gc::oldgen::invalidate_dead_old_arena_header,no_pgcm_function_at_start,,2,10564168
command,main_thread,other_application_symbol,/root/cc-perf-native-recv-0909/gc-leaf-census-20260911/compile-v2/cc-diagnostic,perry_runtime::object::alloc::object_alloc_class_inline_keys_impl,no_pgcm_function_at_start,,2,10563728
command,main_thread,other_application_symbol,/root/cc-perf-native-recv-0909/gc-leaf-census-20260911/compile-v2/cc-diagnostic,perry_runtime::object::field_get_set::accessors::prototype_property_value_with_guard,no_pgcm_function_at_start,,2,10541673
command,main_thread,runtime_helper_source_bound,/root/cc-perf-native-recv-0909/gc-leaf-census-20260911/compile-v2/cc-diagnostic,js_array_alloc,no_pgcm_function_at_start,,2,10540270
command,main_thread,other_application_symbol,/root/cc-perf-native-recv-0909/gc-leaf-census-20260911/compile-v2/cc-diagnostic,perry_runtime::gc::dead_owner::prune_dead_owner_side_tables_copied_minor::{closure#0},no_pgcm_function_at_start,,2,10537765
command,main_thread,other_application_symbol,/root/cc-perf-native-recv-0909/gc-leaf-census-20260911/compile-v2/cc-diagnostic,<perry_runtime::gc::roots::RuntimeRootVisitor>::visit_metadata_usize_slot,no_pgcm_function_at_start,,2,10537041
startup,main_thread,other_application_symbol,/root/cc-perf-native-recv-0909/gc-leaf-census-20260911/compile-v2/cc-diagnostic,perry_runtime::object::prototype_helpers::constructor_dynamic_prototype,no_pgcm_function_at_start,,2,10527133
command,main_thread,other_application_symbol,/root/cc-perf-native-recv-0909/gc-leaf-census-20260911/compile-v2/cc-diagnostic,perry_runtime::object::field_get_set::ic_miss::pic_prime_get,no_pgcm_function_at_start,,2,10527009
command,main_thread,other_application_symbol,/root/cc-perf-native-recv-0909/gc-leaf-census-20260911/compile-v2/cc-diagnostic,perry_runtime::arena::page_meta::flush_deferred_old_page_registrations_batch,no_pgcm_function_at_start,,2,10523190
between_phases,main_thread,other_application_symbol,/root/cc-perf-native-recv-0909/gc-leaf-census-20260911/compile-v2/cc-diagnostic,perry_runtime::array::element_shape::forget_element_shape,no_pgcm_function_at_start,,2,10513222
command,main_thread,runtime_helper_source_bound,/root/cc-perf-native-recv-0909/gc-leaf-census-20260911/compile-v2/cc-diagnostic,js_object_set_field_by_name,no_pgcm_function_at_start,,2,10505010
between_phases,foreign_pid,other_dso,/usr/bin/node,Builtins_InterpreterEntryTrampoline,not_application_dso,,2,10504050
command,main_thread,other_application_symbol,/root/cc-perf-native-recv-0909/gc-leaf-census-20260911/compile-v2/cc-diagnostic,perry_runtime::typed_feedback::guards::descriptor_blocks_class_field_set,no_pgcm_function_at_start,,2,10503267
startup,main_thread,other_application_symbol,/root/cc-perf-native-recv-0909/gc-leaf-census-20260911/compile-v2/cc-diagnostic,<perry_runtime::arena::page_meta::page_class::PageGenerationCacheSet>::insert,no_pgcm_function_at_start,,2,10501271
startup,main_thread,other_application_symbol,/root/cc-perf-native-recv-0909/gc-leaf-census-20260911/compile-v2/cc-diagnostic,regex_automata::dfa::search::find_fwd::<&regex_automata::dfa::dense::DFA<alloc::vec::Vec<u32>>>,no_pgcm_function_at_start,,2,10499649
command,main_thread,other_application_symbol,/root/cc-perf-native-recv-0909/gc-leaf-census-20260911/compile-v2/cc-diagnostic,perry_runtime::gc::layout_tables::layout_addr_filter_add,no_pgcm_function_at_start,,2,10495467
command,main_thread,runtime_helper_source_bound,/root/cc-perf-native-recv-0909/gc-leaf-census-20260911/compile-v2/cc-diagnostic,js_box_alloc_bits,no_pgcm_function_at_start,,2,10489761
command,main_thread,other_application_symbol,/root/cc-perf-native-recv-0909/gc-leaf-census-20260911/compile-v2/cc-diagnostic,perry_runtime::gc::verify::remember_evacuated_old_to_young_slot,no_pgcm_function_at_start,,2,10484970
command,main_thread,runtime_export_prefix_only,/root/cc-perf-native-recv-0909/gc-leaf-census-20260911/compile-v2/cc-diagnostic,js_put_value_set_dyn_ic_miss,no_pgcm_function_at_start,,2,10478977
command,main_thread,other_application_symbol,/root/cc-perf-native-recv-0909/gc-leaf-census-20260911/compile-v2/cc-diagnostic,perry_runtime::iter_result::build_iter_result_ordered,no_pgcm_function_at_start,,2,10478028
command,main_thread,runtime_helper_source_bound,/root/cc-perf-native-recv-0909/gc-leaf-census-20260911/compile-v2/cc-diagnostic,js_nanbox_get_pointer,no_pgcm_function_at_start,,2,10475342
command,main_thread,other_application_symbol,/root/cc-perf-native-recv-0909/gc-leaf-census-20260911/compile-v2/cc-diagnostic,"<hashbrown::map::HashMap<(usize, alloc::string::String), perry_runtime::object::descriptor_state::PropertyAttrs, perry_runtime::fast_hash::FastKeyHasher>>::insert",no_pgcm_function_at_start,,2,10471701
command,main_thread,other_application_symbol,/root/cc-perf-native-recv-0909/gc-leaf-census-20260911/compile-v2/cc-diagnostic,perry_runtime::object::reflect_support::obj_value_has_own_key,no_pgcm_function_at_start,,2,10471352
between_phases,main_thread,other_application_symbol,/root/cc-perf-native-recv-0909/gc-leaf-census-20260911/compile-v2/cc-diagnostic,perry_runtime::object::field_set_by_name::fast_paths::object_set_field_by_name_transition_fast_impl_value,no_pgcm_function_at_start,,2,10468720
startup,main_thread,other_application_symbol,/root/cc-perf-native-recv-0909/gc-leaf-census-20260911/compile-v2/cc-diagnostic,perry_runtime::gc::barrier_store::runtime_write_barrier_gc_slot,no_pgcm_function_at_start,,2,10466415
command,main_thread,runtime_helper_source_bound,/root/cc-perf-native-recv-0909/gc-leaf-census-20260911/compile-v2/cc-diagnostic,js_try_end,no_pgcm_function_at_start,,2,10466406
command,main_thread,other_application_symbol,/root/cc-perf-native-recv-0909/gc-leaf-census-20260911/compile-v2/cc-diagnostic,perry_runtime::object::arguments::is_arguments_object,no_pgcm_function_at_start,,2,10458469
command,main_thread,other_application_symbol,/root/cc-perf-native-recv-0909/gc-leaf-census-20260911/compile-v2/cc-diagnostic,mi_theap_malloc_aligned,no_pgcm_function_at_start,,2,10452982
command,main_thread,other_application_symbol,/root/cc-perf-native-recv-0909/gc-leaf-census-20260911/compile-v2/cc-diagnostic,perry_runtime::proxy::own_set_descriptor,no_pgcm_function_at_start,,2,10452209
command,main_thread,other_application_symbol,/root/cc-perf-native-recv-0909/gc-leaf-census-20260911/compile-v2/cc-diagnostic,perry_runtime::arena::page_meta::old_page_account_dirty_slots,no_pgcm_function_at_start,,2,10442101
command,main_thread,other_application_symbol,/root/cc-perf-native-recv-0909/gc-leaf-census-20260911/compile-v2/cc-diagnostic,perry_runtime::object::descriptor_state::owner_index_add,no_pgcm_function_at_start,,2,10434638
command,main_thread,compiled_function_prefix,/root/cc-perf-native-recv-0909/gc-leaf-census-20260911/compile-v2/cc-diagnostic,perry_fn_cli_2_1_112_js__AF6,exact_start_and_symbol,82:216,2,10430621
startup,main_thread,runtime_export_prefix_only,/root/cc-perf-native-recv-0909/gc-leaf-census-20260911/compile-v2/cc-diagnostic,js_string_intern,no_pgcm_function_at_start,,2,10424050
between_phases,main_thread,other_application_symbol,/root/cc-perf-native-recv-0909/gc-leaf-census-20260911/compile-v2/cc-diagnostic,perry_runtime::typedarray::register_typed_array,no_pgcm_function_at_start,,2,10422675
command,main_thread,other_application_symbol,/root/cc-perf-native-recv-0909/gc-leaf-census-20260911/compile-v2/cc-diagnostic,perry_runtime::typed_feedback::plain_array_index_guard,no_pgcm_function_at_start,,2,10421714
between_phases,main_thread,other_application_symbol,/root/cc-perf-native-recv-0909/gc-leaf-census-20260911/compile-v2/cc-diagnostic,perry_runtime::object::object_keys_array,no_pgcm_function_at_start,,2,10406654
between_phases,foreign_pid,other_dso,/usr/bin/node,v8::internal::HashSeed::InitializeRoots(v8::internal::Isolate*),not_application_dso,,2,10404494
command,main_thread,other_application_symbol,/root/cc-perf-native-recv-0909/gc-leaf-census-20260911/compile-v2/cc-diagnostic,<std::hash::random::RandomState as core::hash::BuildHasher>::hash_one::<&str>,no_pgcm_function_at_start,,2,10393126
command,main_thread,runtime_helper_source_bound,/root/cc-perf-native-recv-0909/gc-leaf-census-20260911/compile-v2/cc-diagnostic,js_closure_set_box_capture_ptr,no_pgcm_function_at_start,,2,10389204
command,main_thread,other_application_symbol,/root/cc-perf-native-recv-0909/gc-leaf-census-20260911/compile-v2/cc-diagnostic,perry_runtime::proxy::lookup,no_pgcm_function_at_start,,2,10370228
command,main_thread,other_application_symbol,/root/cc-perf-native-recv-0909/gc-leaf-census-20260911/compile-v2/cc-diagnostic,perry_runtime::object::set_object_keys_array,no_pgcm_function_at_start,,2,10338580
startup,main_thread,other_application_symbol,/root/cc-perf-native-recv-0909/gc-leaf-census-20260911/compile-v2/cc-diagnostic,perry_runtime::gc::policy::flush_deferred_gc_request,no_pgcm_function_at_start,,2,10324981
command,main_thread,other_application_symbol,/root/cc-perf-native-recv-0909/gc-leaf-census-20260911/compile-v2/cc-diagnostic,perry_runtime::proxy::reflect_value_is_object,no_pgcm_function_at_start,,2,10305568
command,main_thread,other_application_symbol,/root/cc-perf-native-recv-0909/gc-leaf-census-20260911/compile-v2/cc-diagnostic,perry_runtime::object::descriptor_state::set_property_attrs,no_pgcm_function_at_start,,2,10284755
between_phases,main_thread,other_application_symbol,/root/cc-perf-native-recv-0909/gc-leaf-census-20260911/compile-v2/cc-diagnostic,<perry_runtime::gc::roots::RuntimeRootVisitor>::visit_nanbox_u64_raw_slot,no_pgcm_function_at_start,,2,10250588
between_phases,main_thread,other_application_symbol,/root/cc-perf-native-recv-0909/gc-leaf-census-20260911/compile-v2/cc-diagnostic,perry_runtime::closure::dynamic_props::closure_set_dynamic_prop,no_pgcm_function_at_start,,2,10245776
command,main_thread,other_application_symbol,/root/cc-perf-native-recv-0909/gc-leaf-census-20260911/compile-v2/cc-diagnostic,perry_runtime::string::format::ascii_char_string,no_pgcm_function_at_start,,2,10230496
startup,main_thread,compiled_function_prefix,/root/cc-perf-native-recv-0909/gc-leaf-census-20260911/compile-v2/cc-diagnostic,perry_fn_cli_2_1_112_js__GW7,exact_start_and_symbol,8:0,2,10228095
command,main_thread,other_application_symbol,/root/cc-perf-native-recv-0909/gc-leaf-census-20260911/compile-v2/cc-diagnostic,perry_runtime::weakref::is_weak_target_trace_slot,no_pgcm_function_at_start,,2,10215169
startup,main_thread,other_application_symbol,/root/cc-perf-native-recv-0909/gc-leaf-census-20260911/compile-v2/cc-diagnostic,perry_runtime::box::scan_box_roots_mut,no_pgcm_function_at_start,,2,10205782
between_phases,main_thread,runtime_helper_source_bound,/root/cc-perf-native-recv-0909/gc-leaf-census-20260911/compile-v2/cc-diagnostic,js_to_primitive,no_pgcm_function_at_start,,2,10192735
startup,main_thread,other_application_symbol,/root/cc-perf-native-recv-0909/gc-leaf-census-20260911/compile-v2/cc-diagnostic,perry_runtime::set::is_registered_set,no_pgcm_function_at_start,,3,10172016
between_phases,main_thread,other_application_symbol,/root/cc-perf-native-recv-0909/gc-leaf-census-20260911/compile-v2/cc-diagnostic,perry_runtime::closure::dynamic_props::closure_get_dynamic_prop,no_pgcm_function_at_start,,2,10111213
startup,main_thread,other_application_symbol,/root/cc-perf-native-recv-0909/gc-leaf-census-20260911/compile-v2/cc-diagnostic,perry_runtime::array::subclass::note_array_subclass_index_write,no_pgcm_function_at_start,,2,10109613
between_phases,main_thread,runtime_helper_source_bound,/root/cc-perf-native-recv-0909/gc-leaf-census-20260911/compile-v2/cc-diagnostic,js_native_call_method,no_pgcm_function_at_start,,2,10088254
startup,main_thread,other_application_symbol,/root/cc-perf-native-recv-0909/gc-leaf-census-20260911/compile-v2/cc-diagnostic,perry_runtime::object::shapes::shape_descriptor_by_id,no_pgcm_function_at_start,,2,10084534
startup,main_thread,other_application_symbol,/root/cc-perf-native-recv-0909/gc-leaf-census-20260911/compile-v2/cc-diagnostic,<perry_runtime::gc::roots::RuntimeRootVisitor>::visit_nanbox_u64_raw_slot,no_pgcm_function_at_start,,2,10083127
command,main_thread,other_application_symbol,/root/cc-perf-native-recv-0909/gc-leaf-census-20260911/compile-v2/cc-diagnostic,<perry_runtime::gc::roots::RuntimeRootVisitor>::visit_tagged_raw_addr,no_pgcm_function_at_start,,2,10044298
startup,main_thread,other_application_symbol,/root/cc-perf-native-recv-0909/gc-leaf-census-20260911/compile-v2/cc-diagnostic,perry_runtime::regex::js_regexp_new_impl,no_pgcm_function_at_start,,2,10042779
startup,main_thread,other_application_symbol,/root/cc-perf-native-recv-0909/gc-leaf-census-20260911/compile-v2/cc-diagnostic,perry_runtime::object::object_keys_array,no_pgcm_function_at_start,,2,10039195
startup,main_thread,other_application_symbol,/root/cc-perf-native-recv-0909/gc-leaf-census-20260911/compile-v2/cc-diagnostic,perry_runtime::proxy::ordinary_set_with_receiver,no_pgcm_function_at_start,,2,10033010
between_phases,main_thread,other_application_symbol,/root/cc-perf-native-recv-0909/gc-leaf-census-20260911/compile-v2/cc-diagnostic,perry_runtime::gc::barrier::write_barrier_decoded_parent,no_pgcm_function_at_start,,2,10027354
startup,main_thread,other_application_symbol,/root/cc-perf-native-recv-0909/gc-leaf-census-20260911/compile-v2/cc-diagnostic,"<hashbrown::raw::RawTable<(usize, alloc::vec::Vec<perry_runtime::typedarray_props::TypedArrayOwnProp>)>>::reserve_rehash::<hashbrown::map::make_hasher<usize, alloc::vec::Vec<perry_runtime::typedarray_props::TypedArrayOwnProp>, perry_runtime::fast_hash::PtrHasher>::{closure#0}>",no_pgcm_function_at_start,,2,10006204
startup,main_thread,other_application_symbol,/root/cc-perf-native-recv-0909/gc-leaf-census-20260911/compile-v2/cc-diagnostic,<perry_runtime::gc::layout::HeapChildSlotIterator>::new,no_pgcm_function_at_start,,2,9963679
startup,main_thread,other_application_symbol,/root/cc-perf-native-recv-0909/gc-leaf-census-20260911/compile-v2/cc-diagnostic,perry_runtime::gc::layout_tables::per_object_slot_mask,no_pgcm_function_at_start,,2,9953758
between_phases,main_thread,other_application_symbol,/root/cc-perf-native-recv-0909/gc-leaf-census-20260911/compile-v2/cc-diagnostic,"<hashbrown::map::HashMap<(usize, alloc::string::String), perry_runtime::object::descriptor_state::AccessorDescriptor, perry_runtime::fast_hash::FastKeyHasher>>::insert",no_pgcm_function_at_start,,2,9922724
startup,main_thread,other_application_symbol,/root/cc-perf-native-recv-0909/gc-leaf-census-20260911/compile-v2/cc-diagnostic,perry_runtime::typed_feedback::normalize_raw_object_addr,no_pgcm_function_at_start,,2,9892474
command,main_thread,other_application_symbol,/root/cc-perf-native-recv-0909/gc-leaf-census-20260911/compile-v2/cc-diagnostic,regex_automata::util::determinize::add_nfa_states,no_pgcm_function_at_start,,2,9890155
startup,main_thread,other_application_symbol,/root/cc-perf-native-recv-0909/gc-leaf-census-20260911/compile-v2/cc-diagnostic,perry_runtime::array::iterator::array_from_spread_value::{closure#0},no_pgcm_function_at_start,,2,9879251
startup,main_thread,runtime_helper_source_bound,/root/cc-perf-native-recv-0909/gc-leaf-census-20260911/compile-v2/cc-diagnostic,js_object_set_field_by_name,no_pgcm_function_at_start,,2,9873450
between_phases,main_thread,other_application_symbol,/root/cc-perf-native-recv-0909/gc-leaf-census-20260911/compile-v2/cc-diagnostic,perry_runtime::object::class_registry::parent_static::is_class_object_ptr,no_pgcm_function_at_start,,2,9859876
startup,main_thread,other_application_symbol,/root/cc-perf-native-recv-0909/gc-leaf-census-20260911/compile-v2/cc-diagnostic,perry_runtime::object::prototype_chain::object_static_prototype,no_pgcm_function_at_start,,2,9857953
startup,main_thread,other_application_symbol,/root/cc-perf-native-recv-0909/gc-leaf-census-20260911/compile-v2/cc-diagnostic,perry_runtime::set::js_set_add::{closure#0},no_pgcm_function_at_start,,2,9825037
startup,main_thread,other_application_symbol,/root/cc-perf-native-recv-0909/gc-leaf-census-20260911/compile-v2/cc-diagnostic,<alloc::raw_vec::RawVecInner>::finish_grow,no_pgcm_function_at_start,,2,9802469
startup,main_thread,other_application_symbol,/root/cc-perf-native-recv-0909/gc-leaf-census-20260911/compile-v2/cc-diagnostic,perry_runtime::gc::layout::typed_shape::init_typed_shape_layout,no_pgcm_function_at_start,,2,9752793
between_phases,main_thread,other_application_symbol,/root/cc-perf-native-recv-0909/gc-leaf-census-20260911/compile-v2/cc-diagnostic,"core::slice::sort::unstable::quicksort::quicksort::<usize, <usize as core::cmp::PartialOrd>::lt>",no_pgcm_function_at_start,,2,9752285
between_phases,main_thread,runtime_helper_source_bound,/root/cc-perf-native-recv-0909/gc-leaf-census-20260911/compile-v2/cc-diagnostic,js_closure_call2,no_pgcm_function_at_start,,2,9733987
startup,main_thread,other_application_symbol,/root/cc-perf-native-recv-0909/gc-leaf-census-20260911/compile-v2/cc-diagnostic,perry_runtime::box::is_registered_box_ptr,no_pgcm_function_at_start,,2,9727216
startup,main_thread,other_application_symbol,/root/cc-perf-native-recv-0909/gc-leaf-census-20260911/compile-v2/cc-diagnostic,perry_runtime::string::string_storage_alloc,no_pgcm_function_at_start,,1,9709047
between_phases,foreign_pid,other_dso,/usr/lib/x86_64-linux-gnu/libc.so.6,_int_malloc,not_application_dso,,5,9674564
startup,main_thread,other_application_symbol,/root/cc-perf-native-recv-0909/gc-leaf-census-20260911/compile-v2/cc-diagnostic,perry_runtime::object::arguments::is_arguments_object,no_pgcm_function_at_start,,2,9619175
startup,main_thread,runtime_helper_source_bound,/root/cc-perf-native-recv-0909/gc-leaf-census-20260911/compile-v2/cc-diagnostic,js_box_alloc_bits,no_pgcm_function_at_start,,2,9615194
startup,main_thread,other_application_symbol,/root/cc-perf-native-recv-0909/gc-leaf-census-20260911/compile-v2/cc-diagnostic,perry_runtime::gc::forwarding::forwarding_target_is_object_start,no_pgcm_function_at_start,,2,9602244
between_phases,main_thread,runtime_helper_source_bound,/root/cc-perf-native-recv-0909/gc-leaf-census-20260911/compile-v2/cc-diagnostic,js_object_get_field_by_name,no_pgcm_function_at_start,,2,9511319
between_phases,main_thread,runtime_helper_source_bound,/root/cc-perf-native-recv-0909/gc-leaf-census-20260911/compile-v2/cc-diagnostic,js_native_call_value,no_pgcm_function_at_start,,2,9384472
startup,foreign_pid,other_dso,/usr/lib/x86_64-linux-gnu/libc.so.6,__memset_avx512_unaligned_erms,not_application_dso,,1,9353297
startup,main_thread,other_application_symbol,/root/cc-perf-native-recv-0909/gc-leaf-census-20260911/compile-v2/cc-diagnostic,<regex_automata::dfa::determinize::Runner>::maybe_add_state,no_pgcm_function_at_start,,2,9290578
between_phases,foreign_pid,other_dso,/usr/lib/x86_64-linux-gnu/libc.so.6,pthread_mutex_unlock@@GLIBC_2.2.5,not_application_dso,,5,9220857
between_phases,main_thread,compiled_function_prefix,/root/cc-perf-native-recv-0909/gc-leaf-census-20260911/compile-v2/cc-diagnostic,perry_closure_cli_2_1_112_js__42900,exact_start_and_symbol,58:15,2,9202870
startup,main_thread,other_application_symbol,/root/cc-perf-native-recv-0909/gc-leaf-census-20260911/compile-v2/cc-diagnostic,perry_runtime::closure::dynamic_props::closure_set_dynamic_prop,no_pgcm_function_at_start,,2,9175294
between_phases,main_thread,other_application_symbol,/root/cc-perf-native-recv-0909/gc-leaf-census-20260911/compile-v2/cc-diagnostic,core::str::converts::from_utf8,no_pgcm_function_at_start,,2,9112996
startup,main_thread,other_application_symbol,/root/cc-perf-native-recv-0909/gc-leaf-census-20260911/compile-v2/cc-diagnostic,perry_runtime::gc::policy::gc_budgeted_due_trigger,no_pgcm_function_at_start,,2,9061988
startup,main_thread,other_application_symbol,/root/cc-perf-native-recv-0909/gc-leaf-census-20260911/compile-v2/cc-diagnostic,"<hashbrown::raw::RawTable<(usize, perry_runtime::closure::registry::ClosureBodyRecord)>>::reserve_rehash::<hashbrown::map::make_hasher<usize, perry_runtime::closure::registry::ClosureBodyRecord, perry_runtime::fast_hash::PtrHasher>::{closure#0}>",no_pgcm_function_at_start,,2,9055899
startup,main_thread,other_application_symbol,/root/cc-perf-native-recv-0909/gc-leaf-census-20260911/compile-v2/cc-diagnostic,perry_runtime::object::shapes::stamp_object_shape_id_with_carrier_note,no_pgcm_function_at_start,,2,8914675
startup,main_thread,other_application_symbol,/root/cc-perf-native-recv-0909/gc-leaf-census-20260911/compile-v2/cc-diagnostic,perry_runtime::object::object_ops::keys_array::ensure_key_in_keys_array,no_pgcm_function_at_start,,2,8895180
startup,main_thread,other_application_symbol,/root/cc-perf-native-recv-0909/gc-leaf-census-20260911/compile-v2/cc-diagnostic,perry_runtime::object::class_registry::prototype_objects::resolve_proto_chain_field_inner,no_pgcm_function_at_start,,1,8731888
startup,foreign_pid,other_dso,/usr/bin/node,v8::internal::PagedSpaceObjectIterator::Next(),not_application_dso,,1,8634012
between_phases,main_thread,other_application_symbol,/root/cc-perf-native-recv-0909/gc-leaf-census-20260911/compile-v2/cc-diagnostic,"<hashbrown::raw::RawTable<(u64, perry_runtime::object::shapes::shapes_store::IdList)>>::shrink_to::<hashbrown::map::make_hasher<u64, perry_runtime::object::shapes::shapes_store::IdList, perry_runtime::fast_hash::PtrHasher>::{closure#0}>",no_pgcm_function_at_start,,2,8563103
between_phases,foreign_pid,other_dso,/usr/bin/node,"v8::internal::StringSearch<unsigned char, unsigned char>::InitialSearch(v8::internal::StringSearch<unsigned char, unsigned char>*, v8::base::Vector<unsigned char const>, int)",not_application_dso,,1,8159437
between_phases,foreign_pid,other_dso,/usr/bin/node,Builtins_CreateShallowObjectLiteral,not_application_dso,,1,7564379
between_phases,foreign_pid,other_dso,/usr/bin/node,"v8::internal::Deserializer<v8::internal::Isolate>::PostProcessNewObject(v8::internal::DirectHandle<v8::internal::Map>, v8::internal::Handle<v8::internal::HeapObject>, v8::internal::SnapshotSpace)",not_application_dso,,1,7563431
startup,main_thread,other_application_symbol,/root/cc-perf-native-recv-0909/gc-leaf-census-20260911/compile-v2/cc-diagnostic,perry_runtime::object::shapes::birth_stamp_object_shape,no_pgcm_function_at_start,,1,7415495
between_phases,foreign_pid,other_dso,/usr/bin/node,_ZN2v88internal10DictionaryINS0_14NameDictionaryENS0_19NameDictionaryShapeEE3AddINS0_7IsolateENS0_12DirectHandleELNS0_14AllocationTypeE0EQsr3stdE16is_convertible_vITL0_0_IT_ENS7_ISA_EEEEET0_IS2_EPSA_SE_NS7_INS0_4NameEEENS7_INS0_6ObjectEEENS0_15PropertyDetailsEPNS0_13InternalIndexE,not_application_dso,,1,7193644
startup,foreign_pid,other_dso,/usr/bin/node,"v8::internal::HashTable<v8::internal::NameDictionary, v8::internal::NameDictionaryShape>::Rehash(v8::internal::PtrComprCageBase)",not_application_dso,,1,6966402
startup,main_thread,other_application_symbol,/root/cc-perf-native-recv-0909/gc-leaf-census-20260911/compile-v2/cc-diagnostic,perry_runtime::object::shapes::shape_live_inline_slot_count_by_id,no_pgcm_function_at_start,,1,6846174
startup,main_thread,other_application_symbol,/root/cc-perf-native-recv-0909/gc-leaf-census-20260911/compile-v2/cc-diagnostic,"<hashbrown::raw::RawTable<(u64, (*mut perry_runtime::array::header::ArrayHeader, *mut perry_runtime::array::header::ArrayHeader))>>::reserve_rehash::<hashbrown::map::make_hasher<u64, (*mut perry_runtime::array::header::ArrayHeader, *mut perry_runtime::array::header::ArrayHeader), std::hash::random::RandomState>::{closure#0}>",no_pgcm_function_at_start,,1,6805584
between_phases,foreign_pid,other_dso,/usr/bin/node,crc32_z,not_application_dso,,1,6691622
startup,main_thread,runtime_helper_source_bound,/root/cc-perf-native-recv-0909/gc-leaf-census-20260911/compile-v2/cc-diagnostic,js_array_alloc_literal,no_pgcm_function_at_start,,1,6281322
startup,foreign_pid,other_dso,/usr/bin/node,Builtins_LdaSmiHandler,not_application_dso,,1,6144387
startup,main_thread,runtime_helper_source_bound,/root/cc-perf-native-recv-0909/gc-leaf-census-20260911/compile-v2/cc-diagnostic,js_register_function_source_static,no_pgcm_function_at_start,,1,6102729
startup,main_thread,other_application_symbol,/root/cc-perf-native-recv-0909/gc-leaf-census-20260911/compile-v2/cc-diagnostic,perry_runtime::object::prop_plan::store_plan_check,no_pgcm_function_at_start,,1,6002179
startup,foreign_pid,other_dso,/usr/bin/node,v8::internal::Scavenger::Process(v8::JobDelegate*),not_application_dso,,2,5960824
startup,foreign_pid,other_dso,/usr/bin/node,Builtins_StarHandler,not_application_dso,,1,5840610
startup,main_thread,other_application_symbol,/root/cc-perf-native-recv-0909/gc-leaf-census-20260911/compile-v2/cc-diagnostic,perry_runtime::event_target::event_target_value_read,no_pgcm_function_at_start,,1,5820439
between_phases,main_thread,other_application_symbol,/root/cc-perf-native-recv-0909/gc-leaf-census-20260911/compile-v2/cc-diagnostic,perry_runtime::object::class_meta_registry::get_parent_class_id,no_pgcm_function_at_start,,2,5698960
between_phases,main_thread,other_application_symbol,/root/cc-perf-native-recv-0909/gc-leaf-census-20260911/compile-v2/cc-diagnostic,perry_runtime::timer::timer_has_ref_state,no_pgcm_function_at_start,,2,5651020
between_phases,foreign_pid,unknown_symbol,[unknown],[unknown],not_application_dso,,63,5525449
between_phases,main_thread,other_application_symbol,/root/cc-perf-native-recv-0909/gc-leaf-census-20260911/compile-v2/cc-diagnostic,perry_runtime::gc::dead_owner::prune_dead_owner_side_tables_post_trace::{closure#0},no_pgcm_function_at_start,,1,5392927
startup,main_thread,other_application_symbol,/root/cc-perf-native-recv-0909/gc-leaf-census-20260911/compile-v2/cc-diagnostic,perry_runtime::object::class_registry::parent_static::is_registered_class_prototype_object,no_pgcm_function_at_start,,1,5392442
startup,main_thread,other_application_symbol,/root/cc-perf-native-recv-0909/gc-leaf-census-20260911/compile-v2/cc-diagnostic,perry_runtime::object::field_get_set::has_property::closure_dynamic_prop_by_key,no_pgcm_function_at_start,,1,5388775
startup,main_thread,other_application_symbol,/root/cc-perf-native-recv-0909/gc-leaf-census-20260911/compile-v2/cc-diagnostic,"<alloc::vec::Vec<(i64, i64)> as alloc::vec::spec_from_iter_nested::SpecFromIterNested<(i64, i64), core::iter::adapters::filter::Filter<core::iter::adapters::map::Map<core::ops::range::Range<usize>, perry_runtime::proxy::put_value::js_put_value_set_dyn_ic_miss::{closure#1}>, perry_runtime::proxy::put_value::js_put_value_set_dyn_ic_miss::{closure#2}>>>::from_iter",no_pgcm_function_at_start,,1,5383435
command,main_thread,other_application_symbol,/root/cc-perf-native-recv-0909/gc-leaf-census-20260911/compile-v2/cc-diagnostic,perry_runtime::object::array_tail_transition::prune_invalid_entries,no_pgcm_function_at_start,,1,5380706
startup,main_thread,runtime_helper_source_bound,/root/cc-perf-native-recv-0909/gc-leaf-census-20260911/compile-v2/cc-diagnostic,js_array_push_f64,no_pgcm_function_at_start,,1,5376979
between_phases,main_thread,other_application_symbol,/root/cc-perf-native-recv-0909/gc-leaf-census-20260911/compile-v2/cc-diagnostic,perry_runtime::typedarray::collect_dead_registered_typed_arrays_post_trace,no_pgcm_function_at_start,,1,5376676
command,main_thread,other_application_symbol,/root/cc-perf-native-recv-0909/gc-leaf-census-20260911/compile-v2/cc-diagnostic,perry_runtime::set::finalize_set_side_allocation_for_gc,no_pgcm_function_at_start,,1,5375503
startup,main_thread,other_application_symbol,/root/cc-perf-native-recv-0909/gc-leaf-census-20260911/compile-v2/cc-diagnostic,perry_runtime::gc::verify::remember_evacuated_old_to_young_slot,no_pgcm_function_at_start,,1,5373622
between_phases,main_thread,other_application_symbol,/root/cc-perf-native-recv-0909/gc-leaf-census-20260911/compile-v2/cc-diagnostic,perry_runtime::buffer::view::remove_entries_for_dead_buffer,no_pgcm_function_at_start,,1,5372733
command,main_thread,other_application_symbol,/root/cc-perf-native-recv-0909/gc-leaf-census-20260911/compile-v2/cc-diagnostic,perry_runtime::gc::verify::restore_surviving_dirty_coverage,no_pgcm_function_at_start,,1,5371215
between_phases,main_thread,unknown_symbol,[unknown],[unknown],not_application_dso,,2,5370927
startup,main_thread,other_application_symbol,/root/cc-perf-native-recv-0909/gc-leaf-census-20260911/compile-v2/cc-diagnostic,perry_runtime::object::live_slots::object_live_slot_count,no_pgcm_function_at_start,,1,5370589
startup,main_thread,other_application_symbol,/root/cc-perf-native-recv-0909/gc-leaf-census-20260911/compile-v2/cc-diagnostic,perry_runtime::object::transition_cache_insert,no_pgcm_function_at_start,,1,5369934
command,main_thread,runtime_helper_source_bound,/root/cc-perf-native-recv-0909/gc-leaf-census-20260911/compile-v2/cc-diagnostic,js_regexp_new_site,no_pgcm_function_at_start,,1,5368625
command,main_thread,other_application_symbol,/root/cc-perf-native-recv-0909/gc-leaf-census-20260911/compile-v2/cc-diagnostic,<perry_runtime::gc::cycle::GcCycleState>::step,no_pgcm_function_at_start,,1,5368323
between_phases,main_thread,other_application_symbol,/root/cc-perf-native-recv-0909/gc-leaf-census-20260911/compile-v2/cc-diagnostic,<perry_runtime::object::shapes::shapes_store::IdList>::remove_inline,no_pgcm_function_at_start,,1,5368012
command,main_thread,other_application_symbol,/root/cc-perf-native-recv-0909/gc-leaf-census-20260911/compile-v2/cc-diagnostic,<perry_runtime::gc::dead_owner::PostTraceProbe>::owner_is_dead,no_pgcm_function_at_start,,1,5364870
startup,main_thread,other_application_symbol,/root/cc-perf-native-recv-0909/gc-leaf-census-20260911/compile-v2/cc-diagnostic,perry_runtime::object::native_call_method::class_vtable_fast_guard,no_pgcm_function_at_start,,1,5363337
between_phases,main_thread,other_application_symbol,/root/cc-perf-native-recv-0909/gc-leaf-census-20260911/compile-v2/cc-diagnostic,_mi_page_malloc_zero,no_pgcm_function_at_start,,1,5360919
command,main_thread,compiled_function_prefix,/root/cc-perf-native-recv-0909/gc-leaf-census-20260911/compile-v2/cc-diagnostic,perry_fn_cli_2_1_112_js__yx_,exact_start_and_symbol,6:10,1,5358472
startup,main_thread,other_application_symbol,/root/cc-perf-native-recv-0909/gc-leaf-census-20260911/compile-v2/cc-diagnostic,perry_runtime::closure::box_captures::increment_cell_capture_count,no_pgcm_function_at_start,,1,5357446
startup,main_thread,other_application_symbol,/root/cc-perf-native-recv-0909/gc-leaf-census-20260911/compile-v2/cc-diagnostic,"<hashbrown::raw::RawTable<(perry_runtime::set::JSValueKey, u32)>>::reserve_rehash::<hashbrown::map::make_hasher<perry_runtime::set::JSValueKey, u32, perry_runtime::fast_hash::PtrHasher>::{closure#0}>",no_pgcm_function_at_start,,1,5356913
command,main_thread,other_application_symbol,/root/cc-perf-native-recv-0909/gc-leaf-census-20260911/compile-v2/cc-diagnostic,perry_runtime::object::descriptor_state::prune_dead_descriptor_owner_entries_young,no_pgcm_function_at_start,,1,5356489
command,main_thread,other_application_symbol,/root/cc-perf-native-recv-0909/gc-leaf-census-20260911/compile-v2/cc-diagnostic,perry_runtime::array::subclass::note_array_subclass_index_write,no_pgcm_function_at_start,,1,5354987
startup,main_thread,other_application_symbol,/root/cc-perf-native-recv-0909/gc-leaf-census-20260911/compile-v2/cc-diagnostic,perry_runtime::closure::dynamic_props::clone_closure_rebind_this,no_pgcm_function_at_start,,1,5354120
startup,main_thread,runtime_helper_source_bound,/root/cc-perf-native-recv-0909/gc-leaf-census-20260911/compile-v2/cc-diagnostic,js_typed_feedback_class_field_set_guard,no_pgcm_function_at_start,,1,5353743
startup,main_thread,other_application_symbol,/root/cc-perf-native-recv-0909/gc-leaf-census-20260911/compile-v2/cc-diagnostic,perry_runtime::set::find_value_index_cold,no_pgcm_function_at_start,,1,5350844
command,main_thread,other_application_symbol,/root/cc-perf-native-recv-0909/gc-leaf-census-20260911/compile-v2/cc-diagnostic,cli_2_1_112_js____AnonShape_458a282dc6795a14_constructor,exact_start_and_symbol,105:584,1,5350670
startup,main_thread,other_application_symbol,/root/cc-perf-native-recv-0909/gc-leaf-census-20260911/compile-v2/cc-diagnostic,mi_bin,no_pgcm_function_at_start,,1,5349648
between_phases,main_thread,other_application_symbol,/root/cc-perf-native-recv-0909/gc-leaf-census-20260911/compile-v2/cc-diagnostic,<regex_automata::nfa::thompson::compiler::Compiler>::c,no_pgcm_function_at_start,,1,5345793
command,main_thread,other_application_symbol,/root/cc-perf-native-recv-0909/gc-leaf-census-20260911/compile-v2/cc-diagnostic,<regex_automata::meta::strategy::Core as regex_automata::meta::strategy::Strategy>::search_slots,no_pgcm_function_at_start,,1,5345054
command,main_thread,other_application_symbol,/root/cc-perf-native-recv-0909/gc-leaf-census-20260911/compile-v2/cc-diagnostic,perry_runtime::object::object_ops::keys_array::own_key_present,no_pgcm_function_at_start,,1,5344968
command,main_thread,compiled_function_prefix,/root/cc-perf-native-recv-0909/gc-leaf-census-20260911/compile-v2/cc-diagnostic,perry_fn_cli_2_1_112_js__nz4,exact_start_and_symbol,51:54,1,5344587
command,main_thread,other_application_symbol,/root/cc-perf-native-recv-0909/gc-leaf-census-20260911/compile-v2/cc-diagnostic,perry_runtime::gc::copying::scan_remembered_dirty_slots_copying::<perry_runtime::gc::copying::run_copied_minor_attempt::{closure#7}>::{closure#0}::{closure#0},no_pgcm_function_at_start,,1,5343892
startup,main_thread,other_application_symbol,/root/cc-perf-native-recv-0909/gc-leaf-census-20260911/compile-v2/cc-diagnostic,<regex_automata::nfa::thompson::compiler::Utf8Compiler>::compile,no_pgcm_function_at_start,,1,5343820
startup,main_thread,other_application_symbol,/root/cc-perf-native-recv-0909/gc-leaf-census-20260911/compile-v2/cc-diagnostic,perry_runtime::object::class_registry::prototype_objects::class_prototype_object,no_pgcm_function_at_start,,2,5343785
startup,main_thread,other_application_symbol,/root/cc-perf-native-recv-0909/gc-leaf-census-20260911/compile-v2/cc-diagnostic,perry_runtime::object::object_ops::prototype::js_object_get_prototype_of::{closure#3},no_pgcm_function_at_start,,1,5343618
between_phases,main_thread,runtime_helper_source_bound,/root/cc-perf-native-recv-0909/gc-leaf-census-20260911/compile-v2/cc-diagnostic,js_typed_feedback_class_field_set_guard,no_pgcm_function_at_start,,1,5342672
startup,main_thread,other_application_symbol,/root/cc-perf-native-recv-0909/gc-leaf-census-20260911/compile-v2/cc-diagnostic,perry_runtime::native_handle::canonical::is_canonical_handle_addr,no_pgcm_function_at_start,,2,5340322
startup,main_thread,other_application_symbol,/root/cc-perf-native-recv-0909/gc-leaf-census-20260911/compile-v2/cc-diagnostic,perry_runtime::regex::replace_expand::js_string_replace_regex_fn::{closure#4},no_pgcm_function_at_start,,1,5339550
command,main_thread,other_application_symbol,/root/cc-perf-native-recv-0909/gc-leaf-census-20260911/compile-v2/cc-diagnostic,"<hashbrown::map::HashMap<usize, (), perry_runtime::fast_hash::PtrHasher>>::insert",no_pgcm_function_at_start,,1,5335501
between_phases,main_thread,other_application_symbol,/root/cc-perf-native-recv-0909/gc-leaf-census-20260911/compile-v2/cc-diagnostic,perry_runtime::array::iter_object::dispatch_array_iterator_method_inner,no_pgcm_function_at_start,,1,5334497
between_phases,main_thread,runtime_helper_source_bound,/root/cc-perf-native-recv-0909/gc-leaf-census-20260911/compile-v2/cc-diagnostic,js_closure_set_box_capture_ptr,no_pgcm_function_at_start,,1,5333818
startup,main_thread,other_application_symbol,/root/cc-perf-native-recv-0909/gc-leaf-census-20260911/compile-v2/cc-diagnostic,perry_runtime::typed_feedback::plain_array_index_guard,no_pgcm_function_at_start,,1,5333194
startup,main_thread,other_application_symbol,/root/cc-perf-native-recv-0909/gc-leaf-census-20260911/compile-v2/cc-diagnostic,perry_runtime::typed_feedback::invalidate_representation_change,no_pgcm_function_at_start,,1,5332901
startup,main_thread,other_application_symbol,/root/cc-perf-native-recv-0909/gc-leaf-census-20260911/compile-v2/cc-diagnostic,"<hashbrown::map::HashMap<(usize, alloc::string::String), perry_runtime::object::descriptor_state::AccessorDescriptor, perry_runtime::fast_hash::FastKeyHasher>>::remove::<(usize, alloc::string::String)>",no_pgcm_function_at_start,,1,5331386
startup,main_thread,other_application_symbol,/root/cc-perf-native-recv-0909/gc-leaf-census-20260911/compile-v2/cc-diagnostic,perry_runtime::symbol::store_object_symbol_property_root,no_pgcm_function_at_start,,1,5330857
startup,main_thread,runtime_helper_source_bound,/root/cc-perf-native-recv-0909/gc-leaf-census-20260911/compile-v2/cc-diagnostic,js_string_concat_chain,no_pgcm_function_at_start,,1,5330159
between_phases,foreign_pid,other_dso,/usr/bin/node,v8::internal::compiler::Type::BitsetLub() const,not_application_dso,,1,5330085
between_phases,main_thread,compiled_function_prefix,/root/cc-perf-native-recv-0909/gc-leaf-census-20260911/compile-v2/cc-diagnostic,perry_fn_cli_2_1_112_js__Yq6,no_pgcm_function_at_start,,1,5330085
startup,foreign_pid,other_dso,/usr/bin/node,v8::internal::compiler::LoopFinderImpl::PropagateBackward(),not_application_dso,,1,5330085
startup,main_thread,other_application_symbol,/root/cc-perf-native-recv-0909/gc-leaf-census-20260911/compile-v2/cc-diagnostic,perry_runtime::closure::dynamic_props::note_young_closure_owner,no_pgcm_function_at_start,,1,5329771
startup,main_thread,other_application_symbol,/root/cc-perf-native-recv-0909/gc-leaf-census-20260911/compile-v2/cc-diagnostic,perry_runtime::object::class_registry::construct::lookup_prototype_method,no_pgcm_function_at_start,,1,5329764
command,main_thread,compiled_function_prefix,/root/cc-perf-native-recv-0909/gc-leaf-census-20260911/compile-v2/cc-diagnostic,perry_closure_cli_2_1_112_js__37152,exact_start_and_symbol,69:102,1,5328773
command,main_thread,other_application_symbol,/root/cc-perf-native-recv-0909/gc-leaf-census-20260911/compile-v2/cc-diagnostic,perry_runtime::object::exotic_expando::expando_clear_on_alloc,no_pgcm_function_at_start,,1,5328703
command,main_thread,runtime_helper_source_bound,/root/cc-perf-native-recv-0909/gc-leaf-census-20260911/compile-v2/cc-diagnostic,js_put_value_set_dyn_ic,no_pgcm_function_at_start,,1,5328554
between_phases,main_thread,runtime_helper_source_bound,/root/cc-perf-native-recv-0909/gc-leaf-census-20260911/compile-v2/cc-diagnostic,js_object_alloc_with_parent,no_pgcm_function_at_start,,1,5328455
command,main_thread,other_application_symbol,/root/cc-perf-native-recv-0909/gc-leaf-census-20260911/compile-v2/cc-diagnostic,<regex_automata::dfa::dense::DFA<alloc::vec::Vec<u32>> as regex_automata::dfa::automaton::Automaton>::start_state_forward,no_pgcm_function_at_start,,1,5326978
startup,main_thread,runtime_helper_source_bound,/root/cc-perf-native-recv-0909/gc-leaf-census-20260911/compile-v2/cc-diagnostic,js_get_global_this_builtin_value,no_pgcm_function_at_start,,1,5326188
command,main_thread,other_application_symbol,/root/cc-perf-native-recv-0909/gc-leaf-census-20260911/compile-v2/cc-diagnostic,perry_runtime::gc::policy::flush_deferred_gc_request,no_pgcm_function_at_start,,1,5326129
command,main_thread,other_application_symbol,/root/cc-perf-native-recv-0909/gc-leaf-census-20260911/compile-v2/cc-diagnostic,perry_runtime::object::class_registry::dispatch::call_vtable_method_inner,no_pgcm_function_at_start,,1,5326042
command,main_thread,other_application_symbol,/root/cc-perf-native-recv-0909/gc-leaf-census-20260911/compile-v2/cc-diagnostic,perry_runtime::object::descriptor_state::transfer_descriptor_owner,no_pgcm_function_at_start,,1,5325995
between_phases,main_thread,other_application_symbol,/root/cc-perf-native-recv-0909/gc-leaf-census-20260911/compile-v2/cc-diagnostic,"<perry_stdlib::readline::LINE_CALLBACK::{K#0}::{closure#1} as core::ops::function::FnOnce<(core::option::Option<&mut core::option::Option<core::cell::RefCell<core::option::Option<i64>>>>,)>>::call_once",no_pgcm_function_at_start,,1,5325981
startup,main_thread,other_application_symbol,/root/cc-perf-native-recv-0909/gc-leaf-census-20260911/compile-v2/cc-diagnostic,perry_runtime::object::field_get_set::for_in_stable::stable_miss::<*mut perry_runtime::array::header::ArrayHeader>,no_pgcm_function_at_start,,1,5325651
command,main_thread,other_application_symbol,/root/cc-perf-native-recv-0909/gc-leaf-census-20260911/compile-v2/cc-diagnostic,perry_runtime::process::env_misc::process_env_has_field,no_pgcm_function_at_start,,1,5325418
startup,main_thread,other_application_symbol,/root/cc-perf-native-recv-0909/gc-leaf-census-20260911/compile-v2/cc-diagnostic,perry_runtime::object::prototype_chain::resolve_inherited_field_from_prototype,no_pgcm_function_at_start,,1,5322657
between_phases,main_thread,other_application_symbol,/root/cc-perf-native-recv-0909/gc-leaf-census-20260911/compile-v2/cc-diagnostic,perry_runtime::object::shapes::shape_descriptor_by_id,no_pgcm_function_at_start,,1,5321850
startup,main_thread,other_application_symbol,/root/cc-perf-native-recv-0909/gc-leaf-census-20260911/compile-v2/cc-diagnostic,"<hashbrown::map::HashMap<u32, perry_runtime::object::class_registry::state::ClassVTable, perry_runtime::fast_hash::PtrHasher>>::get::<u32>",no_pgcm_function_at_start,,1,5321663
command,main_thread,other_application_symbol,/root/cc-perf-native-recv-0909/gc-leaf-census-20260911/compile-v2/cc-diagnostic,perry_runtime::array::iter_object::alloc_iterator_backing,no_pgcm_function_at_start,,1,5321215
startup,main_thread,other_application_symbol,/root/cc-perf-native-recv-0909/gc-leaf-census-20260911/compile-v2/cc-diagnostic,perry_runtime::proxy::reflect_value_is_object,no_pgcm_function_at_start,,1,5320937
startup,main_thread,other_application_symbol,/root/cc-perf-native-recv-0909/gc-leaf-census-20260911/compile-v2/cc-diagnostic,perry_runtime::object::native_call_method::collection_methods::dispatch_map_set,no_pgcm_function_at_start,,1,5320715
startup,main_thread,other_application_symbol,/root/cc-perf-native-recv-0909/gc-leaf-census-20260911/compile-v2/cc-diagnostic,perry_runtime::object::descriptor_state::set_builtin_property_attrs,no_pgcm_function_at_start,,1,5320089
startup,main_thread,other_application_symbol,/root/cc-perf-native-recv-0909/gc-leaf-census-20260911/compile-v2/cc-diagnostic,perry_runtime::closure::registry::closure_is_arrow,no_pgcm_function_at_start,,1,5319475
startup,main_thread,other_application_symbol,/root/cc-perf-native-recv-0909/gc-leaf-census-20260911/compile-v2/cc-diagnostic,perry_runtime::string::intern::scan_intern_table_roots_mut,no_pgcm_function_at_start,,1,5319409
startup,main_thread,runtime_helper_source_bound,/root/cc-perf-native-recv-0909/gc-leaf-census-20260911/compile-v2/cc-diagnostic,js_closure_alloc_init,no_pgcm_function_at_start,,1,5319118
command,main_thread,other_application_symbol,/root/cc-perf-native-recv-0909/gc-leaf-census-20260911/compile-v2/cc-diagnostic,_mi_bin_size,no_pgcm_function_at_start,,1,5319044
command,main_thread,compiled_function_prefix,/root/cc-perf-native-recv-0909/gc-leaf-census-20260911/compile-v2/cc-diagnostic,perry_closure_cli_2_1_112_js__37358,exact_start_and_symbol,58:7,1,5318619
command,main_thread,other_application_symbol,/root/cc-perf-native-recv-0909/gc-leaf-census-20260911/compile-v2/cc-diagnostic,<unicode_normalization::decompose::Decompositions<core::str::iter::Chars> as core::iter::traits::iterator::Iterator>::next,no_pgcm_function_at_start,,1,5318537
between_phases,main_thread,other_application_symbol,/root/cc-perf-native-recv-0909/gc-leaf-census-20260911/compile-v2/cc-diagnostic,perry_runtime::object::iterator_prototypes::prototype_next_is_canonical,no_pgcm_function_at_start,,1,5318346
startup,main_thread,other_application_symbol,/root/cc-perf-native-recv-0909/gc-leaf-census-20260911/compile-v2/cc-diagnostic,perry_runtime::typed_feedback::object_key_matches_field,no_pgcm_function_at_start,,1,5317783
command,main_thread,other_application_symbol,/root/cc-perf-native-recv-0909/gc-leaf-census-20260911/compile-v2/cc-diagnostic,perry_runtime::object::native_module::callable_exports::scan_builtin_closure_metadata_roots_mut,no_pgcm_function_at_start,,1,5317719
command,main_thread,runtime_helper_source_bound,/root/cc-perf-native-recv-0909/gc-leaf-census-20260911/compile-v2/cc-diagnostic,js_object_get_symbol_property,no_pgcm_function_at_start,,1,5316952
command,main_thread,runtime_helper_source_bound,/root/cc-perf-native-recv-0909/gc-leaf-census-20260911/compile-v2/cc-diagnostic,js_array_length,no_pgcm_function_at_start,,1,5314835
command,main_thread,other_application_symbol,/root/cc-perf-native-recv-0909/gc-leaf-census-20260911/compile-v2/cc-diagnostic,perry_runtime::object::native_call_method::js_native_call_method::{closure#5},no_pgcm_function_at_start,,1,5314588
command,main_thread,runtime_helper_source_bound,/root/cc-perf-native-recv-0909/gc-leaf-census-20260911/compile-v2/cc-diagnostic,js_promise_resolved,no_pgcm_function_at_start,,1,5313878
startup,main_thread,runtime_helper_source_bound,/root/cc-perf-native-recv-0909/gc-leaf-census-20260911/compile-v2/cc-diagnostic,js_object_get_class_id,no_pgcm_function_at_start,,1,5313567
command,main_thread,other_application_symbol,/root/cc-perf-native-recv-0909/gc-leaf-census-20260911/compile-v2/cc-diagnostic,perry_runtime::object::object_ops::keys_array::ensure_key_in_keys_array,no_pgcm_function_at_start,,1,5313437
command,main_thread,other_application_symbol,/root/cc-perf-native-recv-0909/gc-leaf-census-20260911/compile-v2/cc-diagnostic,"<hashbrown::map::HashMap<u32, perry_runtime::object::class_registry::state::ClassVTable, perry_runtime::fast_hash::PtrHasher>>::get::<u32>",no_pgcm_function_at_start,,1,5312747
command,main_thread,other_application_symbol,/root/cc-perf-native-recv-0909/gc-leaf-census-20260911/compile-v2/cc-diagnostic,perry_runtime::object::field_get_set::accessors::accessor_receiver_override_begin,no_pgcm_function_at_start,,1,5312678
command,main_thread,other_application_symbol,/root/cc-perf-native-recv-0909/gc-leaf-census-20260911/compile-v2/cc-diagnostic,perry_runtime::object::keys_lookup::keys_array_dense_slots,no_pgcm_function_at_start,,1,5312508
startup,main_thread,other_application_symbol,/root/cc-perf-native-recv-0909/gc-leaf-census-20260911/compile-v2/cc-diagnostic,perry_runtime::object::reflect_support::reflect_define_property,no_pgcm_function_at_start,,1,5312498
command,main_thread,compiled_function_prefix,/root/cc-perf-native-recv-0909/gc-leaf-census-20260911/compile-v2/cc-diagnostic,perry_closure_cli_2_1_112_js__37188,exact_start_and_symbol,52:82,1,5312116
command,main_thread,other_application_symbol,/root/cc-perf-native-recv-0909/gc-leaf-census-20260911/compile-v2/cc-diagnostic,perry_runtime::string::string_copy_range,no_pgcm_function_at_start,,1,5311642
command,main_thread,other_application_symbol,/root/cc-perf-native-recv-0909/gc-leaf-census-20260911/compile-v2/cc-diagnostic,perry_runtime::array::subclass::array_subclass_named_prefix_token_for_slot,no_pgcm_function_at_start,,1,5310749
command,main_thread,other_application_symbol,/root/cc-perf-native-recv-0909/gc-leaf-census-20260911/compile-v2/cc-diagnostic,perry_runtime::closure::dynamic_props::closure_get_own_dynamic_prop,no_pgcm_function_at_start,,1,5310005
between_phases,main_thread,runtime_helper_source_bound,/root/cc-perf-native-recv-0909/gc-leaf-census-20260911/compile-v2/cc-diagnostic,js_array_push_f64,no_pgcm_function_at_start,,1,5308480
command,main_thread,runtime_helper_source_bound,/root/cc-perf-native-recv-0909/gc-leaf-census-20260911/compile-v2/cc-diagnostic,js_implicit_this_set,no_pgcm_function_at_start,,1,5308111
startup,main_thread,other_application_symbol,/root/cc-perf-native-recv-0909/gc-leaf-census-20260911/compile-v2/cc-diagnostic,<unicode_segmentation::grapheme::GraphemeCursor>::next_boundary,no_pgcm_function_at_start,,1,5307722
command,main_thread,runtime_helper_source_bound,/root/cc-perf-native-recv-0909/gc-leaf-census-20260911/compile-v2/cc-diagnostic,js_typed_feedback_native_call_method,no_pgcm_function_at_start,,1,5307650
command,main_thread,other_application_symbol,/root/cc-perf-native-recv-0909/gc-leaf-census-20260911/compile-v2/cc-diagnostic,perry_runtime::object::arguments::arguments_object_set_field,no_pgcm_function_at_start,,1,5307385
command,main_thread,other_application_symbol,/root/cc-perf-native-recv-0909/gc-leaf-census-20260911/compile-v2/cc-diagnostic,perry_runtime::object::shapes::remove_descriptor_indexed_under,no_pgcm_function_at_start,,1,5307044
between_phases,main_thread,other_application_symbol,/root/cc-perf-native-recv-0909/gc-leaf-census-20260911/compile-v2/cc-diagnostic,perry_runtime::object::shapes::prune_dead_shape_keys,no_pgcm_function_at_start,,1,5306401
startup,main_thread,other_application_symbol,/root/cc-perf-native-recv-0909/gc-leaf-census-20260911/compile-v2/cc-diagnostic,perry_runtime::object::field_set_by_name::fast_paths::try_existing_own_data_overwrite,no_pgcm_function_at_start,,1,5306098
startup,main_thread,other_application_symbol,/root/cc-perf-native-recv-0909/gc-leaf-census-20260911/compile-v2/cc-diagnostic,perry_runtime::arena::allocators::arena_alloc,no_pgcm_function_at_start,,1,5305714
startup,main_thread,other_application_symbol,/root/cc-perf-native-recv-0909/gc-leaf-census-20260911/compile-v2/cc-diagnostic,perry_runtime::object::field_get_set::ic_miss::pic_prime_get,no_pgcm_function_at_start,,1,5305014
command,main_thread,other_application_symbol,/root/cc-perf-native-recv-0909/gc-leaf-census-20260911/compile-v2/cc-diagnostic,perry_runtime::proxy::ordinary_set_with_receiver,no_pgcm_function_at_start,,1,5304967
command,main_thread,runtime_helper_source_bound,/root/cc-perf-native-recv-0909/gc-leaf-census-20260911/compile-v2/cc-diagnostic,perry_transition_cache_base,no_pgcm_function_at_start,,1,5304902
between_phases,main_thread,other_application_symbol,/root/cc-perf-native-recv-0909/gc-leaf-census-20260911/compile-v2/cc-diagnostic,perry_runtime::object::field_get_set::accessors::default_object_prototype_property_value,no_pgcm_function_at_start,,1,5304013
command,main_thread,other_dso,/usr/lib/x86_64-linux-gnu/libc.so.6,__strlen_evex,not_application_dso,,1,5303760
command,main_thread,other_application_symbol,/root/cc-perf-native-recv-0909/gc-leaf-census-20260911/compile-v2/cc-diagnostic,perry_runtime::typedarray::load_at,no_pgcm_function_at_start,,1,5303396
command,main_thread,other_application_symbol,/root/cc-perf-native-recv-0909/gc-leaf-census-20260911/compile-v2/cc-diagnostic,perry_runtime::object::class_registry::parent_static::is_registered_class_prototype_object,no_pgcm_function_at_start,,1,5302905
command,main_thread,other_application_symbol,/root/cc-perf-native-recv-0909/gc-leaf-census-20260911/compile-v2/cc-diagnostic,"<perry_runtime::gc::roots::runtime_handles::RuntimeHandle>::across_mut::<perry_runtime::json_tape::LazyArrayHeader, (), perry_runtime::json_tape::reparse_materialize::{closure#1}>",no_pgcm_function_at_start,,1,5301024
command,main_thread,other_dso,/usr/lib/x86_64-linux-gnu/libc.so.6,__strncmp_evex,not_application_dso,,1,5300833
command,main_thread,other_application_symbol,/root/cc-perf-native-recv-0909/gc-leaf-census-20260911/compile-v2/cc-diagnostic,"<std::thread::local::LocalKey<core::cell::RefCell<std::collections::hash::map::HashMap<usize, perry_runtime::typedarray_view::ViewMeta, perry_runtime::fast_hash::PtrHasher>>>>::with::<perry_runtime::typedarray_view::view_meta_of::{closure#0}, core::option::Option<perry_runtime::typedarray_view::ViewMeta>>",no_pgcm_function_at_start,,1,5300089
command,main_thread,runtime_helper_source_bound,/root/cc-perf-native-recv-0909/gc-leaf-census-20260911/compile-v2/cc-diagnostic,js_string_slice,no_pgcm_function_at_start,,1,5298780
command,main_thread,other_application_symbol,/root/cc-perf-native-recv-0909/gc-leaf-census-20260911/compile-v2/cc-diagnostic,perry_runtime::typedarray::typed_array_fast_index_get,no_pgcm_function_at_start,,1,5298127
command,main_thread,other_application_symbol,/root/cc-perf-native-recv-0909/gc-leaf-census-20260911/compile-v2/cc-diagnostic,perry_runtime::async_hooks::scopes::run_provider_completion::<perry_runtime::node_submodules::blob::blob_reader_promise_value::{closure#0}>::{closure#2},no_pgcm_function_at_start,,1,5296781
command,main_thread,other_application_symbol,/root/cc-perf-native-recv-0909/gc-leaf-census-20260911/compile-v2/cc-diagnostic,perry_runtime::object::native_call_method::string_methods::dispatch_string,no_pgcm_function_at_start,,1,5296405
command,main_thread,compiled_function_prefix,/root/cc-perf-native-recv-0909/gc-leaf-census-20260911/compile-v2/cc-diagnostic,perry_fn_cli_2_1_112_js__mv5,exact_start_and_symbol,84:404,1,5296174
startup,main_thread,other_application_symbol,/root/cc-perf-native-recv-0909/gc-leaf-census-20260911/compile-v2/cc-diagnostic,perry_runtime::iter_result::build_iter_result_ordered,no_pgcm_function_at_start,,1,5295063
command,main_thread,runtime_helper_source_bound,/root/cc-perf-native-recv-0909/gc-leaf-census-20260911/compile-v2/cc-diagnostic,js_class_field_set_ic,no_pgcm_function_at_start,,1,5294097
command,main_thread,other_application_symbol,/root/cc-perf-native-recv-0909/gc-leaf-census-20260911/compile-v2/cc-diagnostic,perry_runtime::object::native_call_method::common_methods::dispatch_common,no_pgcm_function_at_start,,1,5293710
command,main_thread,other_application_symbol,/root/cc-perf-native-recv-0909/gc-leaf-census-20260911/compile-v2/cc-diagnostic,perry_stdlib::streams::byob::has_pending,no_pgcm_function_at_start,,1,5293321
startup,main_thread,compiled_function_prefix,/root/cc-perf-native-recv-0909/gc-leaf-census-20260911/compile-v2/cc-diagnostic,perry_closure_cli_2_1_112_js__10699,exact_start_and_symbol,2:51,1,5292802
startup,main_thread,other_application_symbol,/root/cc-perf-native-recv-0909/gc-leaf-census-20260911/compile-v2/cc-diagnostic,perry_runtime::object::descriptor_state::clear_property_attrs,no_pgcm_function_at_start,,1,5292537
command,main_thread,other_application_symbol,/root/cc-perf-native-recv-0909/gc-leaf-census-20260911/compile-v2/cc-diagnostic,perry_runtime::abi_trampoline::call_all_f64_x86_64,no_pgcm_function_at_start,,1,5292163
command,main_thread,other_application_symbol,/root/cc-perf-native-recv-0909/gc-leaf-census-20260911/compile-v2/cc-diagnostic,_mi_page_malloc_zero,no_pgcm_function_at_start,,1,5292146
command,main_thread,other_application_symbol,/root/cc-perf-native-recv-0909/gc-leaf-census-20260911/compile-v2/cc-diagnostic,<perry_runtime::gc::layout::HeapChildSlotIterator>::new,no_pgcm_function_at_start,,1,5290845
command,main_thread,runtime_helper_source_bound,/root/cc-perf-native-recv-0909/gc-leaf-census-20260911/compile-v2/cc-diagnostic,js_closure_call4,no_pgcm_function_at_start,,1,5290434
command,main_thread,other_application_symbol,/root/cc-perf-native-recv-0909/gc-leaf-census-20260911/compile-v2/cc-diagnostic,perry_runtime::object::iterator_prototypes::prototype_next_is_canonical,no_pgcm_function_at_start,,1,5289967
command,main_thread,other_application_symbol,/root/cc-perf-native-recv-0909/gc-leaf-census-20260911/compile-v2/cc-diagnostic,perry_runtime::gc::layout_tables::layout_payload_slot_count,no_pgcm_function_at_start,,1,5288122
command,main_thread,other_application_symbol,/root/cc-perf-native-recv-0909/gc-leaf-census-20260911/compile-v2/cc-diagnostic,perry_runtime::typed_feedback::guards::class_getter_in_chain,no_pgcm_function_at_start,,1,5287969
between_phases,main_thread,other_application_symbol,/root/cc-perf-native-recv-0909/gc-leaf-census-20260911/compile-v2/cc-diagnostic,mi_theap_malloc_aligned,no_pgcm_function_at_start,,1,5287826
command,main_thread,other_application_symbol,/root/cc-perf-native-recv-0909/gc-leaf-census-20260911/compile-v2/cc-diagnostic,perry_runtime::intl::segments_project::own_data,no_pgcm_function_at_start,,1,5287535
between_phases,main_thread,other_application_symbol,/root/cc-perf-native-recv-0909/gc-leaf-census-20260911/compile-v2/cc-diagnostic,perry_runtime::object::shapes::remove_descriptor_and_reverse_indices,no_pgcm_function_at_start,,1,5287267
command,main_thread,runtime_helper_source_bound,/root/cc-perf-native-recv-0909/gc-leaf-census-20260911/compile-v2/cc-diagnostic,js_for_of_next,no_pgcm_function_at_start,,1,5287071
command,main_thread,runtime_helper_source_bound,/root/cc-perf-native-recv-0909/gc-leaf-census-20260911/compile-v2/cc-diagnostic,js_require_object_coercible,no_pgcm_function_at_start,,1,5285034
between_phases,main_thread,other_application_symbol,/root/cc-perf-native-recv-0909/gc-leaf-census-20260911/compile-v2/cc-diagnostic,perry_runtime::gc::layout_tables::layout_key_may_be_nursery,no_pgcm_function_at_start,,1,5284559
command,main_thread,other_application_symbol,/root/cc-perf-native-recv-0909/gc-leaf-census-20260911/compile-v2/cc-diagnostic,perry_runtime::regex::lookup_repeat_matcher_for,no_pgcm_function_at_start,,1,5283548
between_phases,main_thread,other_application_symbol,/root/cc-perf-native-recv-0909/gc-leaf-census-20260911/compile-v2/cc-diagnostic,"<hashbrown::map::HashMap<usize, perry_runtime::object::arguments::ArgumentsMeta, perry_runtime::fast_hash::PtrHasher>>::insert",no_pgcm_function_at_start,,1,5282720
command,main_thread,other_application_symbol,/root/cc-perf-native-recv-0909/gc-leaf-census-20260911/compile-v2/cc-diagnostic,perry_runtime::object::native_call_method::primitive_methods::dispatch_primitive,no_pgcm_function_at_start,,1,5281666
command,main_thread,other_application_symbol,/root/cc-perf-native-recv-0909/gc-leaf-census-20260911/compile-v2/cc-diagnostic,perry_runtime::string::string_storage_alloc,no_pgcm_function_at_start,,1,5280953
command,main_thread,other_application_symbol,/root/cc-perf-native-recv-0909/gc-leaf-census-20260911/compile-v2/cc-diagnostic,perry_runtime::object::descriptor_state::get_property_attrs,no_pgcm_function_at_start,,1,5280244
command,main_thread,other_application_symbol,/root/cc-perf-native-recv-0909/gc-leaf-census-20260911/compile-v2/cc-diagnostic,<core::str::pattern::StrSearcher as core::str::pattern::Searcher>::next_match,no_pgcm_function_at_start,,1,5280167
command,main_thread,other_application_symbol,/root/cc-perf-native-recv-0909/gc-leaf-census-20260911/compile-v2/cc-diagnostic,perry_runtime::node_test::dispatch_object_method,no_pgcm_function_at_start,,1,5279653
command,main_thread,other_application_symbol,/root/cc-perf-native-recv-0909/gc-leaf-census-20260911/compile-v2/cc-diagnostic,perry_runtime::object::object_is_regular,no_pgcm_function_at_start,,1,5278546
startup,main_thread,other_application_symbol,/root/cc-perf-native-recv-0909/gc-leaf-census-20260911/compile-v2/cc-diagnostic,perry_runtime::typed_feedback::guards::descriptor_blocks_class_field_set,no_pgcm_function_at_start,,1,5278199
between_phases,main_thread,other_application_symbol,/root/cc-perf-native-recv-0909/gc-leaf-census-20260911/compile-v2/cc-diagnostic,perry_runtime::array::element_shape::clear_element_shape,no_pgcm_function_at_start,,1,5277834
startup,main_thread,other_application_symbol,/root/cc-perf-native-recv-0909/gc-leaf-census-20260911/compile-v2/cc-diagnostic,perry_runtime::gc::barrier::leaf::decode_raw_pointer_candidate,no_pgcm_function_at_start,,1,5276828
startup,main_thread,other_application_symbol,/root/cc-perf-native-recv-0909/gc-leaf-census-20260911/compile-v2/cc-diagnostic,"core::slice::sort::unstable::quicksort::quicksort::<u32, <u32 as core::cmp::PartialOrd>::lt>",no_pgcm_function_at_start,,1,5275518
command,main_thread,other_application_symbol,/root/cc-perf-native-recv-0909/gc-leaf-census-20260911/compile-v2/cc-diagnostic,perry_runtime::object::descriptor_state::set_accessor_descriptor,no_pgcm_function_at_start,,1,5275116
startup,main_thread,other_application_symbol,/root/cc-perf-native-recv-0909/gc-leaf-census-20260911/compile-v2/cc-diagnostic,<regex_syntax::ast::parse::ParserI<&mut regex_syntax::ast::parse::Parser>>::parse_with_comments,no_pgcm_function_at_start,,1,5274809
command,main_thread,other_application_symbol,/root/cc-perf-native-recv-0909/gc-leaf-census-20260911/compile-v2/cc-diagnostic,perry_runtime::gc::trace::drain_trace_worklist_step,no_pgcm_function_at_start,,1,5274612
startup,main_thread,other_application_symbol,/root/cc-perf-native-recv-0909/gc-leaf-census-20260911/compile-v2/cc-diagnostic,fancy_regex::vm::run,no_pgcm_function_at_start,,1,5274295
command,main_thread,other_application_symbol,/root/cc-perf-native-recv-0909/gc-leaf-census-20260911/compile-v2/cc-diagnostic,perry_runtime::closure::dispatch::bound::dispatch_bound_function,no_pgcm_function_at_start,,1,5274095
between_phases,main_thread,other_application_symbol,/root/cc-perf-native-recv-0909/gc-leaf-census-20260911/compile-v2/cc-diagnostic,perry_runtime::gc::types::gc_type_finalize_unmarked_payload,no_pgcm_function_at_start,,1,5272731
command,main_thread,other_application_symbol,/root/cc-perf-native-recv-0909/gc-leaf-census-20260911/compile-v2/cc-diagnostic,perry_runtime::array::push_pop::array_length_is_non_writable,no_pgcm_function_at_start,,1,5272699
startup,main_thread,compiled_function_prefix,/root/cc-perf-native-recv-0909/gc-leaf-census-20260911/compile-v2/cc-diagnostic,perry_closure_cli_2_1_112_js__38540,exact_start_and_symbol,95:202,1,5272535
startup,main_thread,runtime_helper_source_bound,/root/cc-perf-native-recv-0909/gc-leaf-census-20260911/compile-v2/cc-diagnostic,js_object_get_own_field_or_undef,no_pgcm_function_at_start,,1,5272177
startup,main_thread,other_application_symbol,/root/cc-perf-native-recv-0909/gc-leaf-census-20260911/compile-v2/cc-diagnostic,"<alloc::vec::Vec<char> as alloc::vec::spec_from_iter_nested::SpecFromIterNested<char, core::str::iter::Chars>>::from_iter",no_pgcm_function_at_start,,1,5270981
startup,main_thread,other_application_symbol,/root/cc-perf-native-recv-0909/gc-leaf-census-20260911/compile-v2/cc-diagnostic,perry_runtime::gc::verify::restore_surviving_dirty_coverage::{closure#0}::{closure#0},no_pgcm_function_at_start,,1,5269722
command,main_thread,other_application_symbol,/root/cc-perf-native-recv-0909/gc-leaf-census-20260911/compile-v2/cc-diagnostic,perry_runtime::object::field_get_set::accessors::ordinary_object_prototype_property_value,no_pgcm_function_at_start,,1,5269170
between_phases,main_thread,other_application_symbol,/root/cc-perf-native-recv-0909/gc-leaf-census-20260911/compile-v2/cc-diagnostic,perry_runtime::closure::dynamic_props::prune_dead_closure_side_table_owners,no_pgcm_function_at_start,,1,5269148
command,main_thread,other_application_symbol,/root/cc-perf-native-recv-0909/gc-leaf-census-20260911/compile-v2/cc-diagnostic,perry_runtime::gc::old_free::old_free_take_exact,no_pgcm_function_at_start,,1,5269147
command,main_thread,compiled_function_prefix,/root/cc-perf-native-recv-0909/gc-leaf-census-20260911/compile-v2/cc-diagnostic,perry_fn_cli_2_1_112_js__Ez4,exact_start_and_symbol,63:39,1,5269046
startup,main_thread,other_application_symbol,/root/cc-perf-native-recv-0909/gc-leaf-census-20260911/compile-v2/cc-diagnostic,perry_runtime::set::ensure_capacity,no_pgcm_function_at_start,,1,5269040
command,main_thread,other_application_symbol,/root/cc-perf-native-recv-0909/gc-leaf-census-20260911/compile-v2/cc-diagnostic,perry_runtime::closure::alloc::scan_singleton_closure_roots_mut,no_pgcm_function_at_start,,1,5268920
between_phases,main_thread,other_application_symbol,/root/cc-perf-native-recv-0909/gc-leaf-census-20260911/compile-v2/cc-diagnostic,<perry_runtime::gc::roots::RuntimeRootVisitor>::visit_metadata_usize_slot,no_pgcm_function_at_start,,1,5268839
command,main_thread,other_application_symbol,/root/cc-perf-native-recv-0909/gc-leaf-census-20260911/compile-v2/cc-diagnostic,perry_runtime::buffer::header::is_data_view,no_pgcm_function_at_start,,1,5268454
command,main_thread,runtime_helper_source_bound,/root/cc-perf-native-recv-0909/gc-leaf-census-20260911/compile-v2/cc-diagnostic,js_dynamic_string_or_number_add,no_pgcm_function_at_start,,1,5267974
startup,main_thread,runtime_helper_source_bound,/root/cc-perf-native-recv-0909/gc-leaf-census-20260911/compile-v2/cc-diagnostic,js_string_slice,no_pgcm_function_at_start,,1,5267833
startup,main_thread,other_application_symbol,/root/cc-perf-native-recv-0909/gc-leaf-census-20260911/compile-v2/cc-diagnostic,perry_runtime::gc::layout_tables::prune_dead_per_object_layout_owners,no_pgcm_function_at_start,,1,5267824
command,main_thread,runtime_helper_source_bound,/root/cc-perf-native-recv-0909/gc-leaf-census-20260911/compile-v2/cc-diagnostic,js_promise_new_with_executor,no_pgcm_function_at_start,,1,5267362
command,main_thread,other_application_symbol,/root/cc-perf-native-recv-0909/gc-leaf-census-20260911/compile-v2/cc-diagnostic,perry_runtime::typed_feedback::object_key_matches_field,no_pgcm_function_at_start,,1,5267199
command,main_thread,runtime_helper_source_bound,/root/cc-perf-native-recv-0909/gc-leaf-census-20260911/compile-v2/cc-diagnostic,js_iterator_result_validate,no_pgcm_function_at_start,,1,5265626
command,main_thread,other_application_symbol,/root/cc-perf-native-recv-0909/gc-leaf-census-20260911/compile-v2/cc-diagnostic,perry_runtime::gc::layout_tables::per_object_slot_mask,no_pgcm_function_at_start,,1,5265121
command,main_thread,other_application_symbol,/root/cc-perf-native-recv-0909/gc-leaf-census-20260911/compile-v2/cc-diagnostic,perry_runtime::collection_iter_object::dispatch_map_iterator_method_emit::{closure#1},no_pgcm_function_at_start,,1,5264995
command,main_thread,other_application_symbol,/root/cc-perf-native-recv-0909/gc-leaf-census-20260911/compile-v2/cc-diagnostic,perry_runtime::typed_feedback::guards::descriptor_blocks_class_field_get,no_pgcm_function_at_start,,1,5264911
startup,main_thread,other_application_symbol,/root/cc-perf-native-recv-0909/gc-leaf-census-20260911/compile-v2/cc-diagnostic,perry_runtime::object::alloc::object_alloc_class_inline_keys_impl,no_pgcm_function_at_start,,1,5264670
startup,main_thread,runtime_helper_source_bound,/root/cc-perf-native-recv-0909/gc-leaf-census-20260911/compile-v2/cc-diagnostic,js_box_get_bits,no_pgcm_function_at_start,,1,5264174
startup,main_thread,other_application_symbol,/root/cc-perf-native-recv-0909/gc-leaf-census-20260911/compile-v2/cc-diagnostic,perry_runtime::gc::barrier::write_barrier_decoded_parent,no_pgcm_function_at_start,,1,5263995
between_phases,main_thread,runtime_helper_source_bound,/root/cc-perf-native-recv-0909/gc-leaf-census-20260911/compile-v2/cc-diagnostic,js_object_get_field_ic,no_pgcm_function_at_start,,1,5262512
startup,main_thread,other_application_symbol,/root/cc-perf-native-recv-0909/gc-leaf-census-20260911/compile-v2/cc-diagnostic,perry_runtime::gc::old_free::old_free_take_exact,no_pgcm_function_at_start,,1,5260605
command,main_thread,runtime_helper_source_bound,/root/cc-perf-native-recv-0909/gc-leaf-census-20260911/compile-v2/cc-diagnostic,js_string_from_bytes_with_capacity,no_pgcm_function_at_start,,1,5259577
startup,main_thread,other_application_symbol,/root/cc-perf-native-recv-0909/gc-leaf-census-20260911/compile-v2/cc-diagnostic,perry_runtime::gc::layout_slot_visit::visit_gc_rewrite_slot_descriptors::<perry_runtime::gc::layout_slot_visit::visit_gc_rewrite_slots<perry_runtime::gc::verify::restore_surviving_dirty_coverage::{closure#0}::{closure#0}>::{closure#0}>,no_pgcm_function_at_start,,1,5259385
between_phases,main_thread,other_application_symbol,/root/cc-perf-native-recv-0909/gc-leaf-census-20260911/compile-v2/cc-diagnostic,perry_runtime::symbol::is_immortal_symbol_pointer,no_pgcm_function_at_start,,1,5257310
between_phases,main_thread,compiled_function_prefix,/root/cc-perf-native-recv-0909/gc-leaf-census-20260911/compile-v2/cc-diagnostic,perry_closure_cli_2_1_112_js__37402,exact_start_and_symbol,94:191,1,5257117
command,main_thread,other_application_symbol,/root/cc-perf-native-recv-0909/gc-leaf-census-20260911/compile-v2/cc-diagnostic,perry_runtime::state::state,no_pgcm_function_at_start,,1,5256210
startup,main_thread,runtime_helper_source_bound,/root/cc-perf-native-recv-0909/gc-leaf-census-20260911/compile-v2/cc-diagnostic,perry_transition_cache_base,no_pgcm_function_at_start,,1,5254248
command,main_thread,other_application_symbol,/root/cc-perf-native-recv-0909/gc-leaf-census-20260911/compile-v2/cc-diagnostic,perry_runtime::object::field_get_set::accessors::array_subclass_prototype_field,no_pgcm_function_at_start,,1,5254188
command,main_thread,other_application_symbol,/root/cc-perf-native-recv-0909/gc-leaf-census-20260911/compile-v2/cc-diagnostic,perry_runtime::buffer::own_props::buffer_get_own_prop,no_pgcm_function_at_start,,1,5254167
between_phases,main_thread,other_application_symbol,/root/cc-perf-native-recv-0909/gc-leaf-census-20260911/compile-v2/cc-diagnostic,"<perry_runtime::object::class_image::ImageTable<std::sync::poison::rwlock::RwLock<core::option::Option<std::collections::hash::map::HashMap<u32, perry_runtime::object::class_registry::state::ClassVTable, perry_runtime::fast_hash::PtrHasher>>>>>::read",no_pgcm_function_at_start,,1,5251885
between_phases,main_thread,compiled_function_prefix,/root/cc-perf-native-recv-0909/gc-leaf-census-20260911/compile-v2/cc-diagnostic,perry_closure_cli_2_1_112_js__37213,exact_start_and_symbol,31:81,1,5251100
between_phases,main_thread,other_application_symbol,/root/cc-perf-native-recv-0909/gc-leaf-census-20260911/compile-v2/cc-diagnostic,ring_core_0_17_14__bn_sqrx8x_internal,no_pgcm_function_at_start,,1,5250375
command,main_thread,other_application_symbol,/root/cc-perf-native-recv-0909/gc-leaf-census-20260911/compile-v2/cc-diagnostic,perry_runtime::array::element_shape::note_element_store_with_bit,no_pgcm_function_at_start,,1,5248620
startup,main_thread,other_application_symbol,/root/cc-perf-native-recv-0909/gc-leaf-census-20260911/compile-v2/cc-diagnostic,<regex_syntax::utf8::Utf8Sequences as core::iter::traits::iterator::Iterator>::next,no_pgcm_function_at_start,,1,5247216
startup,main_thread,runtime_helper_source_bound,/root/cc-perf-native-recv-0909/gc-leaf-census-20260911/compile-v2/cc-diagnostic,js_object_define_property,no_pgcm_function_at_start,,1,5246997
command,main_thread,runtime_helper_source_bound,/root/cc-perf-native-recv-0909/gc-leaf-census-20260911/compile-v2/cc-diagnostic,js_array_push_guard,no_pgcm_function_at_start,,1,5246906
between_phases,main_thread,other_application_symbol,/root/cc-perf-native-recv-0909/gc-leaf-census-20260911/compile-v2/cc-diagnostic,perry_runtime::iter_result::build_iter_result_ordered,no_pgcm_function_at_start,,1,5246723
startup,main_thread,other_application_symbol,/root/cc-perf-native-recv-0909/gc-leaf-census-20260911/compile-v2/cc-diagnostic,perry_runtime::iter_result::emit_iter_result_cached,no_pgcm_function_at_start,,1,5246447
command,main_thread,other_application_symbol,/root/cc-perf-native-recv-0909/gc-leaf-census-20260911/compile-v2/cc-diagnostic,perry_runtime::collection_iter_object::dispatch_map_iterator_method_emit,no_pgcm_function_at_start,,1,5246265
between_phases,main_thread,other_application_symbol,/root/cc-perf-native-recv-0909/gc-leaf-census-20260911/compile-v2/cc-diagnostic,perry_runtime::gc::barrier::runtime_stores::remembered_dirty_page_count,no_pgcm_function_at_start,,1,5243045
startup,main_thread,runtime_helper_source_bound,/root/cc-perf-native-recv-0909/gc-leaf-census-20260911/compile-v2/cc-diagnostic,js_closure_call1,no_pgcm_function_at_start,,1,5239378
startup,foreign_pid,other_dso,/usr/lib/x86_64-linux-gnu/libstdc++.so.6.0.33,std::_Rb_tree_decrement(std::_Rb_tree_node_base*),not_application_dso,,1,5239263
command,main_thread,other_application_symbol,/root/cc-perf-native-recv-0909/gc-leaf-census-20260911/compile-v2/cc-diagnostic,perry_runtime::promise::reactions::js_promise_attach_settle_listener,no_pgcm_function_at_start,,1,5238956
command,main_thread,compiled_function_prefix,/root/cc-perf-native-recv-0909/gc-leaf-census-20260911/compile-v2/cc-diagnostic,perry_fn_cli_2_1_112_js__rlY,exact_start_and_symbol,40:154,1,5238832
command,main_thread,other_application_symbol,/root/cc-perf-native-recv-0909/gc-leaf-census-20260911/compile-v2/cc-diagnostic,perry_runtime::gc::barrier::write_barrier_decoded_parent,no_pgcm_function_at_start,,1,5236950
command,main_thread,other_application_symbol,/root/cc-perf-native-recv-0909/gc-leaf-census-20260911/compile-v2/cc-diagnostic,perry_runtime::gc::trace::trace_heap_rewrite_slots::{closure#0}::{closure#0},no_pgcm_function_at_start,,1,5236901
command,main_thread,compiled_function_prefix,/root/cc-perf-native-recv-0909/gc-leaf-census-20260911/compile-v2/cc-diagnostic,perry_fn_cli_2_1_112_js__Wa6.__arena,exact_start_and_symbol,55:0,1,5236095
startup,main_thread,other_application_symbol,/root/cc-perf-native-recv-0909/gc-leaf-census-20260911/compile-v2/cc-diagnostic,<perry_runtime::object::shapes::ShapeTableInner>::family_append_fresh,no_pgcm_function_at_start,,1,5234697
startup,main_thread,other_application_symbol,/root/cc-perf-native-recv-0909/gc-leaf-census-20260911/compile-v2/cc-diagnostic,<perry_runtime::object::shapes::shapes_slot_list::SlotIndex>::drain_pairs,no_pgcm_function_at_start,,1,5232824
startup,main_thread,other_application_symbol,/root/cc-perf-native-recv-0909/gc-leaf-census-20260911/compile-v2/cc-diagnostic,perry_runtime::object::descriptor_state::set_property_attrs,no_pgcm_function_at_start,,1,5232719
command,main_thread,other_dso,/usr/lib/x86_64-linux-gnu/libc.so.6,__memset_avx512_unaligned_erms,not_application_dso,,1,5232532
between_phases,main_thread,other_application_symbol,/root/cc-perf-native-recv-0909/gc-leaf-census-20260911/compile-v2/cc-diagnostic,perry_runtime::object::field_set_by_name::tail::set_field_by_name_object_tail,no_pgcm_function_at_start,,1,5231051
command,main_thread,runtime_helper_source_bound,/root/cc-perf-native-recv-0909/gc-leaf-census-20260911/compile-v2/cc-diagnostic,js_eh_try_push,no_pgcm_function_at_start,,1,5231048
command,main_thread,other_application_symbol,/root/cc-perf-native-recv-0909/gc-leaf-census-20260911/compile-v2/cc-diagnostic,perry_runtime::object::prop_plan::store_plan_check,no_pgcm_function_at_start,,1,5230144
startup,main_thread,compiled_function_prefix,/root/cc-perf-native-recv-0909/gc-leaf-census-20260911/compile-v2/cc-diagnostic,perry_closure_cli_2_1_112_js__62845,exact_start_and_symbol,15:50,1,5229527
command,main_thread,compiled_function_prefix,/root/cc-perf-native-recv-0909/gc-leaf-census-20260911/compile-v2/cc-diagnostic,perry_fn_cli_2_1_112_js__nR_,exact_start_and_symbol,84:16,1,5228610
startup,main_thread,other_application_symbol,/root/cc-perf-native-recv-0909/gc-leaf-census-20260911/compile-v2/cc-diagnostic,perry_runtime::proxy::small_handle_from_value,no_pgcm_function_at_start,,1,5227419
between_phases,main_thread,other_application_symbol,/root/cc-perf-native-recv-0909/gc-leaf-census-20260911/compile-v2/cc-diagnostic,perry_runtime::object::meta_accessors::object_meta_ensure_for_cell,no_pgcm_function_at_start,,1,5227242
between_phases,main_thread,other_application_symbol,/root/cc-perf-native-recv-0909/gc-leaf-census-20260911/compile-v2/cc-diagnostic,perry_runtime::gc::old_free::old_free_take_exact,no_pgcm_function_at_start,,1,5226461
startup,main_thread,other_application_symbol,/root/cc-perf-native-recv-0909/gc-leaf-census-20260911/compile-v2/cc-diagnostic,perry_runtime::symbol::well_known_symbol,no_pgcm_function_at_start,,1,5226312
command,main_thread,other_application_symbol,/root/cc-perf-native-recv-0909/gc-leaf-census-20260911/compile-v2/cc-diagnostic,perry_runtime::url::search_params::shape_is_url_search_params,no_pgcm_function_at_start,,1,5226072
command,main_thread,other_application_symbol,/root/cc-perf-native-recv-0909/gc-leaf-census-20260911/compile-v2/cc-diagnostic,perry_runtime::array::header_gc_slots::store_array_slot_resolved,no_pgcm_function_at_start,,1,5225391
startup,main_thread,other_application_symbol,/root/cc-perf-native-recv-0909/gc-leaf-census-20260911/compile-v2/cc-diagnostic,<perry_runtime::gc::roots::RuntimeRootVisitor>::visit_tagged_raw_addr,no_pgcm_function_at_start,,1,5225108
between_phases,main_thread,other_application_symbol,/root/cc-perf-native-recv-0909/gc-leaf-census-20260911/compile-v2/cc-diagnostic,<perry_runtime::string::OwnedStringBytes>::copy_of_key,no_pgcm_function_at_start,,1,5220922
command,main_thread,compiled_function_prefix,/root/cc-perf-native-recv-0909/gc-leaf-census-20260911/compile-v2/cc-diagnostic,perry_closure_cli_2_1_112_js__82335,exact_start_and_symbol,68:41,1,5220025
between_phases,main_thread,other_application_symbol,/root/cc-perf-native-recv-0909/gc-leaf-census-20260911/compile-v2/cc-diagnostic,perry_runtime::object::class_registry::state::class_decl_prototype_object,no_pgcm_function_at_start,,1,5219238
command,main_thread,other_application_symbol,/root/cc-perf-native-recv-0909/gc-leaf-census-20260911/compile-v2/cc-diagnostic,perry_runtime::closure::registry::resolve_strategy_slow,no_pgcm_function_at_start,,1,5219219
between_phases,main_thread,other_application_symbol,/root/cc-perf-native-recv-0909/gc-leaf-census-20260911/compile-v2/cc-diagnostic,perry_runtime::native_handle::canonical::is_canonical_handle_addr,no_pgcm_function_at_start,,1,5218933
between_phases,main_thread,other_application_symbol,/root/cc-perf-native-recv-0909/gc-leaf-census-20260911/compile-v2/cc-diagnostic,perry_runtime::object::native_call_method::gc_pointer_and_type_from_value,no_pgcm_function_at_start,,1,5218884
between_phases,foreign_pid,other_dso,/usr/bin/node,v8::internal::ParserBase<v8::internal::Parser>::ParseLogicalExpression(),not_application_dso,,1,5217333
between_phases,main_thread,other_application_symbol,/root/cc-perf-native-recv-0909/gc-leaf-census-20260911/compile-v2/cc-diagnostic,perry_runtime::object::descriptor_state::get_accessor_descriptor,no_pgcm_function_at_start,,1,5217283
between_phases,main_thread,compiled_function_prefix,/root/cc-perf-native-recv-0909/gc-leaf-census-20260911/compile-v2/cc-diagnostic,perry_fn_cli_2_1_112_js__GW7,exact_start_and_symbol,8:0,1,5216638
between_phases,main_thread,other_dso,/usr/lib/x86_64-linux-gnu/libc.so.6,__memset_avx512_unaligned_erms,not_application_dso,,1,5216082
command,main_thread,compiled_function_prefix,/root/cc-perf-native-recv-0909/gc-leaf-census-20260911/compile-v2/cc-diagnostic,perry_fn_cli_2_1_112_js___f5,exact_start_and_symbol,31:75,1,5215980
between_phases,main_thread,compiled_function_prefix,/root/cc-perf-native-recv-0909/gc-leaf-census-20260911/compile-v2/cc-diagnostic,perry_closure_cli_2_1_112_js__42815,exact_start_and_symbol,71:92,1,5215268
between_phases,main_thread,other_application_symbol,/root/cc-perf-native-recv-0909/gc-leaf-census-20260911/compile-v2/cc-diagnostic,perry_runtime::object::live_slots::object_live_slot_count,no_pgcm_function_at_start,,1,5214813
between_phases,main_thread,other_application_symbol,/root/cc-perf-native-recv-0909/gc-leaf-census-20260911/compile-v2/cc-diagnostic,perry_runtime::buffer::header::foreign_backing,no_pgcm_function_at_start,,1,5214760
between_phases,main_thread,other_application_symbol,/root/cc-perf-native-recv-0909/gc-leaf-census-20260911/compile-v2/cc-diagnostic,perry_runtime::buffer::header::is_data_view,no_pgcm_function_at_start,,1,5213089
startup,main_thread,other_application_symbol,/root/cc-perf-native-recv-0909/gc-leaf-census-20260911/compile-v2/cc-diagnostic,perry_runtime::object::keys_lookup::keys_find_slot_by_key_ptr,no_pgcm_function_at_start,,1,5212923
between_phases,main_thread,compiled_function_prefix,/root/cc-perf-native-recv-0909/gc-leaf-census-20260911/compile-v2/cc-diagnostic,perry_closure_cli_2_1_112_js__42816,exact_start_and_symbol,4:116,1,5211576
between_phases,main_thread,other_application_symbol,/root/cc-perf-native-recv-0909/gc-leaf-census-20260911/compile-v2/cc-diagnostic,perry_runtime::typedarray_props::typed_array_own_prop_snapshot,no_pgcm_function_at_start,,1,5206330
command,main_thread,other_application_symbol,/root/cc-perf-native-recv-0909/gc-leaf-census-20260911/compile-v2/cc-diagnostic,<alloc::string::String>::from_utf8_lossy,no_pgcm_function_at_start,,1,5206241
command,main_thread,runtime_helper_source_bound,/root/cc-perf-native-recv-0909/gc-leaf-census-20260911/compile-v2/cc-diagnostic,js_string_coerce,no_pgcm_function_at_start,,1,5204638
between_phases,main_thread,other_application_symbol,/root/cc-perf-native-recv-0909/gc-leaf-census-20260911/compile-v2/cc-diagnostic,perry_runtime::string::intern::intern_dispatch_bytes,no_pgcm_function_at_start,,1,5204416
startup,main_thread,runtime_helper_source_bound,/root/cc-perf-native-recv-0909/gc-leaf-census-20260911/compile-v2/cc-diagnostic,js_closure_call0,no_pgcm_function_at_start,,1,5202921
between_phases,main_thread,other_application_symbol,/root/cc-perf-native-recv-0909/gc-leaf-census-20260911/compile-v2/cc-diagnostic,perry_runtime::typedarray_view::clear_view_meta,no_pgcm_function_at_start,,1,5197409
command,main_thread,other_application_symbol,/root/cc-perf-native-recv-0909/gc-leaf-census-20260911/compile-v2/cc-diagnostic,perry_runtime::gc::barrier_store::runtime_store_jsvalue_slot,no_pgcm_function_at_start,,1,5191729
startup,main_thread,other_application_symbol,/root/cc-perf-native-recv-0909/gc-leaf-census-20260911/compile-v2/cc-diagnostic,perry_runtime::object::field_get_set::fetch_subclass_handle_id,no_pgcm_function_at_start,,1,5188632
startup,main_thread,other_application_symbol,/root/cc-perf-native-recv-0909/gc-leaf-census-20260911/compile-v2/cc-diagnostic,<regex_automata::dfa::dense::DFA<alloc::vec::Vec<u32>> as regex_automata::dfa::automaton::Automaton>::start_state_forward,no_pgcm_function_at_start,,1,5188434
startup,main_thread,runtime_helper_source_bound,/root/cc-perf-native-recv-0909/gc-leaf-census-20260911/compile-v2/cc-diagnostic,js_object_alloc_class_inline_keys_stamped,no_pgcm_function_at_start,,1,5187733
between_phases,main_thread,other_application_symbol,/root/cc-perf-native-recv-0909/gc-leaf-census-20260911/compile-v2/cc-diagnostic,perry_runtime::gc::barrier::write_barrier_slot_decoded,no_pgcm_function_at_start,,1,5187277
command,main_thread,other_application_symbol,/root/cc-perf-native-recv-0909/gc-leaf-census-20260911/compile-v2/cc-diagnostic,perry_eh_personality,no_pgcm_function_at_start,,1,5184718
startup,main_thread,other_application_symbol,/root/cc-perf-native-recv-0909/gc-leaf-census-20260911/compile-v2/cc-diagnostic,perry_runtime::object::arguments::arguments_object_set_field,no_pgcm_function_at_start,,1,5180092
startup,main_thread,other_application_symbol,/root/cc-perf-native-recv-0909/gc-leaf-census-20260911/compile-v2/cc-diagnostic,"<hashbrown::map::HashMap<usize, (), perry_runtime::fast_hash::PtrHasher>>::insert",no_pgcm_function_at_start,,1,5179275
startup,main_thread,other_application_symbol,/root/cc-perf-native-recv-0909/gc-leaf-census-20260911/compile-v2/cc-diagnostic,perry_runtime::value::equality::resolve_forwarding,no_pgcm_function_at_start,,1,5178629
command,main_thread,other_application_symbol,/root/cc-perf-native-recv-0909/gc-leaf-census-20260911/compile-v2/cc-diagnostic,<perry_runtime::object::shapes::shapes_store::IdList>::remove_inline,no_pgcm_function_at_start,,1,5178308
between_phases,main_thread,other_application_symbol,/root/cc-perf-native-recv-0909/gc-leaf-census-20260911/compile-v2/cc-diagnostic,"<core::iter::adapters::filter::Filter<core::iter::adapters::copied::Copied<std::collections::hash::map::Keys<usize, perry_runtime::set::SetSideAllocation>>, perry_runtime::set::collect_dead_registered_sets_post_trace::{closure#0}::{closure#0}> as core::iter::traits::iterator::Iterator>::next",no_pgcm_function_at_start,,1,5172903
command,main_thread,runtime_helper_source_bound,/root/cc-perf-native-recv-0909/gc-leaf-census-20260911/compile-v2/cc-diagnostic,js_get_string_pointer_unified,no_pgcm_function_at_start,,1,5172554
startup,main_thread,other_application_symbol,/root/cc-perf-native-recv-0909/gc-leaf-census-20260911/compile-v2/cc-diagnostic,perry_runtime::arena::page_meta::old_object_page_overlaps,no_pgcm_function_at_start,,1,5172537
between_phases,main_thread,other_application_symbol,/root/cc-perf-native-recv-0909/gc-leaf-census-20260911/compile-v2/cc-diagnostic,perry_runtime::gc::barrier_store::barrier_child_prologue,no_pgcm_function_at_start,,1,5166867
between_phases,main_thread,compiled_function_prefix,/root/cc-perf-native-recv-0909/gc-leaf-census-20260911/compile-v2/cc-diagnostic,perry_closure_cli_2_1_112_js__37415,exact_start_and_symbol,93:64,1,5166075
startup,main_thread,runtime_helper_source_bound,/root/cc-perf-native-recv-0909/gc-leaf-census-20260911/compile-v2/cc-diagnostic,js_closure_get_capture_bits,no_pgcm_function_at_start,,1,5163188
startup,main_thread,other_application_symbol,/root/cc-perf-native-recv-0909/gc-leaf-census-20260911/compile-v2/cc-diagnostic,perry_runtime::arena::page_meta::classify_heap_generation_uncached,no_pgcm_function_at_start,,1,5157115
between_phases,foreign_pid,other_dso,/usr/bin/node,v8::internal::interpreter::BytecodeRegisterOptimizer::RegisterListFreeEvent(v8::internal::interpreter::RegisterList),not_application_dso,,1,5152562
command,main_thread,other_application_symbol,/root/cc-perf-native-recv-0909/gc-leaf-census-20260911/compile-v2/cc-diagnostic,perry_runtime::async_hooks::is_async_resource_handle,no_pgcm_function_at_start,,1,5150206
startup,main_thread,other_application_symbol,/root/cc-perf-native-recv-0909/gc-leaf-census-20260911/compile-v2/cc-diagnostic,<regex_syntax::hir::interval::IntervalSet<regex_syntax::hir::ClassUnicodeRange>>::canonicalize,no_pgcm_function_at_start,,1,5150197
between_phases,main_thread,other_application_symbol,/root/cc-perf-native-recv-0909/gc-leaf-census-20260911/compile-v2/cc-diagnostic,perry_runtime::object::class_registry::parent_static::lookup_class_method_in_chain,no_pgcm_function_at_start,,1,5148116
command,main_thread,other_application_symbol,/root/cc-perf-native-recv-0909/gc-leaf-census-20260911/compile-v2/cc-diagnostic,perry_runtime::buffer::access::read_buffer_byte,no_pgcm_function_at_start,,1,5142905
command,main_thread,other_application_symbol,/root/cc-perf-native-recv-0909/gc-leaf-census-20260911/compile-v2/cc-diagnostic,perry_runtime::object::descriptor_state::object_proto_may_intercept_key,no_pgcm_function_at_start,,1,5142490
between_phases,main_thread,other_application_symbol,/root/cc-perf-native-recv-0909/gc-leaf-census-20260911/compile-v2/cc-diagnostic,perry_runtime::object::class_registry::dispatch::vtable_ic_lookup::{closure#0},no_pgcm_function_at_start,,1,5134086
command,main_thread,other_application_symbol,/root/cc-perf-native-recv-0909/gc-leaf-census-20260911/compile-v2/cc-diagnostic,perry_runtime::buffer::header::is_array_buffer,no_pgcm_function_at_start,,1,5120720
command,main_thread,runtime_helper_source_bound,/root/cc-perf-native-recv-0909/gc-leaf-census-20260911/compile-v2/cc-diagnostic,js_closure_get_capture_bits,no_pgcm_function_at_start,,1,5119561
startup,main_thread,runtime_helper_source_bound,/root/cc-perf-native-recv-0909/gc-leaf-census-20260911/compile-v2/cc-diagnostic,js_array_concat,no_pgcm_function_at_start,,1,5113473
between_phases,main_thread,other_application_symbol,/root/cc-perf-native-recv-0909/gc-leaf-census-20260911/compile-v2/cc-diagnostic,perry_runtime::gc::layout_tables::slot_masks_insert,no_pgcm_function_at_start,,1,5110901
command,main_thread,compiled_function_prefix,/root/cc-perf-native-recv-0909/gc-leaf-census-20260911/compile-v2/cc-diagnostic,perry_closure_cli_2_1_112_js__37426,exact_start_and_symbol,75:13,1,5109795
startup,main_thread,other_application_symbol,/root/cc-perf-native-recv-0909/gc-leaf-census-20260911/compile-v2/cc-diagnostic,perry_runtime::arena::block::arena_cell_alloc,no_pgcm_function_at_start,,1,5108236
startup,main_thread,other_application_symbol,/root/cc-perf-native-recv-0909/gc-leaf-census-20260911/compile-v2/cc-diagnostic,perry_runtime::buffer::header::is_array_buffer,no_pgcm_function_at_start,,1,5107082
startup,foreign_pid,other_dso,/usr/bin/node,"v8::internal::interpreter::BytecodeRegisterOptimizer::RegisterTransfer(v8::internal::interpreter::BytecodeRegisterOptimizer::RegisterInfo*, v8::internal::interpreter::BytecodeRegisterOptimizer::RegisterInfo*)",not_application_dso,,1,5106581
startup,main_thread,other_application_symbol,/root/cc-perf-native-recv-0909/gc-leaf-census-20260911/compile-v2/cc-diagnostic,perry_runtime::object::field_set_by_name::fast_paths::object_set_field_by_name_transition_fast_impl_value,no_pgcm_function_at_start,,1,5103923
between_phases,main_thread,other_application_symbol,/root/cc-perf-native-recv-0909/gc-leaf-census-20260911/compile-v2/cc-diagnostic,perry_runtime::object::class_registry::prototype_objects::class_prototype_object,no_pgcm_function_at_start,,1,5101937
command,main_thread,other_application_symbol,/root/cc-perf-native-recv-0909/gc-leaf-census-20260911/compile-v2/cc-diagnostic,perry_runtime::object::field_get_set::enumeration::canonical_array_index,no_pgcm_function_at_start,,1,5100976
startup,main_thread,other_application_symbol,/root/cc-perf-native-recv-0909/gc-leaf-census-20260911/compile-v2/cc-diagnostic,<regex_automata::meta::strategy::Core as regex_automata::meta::strategy::Strategy>::search_slots,no_pgcm_function_at_start,,1,5100829
startup,main_thread,runtime_helper_source_bound,/root/cc-perf-native-recv-0909/gc-leaf-census-20260911/compile-v2/cc-diagnostic,js_typed_feedback_class_field_get_guard,no_pgcm_function_at_start,,1,5086184
command,main_thread,other_application_symbol,/root/cc-perf-native-recv-0909/gc-leaf-census-20260911/compile-v2/cc-diagnostic,"core::slice::sort::unstable::quicksort::quicksort::<u32, <u32 as core::cmp::PartialOrd>::lt>",no_pgcm_function_at_start,,1,5084631
command,main_thread,compiled_function_prefix,/root/cc-perf-native-recv-0909/gc-leaf-census-20260911/compile-v2/cc-diagnostic,perry_closure_cli_2_1_112_js__14427,exact_start_and_symbol,74:10,1,5078893
command,main_thread,runtime_helper_source_bound,/root/cc-perf-native-recv-0909/gc-leaf-census-20260911/compile-v2/cc-diagnostic,js_object_get_class_id,no_pgcm_function_at_start,,1,5073391
startup,main_thread,other_application_symbol,/root/cc-perf-native-recv-0909/gc-leaf-census-20260911/compile-v2/cc-diagnostic,perry_runtime::closure::box_captures::decrement_cell_capture_count,no_pgcm_function_at_start,,1,5071158
command,main_thread,other_application_symbol,/root/cc-perf-native-recv-0909/gc-leaf-census-20260911/compile-v2/cc-diagnostic,<alloc::raw_vec::RawVecInner<_>>::reserve::do_reserve_and_handle::<alloc::alloc::Global>,no_pgcm_function_at_start,,1,5053693
command,main_thread,other_application_symbol,/root/cc-perf-native-recv-0909/gc-leaf-census-20260911/compile-v2/cc-diagnostic,perry_runtime::gc::barrier::write_barrier_slot_decoded,no_pgcm_function_at_start,,1,5043024
startup,foreign_pid,other_dso,/usr/lib/x86_64-linux-gnu/libc.so.6,__strcmp_evex,not_application_dso,,1,5031601
startup,main_thread,other_application_symbol,/root/cc-perf-native-recv-0909/gc-leaf-census-20260911/compile-v2/cc-diagnostic,perry_runtime::proxy::key_to_rust_string::{closure#0},no_pgcm_function_at_start,,1,5028172
between_phases,main_thread,other_application_symbol,/root/cc-perf-native-recv-0909/gc-leaf-census-20260911/compile-v2/cc-diagnostic,"core::slice::sort::unstable::ipnsort::<usize, <usize as core::cmp::PartialOrd>::lt>",no_pgcm_function_at_start,,1,5025849
startup,main_thread,other_application_symbol,/root/cc-perf-native-recv-0909/gc-leaf-census-20260911/compile-v2/cc-diagnostic,core::ptr::drop_glue::<regex_automata::nfa::thompson::compiler::Compiler>,no_pgcm_function_at_start,,1,5023158
command,main_thread,other_application_symbol,/root/cc-perf-native-recv-0909/gc-leaf-census-20260911/compile-v2/cc-diagnostic,perry_runtime::object::field_get_set::prototype_override::inherited_field_if_overridden,no_pgcm_function_at_start,,1,5006442
between_phases,foreign_pid,other_dso,/usr/bin/node,Builtins_Call_ReceiverIsAny,not_application_dso,,1,5005521
between_phases,main_thread,other_application_symbol,/root/cc-perf-native-recv-0909/gc-leaf-census-20260911/compile-v2/cc-diagnostic,<perry_runtime::object::shapes::shapes_store::IdList>::append_unchecked,no_pgcm_function_at_start,,1,5004551
startup,main_thread,other_application_symbol,/root/cc-perf-native-recv-0909/gc-leaf-census-20260911/compile-v2/cc-diagnostic,perry_runtime::array::header::array_numeric_layout,no_pgcm_function_at_start,,1,4997734
startup,main_thread,other_application_symbol,/root/cc-perf-native-recv-0909/gc-leaf-census-20260911/compile-v2/cc-diagnostic,"<perry_runtime::gc::roots::runtime_handles::RuntimeHandle>::across_mut::<perry_runtime::string::StringHeader, ((), *mut perry_runtime::object::ObjectHeader), perry_runtime::object::object_ops::define_property::js_object_define_property::{closure#73}>",no_pgcm_function_at_start,,1,4992591
between_phases,main_thread,other_application_symbol,/root/cc-perf-native-recv-0909/gc-leaf-census-20260911/compile-v2/cc-diagnostic,perry_runtime::object::class_registry::registration::is_class_id_registered,no_pgcm_function_at_start,,1,4989880
between_phases,main_thread,compiled_function_prefix,/root/cc-perf-native-recv-0909/gc-leaf-census-20260911/compile-v2/cc-diagnostic,perry_fn_cli_2_1_112_js__US_,exact_start_and_symbol,58:63,1,4982516
between_phases,foreign_pid,other_dso,/usr/bin/node,v8::internal::String::ComputeAndSetRawHash(v8::internal::SharedStringAccessGuardIfNeeded const&),not_application_dso,,4,4976909
startup,main_thread,other_application_symbol,/root/cc-perf-native-recv-0909/gc-leaf-census-20260911/compile-v2/cc-diagnostic,trunc,no_pgcm_function_at_start,,1,4965930
startup,main_thread,other_application_symbol,/root/cc-perf-native-recv-0909/gc-leaf-census-20260911/compile-v2/cc-diagnostic,<i32 as core::fmt::Display>::fmt,no_pgcm_function_at_start,,1,4964624
command,main_thread,other_application_symbol,/root/cc-perf-native-recv-0909/gc-leaf-census-20260911/compile-v2/cc-diagnostic,perry_runtime::typed_feedback::invalidate_representation_change,no_pgcm_function_at_start,,1,4964522
startup,main_thread,other_application_symbol,/root/cc-perf-native-recv-0909/gc-leaf-census-20260911/compile-v2/cc-diagnostic,perry_runtime::typedarray::lookup_typed_array_kind,no_pgcm_function_at_start,,1,4963511
between_phases,foreign_pid,other_dso,/usr/bin/node,"v8::internal::compiler::turboshaft::ValueNumberingReducer<v8::internal::compiler::turboshaft::AssemblerOpInterface<v8::internal::compiler::turboshaft::ReducerBase<v8::internal::compiler::turboshaft::GraphEmitter<v8::internal::compiler::turboshaft::StackBottom<v8::internal::compiler::turboshaft::Assembler<v8::internal::compiler::turboshaft::GraphVisitor, v8::internal::compiler::turboshaft::MaglevAssertTypesReducer, v8::internal::compiler::turboshaft::DeadCodeEliminationReducer, v8::internal::compiler::turboshaft::StackCheckLoweringReducer, v8::internal::compiler::turboshaft::WasmJSLoweringReducer, v8::internal::compiler::turboshaft::LoadStoreSimplificationReducer, v8::internal::compiler::turboshaft::DuplicationOptimizationReducer, v8::internal::compiler::turboshaft::InstructionSelectionNormalizationReducer, v8::internal::compiler::turboshaft::ValueNumberingReducer>, v8::base::tmp::list1<v8::internal::compiler::turboshaft::GraphVisitor, v8::internal::compiler::turboshaft::MaglevAssertTypesReducer, v8::internal::compiler::turboshaft::DeadCodeEliminationReducer, v8::internal::compiler::turboshaft::StackCheckLoweringReducer, v8::internal::compiler::turboshaft::WasmJSLoweringReducer, v8::internal::compiler::turboshaft::LoadStoreSimplificationReducer, v8::internal::compiler::turboshaft::DuplicationOptimizationReducer, v8::internal::compiler::turboshaft::InstructionSelectionNormalizationReducer, v8::internal::compiler::turboshaft::EmitProjectionReducer, v8::internal::compiler::turboshaft::ValueNumberingReducer, v8::internal::compiler::turboshaft::AssemblerOpInterface, v8::internal::compiler::turboshaft::ReducerBase, v8::internal::compiler::turboshaft::GraphEmitter> > > > > >::RecordOldEpochAndSetNew(v8::internal::compiler::turboshaft::Block*)",not_application_dso,,1,4961782
command,main_thread,other_application_symbol,/root/cc-perf-native-recv-0909/gc-leaf-census-20260911/compile-v2/cc-diagnostic,perry_runtime::arena::block::arena_cell_alloc,no_pgcm_function_at_start,,1,4957004
command,main_thread,other_application_symbol,/root/cc-perf-native-recv-0909/gc-leaf-census-20260911/compile-v2/cc-diagnostic,<regex_syntax::ast::parse::ParserI<&mut regex_syntax::ast::parse::Parser>>::char,no_pgcm_function_at_start,,1,4955601
between_phases,foreign_pid,other_dso,/usr/bin/node,v8::internal::SharedFunctionInfo::StartPosition() const,not_application_dso,,1,4952971
command,main_thread,other_application_symbol,/root/cc-perf-native-recv-0909/gc-leaf-census-20260911/compile-v2/cc-diagnostic,perry_runtime::closure::dynamic_props::merge_closure_prop_map,no_pgcm_function_at_start,,1,4934238
between_phases,foreign_pid,other_dso,/usr/bin/node,Builtins_DefineKeyedOwnIC_Megamorphic,not_application_dso,,1,4933356
command,main_thread,runtime_helper_source_bound,/root/cc-perf-native-recv-0909/gc-leaf-census-20260911/compile-v2/cc-diagnostic,js_array_find,no_pgcm_function_at_start,,1,4929339
between_phases,main_thread,other_application_symbol,/root/cc-perf-native-recv-0909/gc-leaf-census-20260911/compile-v2/cc-diagnostic,perry_runtime::object::arguments::is_arguments_object,no_pgcm_function_at_start,,1,4925609
between_phases,main_thread,other_application_symbol,/root/cc-perf-native-recv-0909/gc-leaf-census-20260911/compile-v2/cc-diagnostic,perry_runtime::object::array_tail_transition::scan_table,no_pgcm_function_at_start,,1,4920568
startup,foreign_pid,other_dso,/usr/bin/node,"v8::internal::interpreter::BytecodeGenerator::BuildVariableAssignment(v8::internal::Variable*, v8::internal::Token::Value, v8::internal::HoleCheckMode, v8::internal::LookupHoistingMode)",not_application_dso,,1,4919987
command,main_thread,other_application_symbol,/root/cc-perf-native-recv-0909/gc-leaf-census-20260911/compile-v2/cc-diagnostic,<perry_runtime::fast_hash::PtrHasher as core::hash::BuildHasher>::hash_one::<&perry_runtime::set::JSValueKey>,no_pgcm_function_at_start,,1,4919768
between_phases,main_thread,other_application_symbol,/root/cc-perf-native-recv-0909/gc-leaf-census-20260911/compile-v2/cc-diagnostic,perry_runtime::timer::record_timer_handle_kind,no_pgcm_function_at_start,,1,4917357
startup,foreign_pid,other_dso,/usr/bin/node,"v8::internal::Handle<v8::internal::BytecodeArray> v8::internal::interpreter::BytecodeArrayWriter::ToBytecodeArray<v8::internal::Isolate>(v8::internal::Isolate*, int, unsigned short, unsigned short, v8::internal::DirectHandle<v8::internal::TrustedByteArray>)",not_application_dso,,1,4915810
between_phases,foreign_pid,other_dso,/usr/bin/node,Builtins_CallFunction_ReceiverIsNotNullOrUndefined,not_application_dso,,1,4912818
startup,main_thread,other_application_symbol,/root/cc-perf-native-recv-0909/gc-leaf-census-20260911/compile-v2/cc-diagnostic,perry_runtime::url::get_string_content,no_pgcm_function_at_start,,1,4912069
startup,foreign_pid,other_dso,/usr/bin/node,"void v8::internal::String::WriteToFlat2<unsigned char>(unsigned char*, v8::internal::Tagged<v8::internal::ConsString>, unsigned int, unsigned int, v8::internal::SharedStringAccessGuardIfNeeded const&, v8::internal::PerThreadAssertScopeEmpty<false, (v8::internal::PerThreadAssertType)1, (v8::internal::PerThreadAssertType)2> const&)",not_application_dso,,1,4910627
between_phases,foreign_pid,other_dso,/usr/bin/node,"v8::internal::interpreter::BytecodeArrayWriter::WriteJump(v8::internal::interpreter::BytecodeNode*, v8::internal::interpreter::BytecodeLabel*)",not_application_dso,,1,4903219
between_phases,main_thread,other_application_symbol,/root/cc-perf-native-recv-0909/gc-leaf-census-20260911/compile-v2/cc-diagnostic,<regex_automata::dfa::onepass::DFA>::try_search_slots_imp,no_pgcm_function_at_start,,1,4900216
between_phases,foreign_pid,other_dso,/usr/bin/node,Builtins_FunctionPrototypeCall,not_application_dso,,1,4897813
command,main_thread,other_application_symbol,/root/cc-perf-native-recv-0909/gc-leaf-census-20260911/compile-v2/cc-diagnostic,<perry_runtime::gc::trace::ValidPointerSet>::contains,no_pgcm_function_at_start,,1,4890950
command,main_thread,runtime_helper_source_bound,/root/cc-perf-native-recv-0909/gc-leaf-census-20260911/compile-v2/cc-diagnostic,js_string_index_to_i32,no_pgcm_function_at_start,,1,4889486
between_phases,foreign_pid,other_dso,/usr/bin/node,v8::internal::AstValueFactory::GetOneByteStringInternal(v8::base::Vector<unsigned char const>),not_application_dso,,1,4875819
between_phases,main_thread,other_application_symbol,/root/cc-perf-native-recv-0909/gc-leaf-census-20260911/compile-v2/cc-diagnostic,perry_runtime::arena::allocators::arena_alloc,no_pgcm_function_at_start,,1,4865819
between_phases,main_thread,compiled_function_prefix,/root/cc-perf-native-recv-0909/gc-leaf-census-20260911/compile-v2/cc-diagnostic,perry_closure_cli_2_1_112_js__37312,exact_start_and_symbol,16:45,1,4854052
startup,foreign_pid,other_dso,/usr/lib/x86_64-linux-gnu/libc.so.6,_int_malloc,not_application_dso,,3,4851788
between_phases,foreign_pid,other_dso,/usr/bin/node,v8::internal::ParserBase<v8::internal::Parser>::ParseProperty(v8::internal::ParserBase<v8::internal::Parser>::ParsePropertyInfo*),not_application_dso,,1,4847871
startup,foreign_pid,other_dso,/usr/bin/node,v8::internal::DeclarationScope::HoistSloppyBlockFunctions(v8::internal::AstNodeFactory*),not_application_dso,,1,4836201
between_phases,foreign_pid,other_dso,/usr/bin/node,ustr_hashCharsN_78,not_application_dso,,1,4825992
command,main_thread,other_application_symbol,/root/cc-perf-native-recv-0909/gc-leaf-census-20260911/compile-v2/cc-diagnostic,<regex_automata::meta::regex::Regex>::search_half,no_pgcm_function_at_start,,1,4802286
startup,foreign_pid,other_dso,/usr/bin/node,v8::internal::Segment::ZapContents(),not_application_dso,,1,4792922
command,main_thread,other_application_symbol,/root/cc-perf-native-recv-0909/gc-leaf-census-20260911/compile-v2/cc-diagnostic,perry_runtime::path::string_from_header,no_pgcm_function_at_start,,1,4792724
between_phases,main_thread,other_application_symbol,/root/cc-perf-native-recv-0909/gc-leaf-census-20260911/compile-v2/cc-diagnostic,_mi_theap_realloc_zero,no_pgcm_function_at_start,,1,4790557
between_phases,foreign_pid,other_dso,/usr/bin/node,"(anonymous namespace)::init_resb_result(UResourceDataEntry*, unsigned int, char const*, int, UResourceDataEntry*, char const*, int, UResourceBundle*, UErrorCode*)",not_application_dso,,1,4778112
startup,main_thread,runtime_helper_source_bound,/root/cc-perf-native-recv-0909/gc-leaf-census-20260911/compile-v2/cc-diagnostic,js_gc_typed_shape_id_for_keys,no_pgcm_function_at_start,,1,4776008
between_phases,main_thread,compiled_function_prefix,/root/cc-perf-native-recv-0909/gc-leaf-census-20260911/compile-v2/cc-diagnostic,perry_closure_cli_2_1_112_js__73959,exact_start_and_symbol,15:85,1,4771700
startup,main_thread,other_application_symbol,/root/cc-perf-native-recv-0909/gc-leaf-census-20260911/compile-v2/cc-diagnostic,perry_runtime::gc::verify::rebuild_evacuated_old_to_young_remembered_set,no_pgcm_function_at_start,,1,4760212
startup,main_thread,other_application_symbol,/root/cc-perf-native-recv-0909/gc-leaf-census-20260911/compile-v2/cc-diagnostic,perry_runtime::gc::malloc::ensure_set_built,no_pgcm_function_at_start,,1,4756527
startup,foreign_pid,other_dso,/usr/bin/node,Builtins_ReturnHandler,not_application_dso,,1,4755257
startup,main_thread,other_application_symbol,/root/cc-perf-native-recv-0909/gc-leaf-census-20260911/compile-v2/cc-diagnostic,perry_runtime::object::prop_plan::read_plan_record,no_pgcm_function_at_start,,1,4748153
startup,main_thread,runtime_helper_source_bound,/root/cc-perf-native-recv-0909/gc-leaf-census-20260911/compile-v2/cc-diagnostic,js_to_primitive,no_pgcm_function_at_start,,1,4747217
startup,foreign_pid,unknown_symbol,/tmp/perf-3692109.map,[unknown],not_application_dso,,1,4746945
startup,main_thread,runtime_helper_source_bound,/root/cc-perf-native-recv-0909/gc-leaf-census-20260911/compile-v2/cc-diagnostic,js_gc_declare_typed_shape_layout,no_pgcm_function_at_start,,1,4744994
startup,main_thread,runtime_helper_source_bound,/root/cc-perf-native-recv-0909/gc-leaf-census-20260911/compile-v2/cc-diagnostic,js_to_property_key,no_pgcm_function_at_start,,1,4744418
startup,main_thread,other_application_symbol,/root/cc-perf-native-recv-0909/gc-leaf-census-20260911/compile-v2/cc-diagnostic,perry_runtime::object::field_get_set::class_object_props::instance_constructor_value,no_pgcm_function_at_start,,1,4741521
startup,main_thread,other_application_symbol,/root/cc-perf-native-recv-0909/gc-leaf-census-20260911/compile-v2/cc-diagnostic,<perry_runtime::object::shapes::shapes_store::SpillList>::position,no_pgcm_function_at_start,,1,4738774
startup,foreign_pid,other_dso,/usr/bin/node,"v8::internal::Assembler::emit_movzxb(v8::internal::Register, v8::internal::Operand, int)",not_application_dso,,1,4737313
between_phases,main_thread,other_application_symbol,/root/cc-perf-native-recv-0909/gc-leaf-census-20260911/compile-v2/cc-diagnostic,perry_runtime::object::descriptor_state::plain_data_write_may_intercept,no_pgcm_function_at_start,,1,4732877
startup,foreign_pid,other_dso,/usr/bin/node,v8::internal::PersistentHandles::AddBlock(),not_application_dso,,1,4731173
startup,main_thread,other_application_symbol,/root/cc-perf-native-recv-0909/gc-leaf-census-20260911/compile-v2/cc-diagnostic,<perry_runtime::gc::roots::stack_maps::StackMapIndex>::match_records,no_pgcm_function_at_start,,1,4730334
startup,main_thread,other_application_symbol,/root/cc-perf-native-recv-0909/gc-leaf-census-20260911/compile-v2/cc-diagnostic,<regex_automata::nfa::thompson::builder::Builder>::patch,no_pgcm_function_at_start,,1,4728906
startup,main_thread,other_application_symbol,/root/cc-perf-native-recv-0909/gc-leaf-census-20260911/compile-v2/cc-diagnostic,perry_runtime::object::object_ops::descriptor_helpers::define_property_force_store_value,no_pgcm_function_at_start,,1,4726720
startup,main_thread,other_application_symbol,/root/cc-perf-native-recv-0909/gc-leaf-census-20260911/compile-v2/cc-diagnostic,perry_runtime::array::subclass::array_subclass_named_prefix_token_for_slot,no_pgcm_function_at_start,,1,4726631
command,main_thread,other_application_symbol,/root/cc-perf-native-recv-0909/gc-leaf-census-20260911/compile-v2/cc-diagnostic,perry_runtime::object::live_slots::object_store_known_live_slot,no_pgcm_function_at_start,,1,4719404
between_phases,main_thread,runtime_export_prefix_only,/root/cc-perf-native-recv-0909/gc-leaf-census-20260911/compile-v2/cc-diagnostic,js_tls_hot_claim_slot,no_pgcm_function_at_start,,1,4718129
startup,main_thread,other_application_symbol,/root/cc-perf-native-recv-0909/gc-leaf-census-20260911/compile-v2/cc-diagnostic,perry_runtime::object::field_get_set::accessors::own_data_field_by_name,no_pgcm_function_at_start,,1,4717729
startup,main_thread,other_application_symbol,/root/cc-perf-native-recv-0909/gc-leaf-census-20260911/compile-v2/cc-diagnostic,perry_runtime::object::field_get_set::enumeration::canonical_array_index,no_pgcm_function_at_start,,1,4713801
startup,main_thread,other_application_symbol,/root/cc-perf-native-recv-0909/gc-leaf-census-20260911/compile-v2/cc-diagnostic,<regex_automata::dfa::determinize::Config>::run,no_pgcm_function_at_start,,1,4711777
startup,foreign_pid,other_dso,/usr/bin/node,"unsigned int v8::internal::StringHasher::HashSequentialString<unsigned char>(unsigned char const*, unsigned int, v8::internal::HashSeed)",not_application_dso,,1,4706824
startup,main_thread,other_application_symbol,/root/cc-perf-native-recv-0909/gc-leaf-census-20260911/compile-v2/cc-diagnostic,<regex_syntax::ast::parse::ParserI<&mut regex_syntax::ast::parse::Parser>>::push_class_open,no_pgcm_function_at_start,,1,4703754
startup,foreign_pid,other_dso,/usr/bin/node,"v8::base::RandomNumberGenerator::NextBytes(void*, unsigned long)",not_application_dso,,1,4700360
between_phases,foreign_pid,other_dso,/usr/bin/node,v8::internal::compiler::PrepareUsesVisitor::InitializePlacement(v8::internal::compiler::Node*),not_application_dso,,1,4693187
startup,main_thread,other_application_symbol,/root/cc-perf-native-recv-0909/gc-leaf-census-20260911/compile-v2/cc-diagnostic,"core::ptr::drop_glue::<std::sync::poison::mutex::MutexGuard<std::collections::hash::map::HashMap<usize, perry_runtime::closure::dynamic_props::ClosureProps, perry_runtime::fast_hash::PtrHasher>>>",no_pgcm_function_at_start,,1,4689452
startup,main_thread,other_application_symbol,/root/cc-perf-native-recv-0909/gc-leaf-census-20260911/compile-v2/cc-diagnostic,<perry_runtime::arena::walk::ArenaObjectCursor>::next_budgeted,no_pgcm_function_at_start,,1,4688160
startup,foreign_pid,other_dso,/usr/bin/node,v8::internal::interpreter::BytecodeArrayWriter::Write(v8::internal::interpreter::BytecodeNode*),not_application_dso,,1,4687299
startup,main_thread,other_application_symbol,/root/cc-perf-native-recv-0909/gc-leaf-census-20260911/compile-v2/cc-diagnostic,<aho_corasick::nfa::noncontiguous::Compiler>::fill_failure_transitions,no_pgcm_function_at_start,,1,4684929
startup,foreign_pid,other_dso,/usr/bin/node,v8::internal::ParserBase<v8::internal::Parser>::ParseExpressionCoverGrammar(),not_application_dso,,1,4682816
between_phases,foreign_pid,other_dso,/usr/bin/node,v8::internal::GCTracer::Print() const,not_application_dso,,1,4681718
startup,main_thread,other_application_symbol,/root/cc-perf-native-recv-0909/gc-leaf-census-20260911/compile-v2/cc-diagnostic,"<hashbrown::map::HashMap<i64, (), std::hash::random::RandomState>>::insert",no_pgcm_function_at_start,,1,4679521
startup,main_thread,other_application_symbol,/root/cc-perf-native-recv-0909/gc-leaf-census-20260911/compile-v2/cc-diagnostic,<regex_automata::nfa::thompson::nfa::Inner>::add,no_pgcm_function_at_start,,1,4679410
startup,main_thread,other_application_symbol,/root/cc-perf-native-recv-0909/gc-leaf-census-20260911/compile-v2/cc-diagnostic,"<alloc::vec::Vec<(i64, i64)>>::insert_mut",no_pgcm_function_at_start,,1,4678918
between_phases,foreign_pid,other_dso,/usr/bin/node,v8::internal::GetCurrentStackPosition(),not_application_dso,,1,4674258
startup,main_thread,other_application_symbol,/root/cc-perf-native-recv-0909/gc-leaf-census-20260911/compile-v2/cc-diagnostic,perry_runtime::gc::dead_owner::prune_dead_owner_side_tables_copied_minor::{closure#1},no_pgcm_function_at_start,,1,4673880
startup,main_thread,other_application_symbol,/root/cc-perf-native-recv-0909/gc-leaf-census-20260911/compile-v2/cc-diagnostic,"<regress::parse::Parser<core::iter::adapters::map::Map<core::str::iter::Chars, <u32 as core::convert::From<char>>::from>>>::consume_term",no_pgcm_function_at_start,,1,4669884
between_phases,foreign_pid,other_dso,/usr/bin/node,Builtins_LdaImmutableCurrentContextSlotHandler,not_application_dso,,1,4668312
between_phases,foreign_pid,other_dso,/usr/bin/node,v8::Context::GetNumberOfEmbedderDataFields(),not_application_dso,,1,4667603
startup,main_thread,other_application_symbol,/root/cc-perf-native-recv-0909/gc-leaf-census-20260911/compile-v2/cc-diagnostic,perry_runtime::gc::roots::stack_maps::ensure_built,no_pgcm_function_at_start,,1,4665902
startup,main_thread,other_application_symbol,/root/cc-perf-native-recv-0909/gc-leaf-census-20260911/compile-v2/cc-diagnostic,"<hashbrown::map::HashMap<(usize, alloc::string::String), perry_runtime::object::descriptor_state::AccessorDescriptor, perry_runtime::fast_hash::FastKeyHasher>>::insert",no_pgcm_function_at_start,,1,4664422
startup,main_thread,other_application_symbol,/root/cc-perf-native-recv-0909/gc-leaf-census-20260911/compile-v2/cc-diagnostic,perry_runtime::object::object_ops::keys_array::own_key_present,no_pgcm_function_at_start,,1,4662485
between_phases,foreign_pid,other_dso,/usr/bin/node,"std::pair<std::_Rb_tree_iterator<std::pair<v8::internal::maglev::ValueNode* const, v8::internal::maglev::LiveRangeAndNextUseProcessor::NodeUse> >, bool> std::map<v8::internal::maglev::ValueNode*, v8::internal::maglev::LiveRangeAndNextUseProcessor::NodeUse, std::less<v8::internal::maglev::ValueNode*>, std::allocator<std::pair<v8::internal::maglev::ValueNode* const, v8::internal::maglev::LiveRangeAndNextUseProcessor::NodeUse> > >::emplace<v8::internal::maglev::ValueNode*&, v8::internal::maglev::LiveRangeAndNextUseProcessor::NodeUse>(v8::internal::maglev::ValueNode*&, v8::internal::maglev::LiveRangeAndNextUseProcessor::NodeUse&&)",not_application_dso,,1,4660934
startup,foreign_pid,other_dso,/usr/bin/node,v8::internal::LoadIC::ComputeHandler(v8::internal::LookupIterator*),not_application_dso,,1,4660934
startup,foreign_pid,other_dso,/usr/bin/node,v8::internal::SharedFunctionInfo::PassesFilter(char const*),not_application_dso,,1,4658889
startup,main_thread,other_application_symbol,/root/cc-perf-native-recv-0909/gc-leaf-census-20260911/compile-v2/cc-diagnostic,<regex_automata::nfa::thompson::builder::Builder>::add,no_pgcm_function_at_start,,1,4658622
between_phases,main_thread,other_application_symbol,/root/cc-perf-native-recv-0909/gc-leaf-census-20260911/compile-v2/cc-diagnostic,<std::hash::random::RandomState as core::hash::BuildHasher>::hash_one::<&char>,no_pgcm_function_at_start,,1,4656445
between_phases,foreign_pid,other_dso,/usr/bin/node,Builtins_DefineNamedOwnPropertyHandler,not_application_dso,,1,4655885
between_phases,main_thread,runtime_helper_source_bound,/root/cc-perf-native-recv-0909/gc-leaf-census-20260911/compile-v2/cc-diagnostic,js_dynamic_bitxor,no_pgcm_function_at_start,,1,4650451
command,main_thread,other_application_symbol,/root/cc-perf-native-recv-0909/gc-leaf-census-20260911/compile-v2/cc-diagnostic,perry_runtime::closure::dynamic_props::closure_static_prototype,no_pgcm_function_at_start,,1,4645530
startup,foreign_pid,other_dso,/usr/bin/node,"v8::internal::Runtime_StoreIC_Miss(int, unsigned long*, v8::internal::Isolate*)",not_application_dso,,1,4643354
startup,main_thread,other_application_symbol,/root/cc-perf-native-recv-0909/gc-leaf-census-20260911/compile-v2/cc-diagnostic,perry_runtime::object::string_wrapper::has_index_key,no_pgcm_function_at_start,,1,4642874
between_phases,main_thread,other_application_symbol,/root/cc-perf-native-recv-0909/gc-leaf-census-20260911/compile-v2/cc-diagnostic,perry_runtime::builtins::arithmetic::classify_value_typeof,no_pgcm_function_at_start,,1,4639497
startup,main_thread,other_application_symbol,/root/cc-perf-native-recv-0909/gc-leaf-census-20260911/compile-v2/cc-diagnostic,perry_runtime::gc::layout_tables::typed_layouts_remove,no_pgcm_function_at_start,,1,4638765
startup,main_thread,other_application_symbol,/root/cc-perf-native-recv-0909/gc-leaf-census-20260911/compile-v2/cc-diagnostic,"<hashbrown::map::HashMap<perry_runtime::set::JSValueKey, u32, perry_runtime::fast_hash::PtrHasher>>::insert",no_pgcm_function_at_start,,1,4637810
startup,main_thread,other_application_symbol,/root/cc-perf-native-recv-0909/gc-leaf-census-20260911/compile-v2/cc-diagnostic,perry_runtime::gc::barrier::write_barrier_slot_decoded,no_pgcm_function_at_start,,1,4635784
between_phases,main_thread,other_application_symbol,/root/cc-perf-native-recv-0909/gc-leaf-census-20260911/compile-v2/cc-diagnostic,<regex_syntax::hir::interval::IntervalSet<regex_syntax::hir::ClassBytesRange>>::canonicalize,no_pgcm_function_at_start,,1,4635088
startup,main_thread,other_application_symbol,/root/cc-perf-native-recv-0909/gc-leaf-census-20260911/compile-v2/cc-diagnostic,perry_runtime::object::object_ops::keys_array::own_key_present_via_index,no_pgcm_function_at_start,,1,4634217
between_phases,foreign_pid,other_dso,/usr/bin/node,"v8::internal::JSRegExp::Initialize(v8::internal::Isolate*, v8::internal::DirectHandle<v8::internal::JSRegExp>, v8::internal::DirectHandle<v8::internal::String>, v8::base::Flags<v8::internal::JSRegExp::Flag, int, int>, unsigned int)",not_application_dso,,1,4631833
between_phases,foreign_pid,other_dso,/usr/bin/node,res_getTableItemByIndex_78,not_application_dso,,1,4630077
startup,main_thread,runtime_helper_source_bound,/root/cc-perf-native-recv-0909/gc-leaf-census-20260911/compile-v2/cc-diagnostic,js_iterator_result_validate,no_pgcm_function_at_start,,1,4627046
startup,main_thread,other_application_symbol,/root/cc-perf-native-recv-0909/gc-leaf-census-20260911/compile-v2/cc-diagnostic,<aho_corasick::nfa::noncontiguous::NFA>::init_full_state,no_pgcm_function_at_start,,1,4625761
between_phases,foreign_pid,other_dso,/usr/bin/node,v8::internal::interpreter::BytecodeArrayBuilder::SwitchOnSmiNoFeedback(v8::internal::interpreter::BytecodeJumpTable*),not_application_dso,,1,4618562
startup,main_thread,other_application_symbol,/root/cc-perf-native-recv-0909/gc-leaf-census-20260911/compile-v2/cc-diagnostic,<regex_automata::nfa::thompson::compiler::Utf8Compiler>::compile_from,no_pgcm_function_at_start,,1,4616008
between_phases,foreign_pid,other_dso,/usr/bin/node,Builtins_GetNamedPropertyHandler,not_application_dso,,1,4599252
startup,main_thread,other_application_symbol,/root/cc-perf-native-recv-0909/gc-leaf-census-20260911/compile-v2/cc-diagnostic,"<hashbrown::raw::RawTable<(perry_runtime::gc::layout::typed_shape::RegisteredTypedShapeKey, u32)>>::reserve_rehash::<hashbrown::map::make_hasher<perry_runtime::gc::layout::typed_shape::RegisteredTypedShapeKey, u32, perry_runtime::fast_hash::FastKeyHasher>::{closure#0}>",no_pgcm_function_at_start,,1,4598193
startup,foreign_pid,other_dso,/usr/bin/node,_ZN2v88internal9HashTableINS0_14NameDictionaryENS0_19NameDictionaryShapeEE14EnsureCapacityINS0_7IsolateENS0_12DirectHandleEQsr3stdE16is_convertible_vITL0_0_IT_ENS7_IS9_EEEEET0_IS2_EPS9_SD_iNS0_14AllocationTypeE,not_application_dso,,1,4589401
startup,foreign_pid,other_dso,/usr/bin/node,Builtins_CompileLazy,not_application_dso,,1,4582543
startup,foreign_pid,other_dso,/usr/bin/node,"std::map<int, int, std::less<int>, v8::internal::ZoneAllocator<std::pair<int const, int> > >::operator[](int const&)",not_application_dso,,1,4581872
between_phases,foreign_pid,other_dso,/usr/bin/node,"v8::internal::ZoneList<v8::internal::Expression*>::AddAll(v8::base::Vector<v8::internal::Expression* const>, v8::internal::Zone*)",not_application_dso,,1,4580944
startup,foreign_pid,other_dso,/usr/bin/node,v8::internal::interpreter::BytecodeArrayWriter::EmitBytecode(v8::internal::interpreter::BytecodeNode const*),not_application_dso,,1,4574971
between_phases,foreign_pid,other_dso,/usr/bin/node,"void v8::internal::SharedFunctionInfo::InitFromFunctionLiteral<v8::internal::Isolate>(v8::internal::Isolate*, v8::internal::FunctionLiteral*, bool)",not_application_dso,,1,4573820
between_phases,foreign_pid,other_dso,/usr/bin/node,v8::internal::StoreIC::ComputeHandler(v8::internal::LookupIterator*),not_application_dso,,1,4572571
command,main_thread,runtime_helper_source_bound,/root/cc-perf-native-recv-0909/gc-leaf-census-20260911/compile-v2/cc-diagnostic,js_string_code_point_at,no_pgcm_function_at_start,,1,4563913
startup,main_thread,other_application_symbol,/root/cc-perf-native-recv-0909/gc-leaf-census-20260911/compile-v2/cc-diagnostic,"<hashbrown::raw::RawTable<(u32, (bool, bool))>>::reserve_rehash::<hashbrown::map::make_hasher<u32, (bool, bool), perry_runtime::fast_hash::PtrHasher>::{closure#0}>",no_pgcm_function_at_start,,1,4561205
startup,foreign_pid,other_dso,/usr/bin/node,v8::internal::BaselineFrame::type() const,not_application_dso,,1,4560158
startup,main_thread,runtime_helper_source_bound,/root/cc-perf-native-recv-0909/gc-leaf-census-20260911/compile-v2/cc-diagnostic,js_register_closure_arity,no_pgcm_function_at_start,,1,4550297
startup,foreign_pid,other_dso,/usr/bin/node,v8::internal::interpreter::ConstantArrayBuilder::DiscardReservedEntry(v8::internal::interpreter::OperandSize),not_application_dso,,1,4543804
startup,main_thread,other_application_symbol,/root/cc-perf-native-recv-0909/gc-leaf-census-20260911/compile-v2/cc-diagnostic,perry_runtime::object::shape_cache_insert,no_pgcm_function_at_start,,1,4537901
startup,main_thread,other_application_symbol,/root/cc-perf-native-recv-0909/gc-leaf-census-20260911/compile-v2/cc-diagnostic,"<hashbrown::map::HashMap<u32, (), perry_runtime::fast_hash::PtrHasher>>::insert",no_pgcm_function_at_start,,1,4512240
startup,main_thread,other_application_symbol,/root/cc-perf-native-recv-0909/gc-leaf-census-20260911/compile-v2/cc-diagnostic,perry_runtime::arena::allocators::arena_alloc_gc_longlived,no_pgcm_function_at_start,,1,4506274
startup,main_thread,compiled_function_prefix,/root/cc-perf-native-recv-0909/gc-leaf-census-20260911/compile-v2/cc-diagnostic,perry_closure_cli_2_1_112_js__35629,exact_start_and_symbol,23:0,1,4505833
startup,main_thread,other_application_symbol,/root/cc-perf-native-recv-0909/gc-leaf-census-20260911/compile-v2/cc-diagnostic,perry_runtime::proxy::create_or_update_receiver_property,no_pgcm_function_at_start,,1,4503619
between_phases,foreign_pid,other_dso,/usr/bin/node,strlen@plt,not_application_dso,,1,4502564
startup,main_thread,other_application_symbol,/root/cc-perf-native-recv-0909/gc-leaf-census-20260911/compile-v2/cc-diagnostic,perry_runtime::process::env_misc::process_env_has_field,no_pgcm_function_at_start,,1,4501499
between_phases,foreign_pid,other_dso,/usr/bin/node,"v8::internal::FactoryBase<v8::internal::Factory>::NewBytecodeArray(int, unsigned char const*, int, unsigned short, unsigned short, v8::internal::DirectHandle<v8::internal::TrustedFixedArray>, v8::internal::DirectHandle<v8::internal::TrustedByteArray>, v8::internal::AllocationType)",not_application_dso,,1,4500890
between_phases,main_thread,other_application_symbol,/root/cc-perf-native-recv-0909/gc-leaf-census-20260911/compile-v2/cc-diagnostic,perry_runtime::gc::layout_tables::refresh_per_object_layouts_flag,no_pgcm_function_at_start,,1,4493925
startup,foreign_pid,other_dso,/usr/bin/node,"std::_Deque_base<v8::internal::compiler::turboshaft::SnapshotTable<v8::internal::compiler::turboshaft::MapMaskAndOr, v8::internal::compiler::turboshaft::NoKeyData>::SnapshotData, v8::internal::RecyclingZoneAllocator<v8::internal::compiler::turboshaft::SnapshotTable<v8::internal::compiler::turboshaft::MapMaskAndOr, v8::internal::compiler::turboshaft::NoKeyData>::SnapshotData> >::_M_initialize_map(unsigned long)",not_application_dso,,1,4493375
between_phases,foreign_pid,other_dso,/usr/bin/node,"v8::internal::Scope::Scope(v8::internal::Zone*, v8::internal::Scope*, v8::internal::ScopeType)",not_application_dso,,1,4480610
between_phases,foreign_pid,other_dso,/usr/bin/node,v8::internal::UnoptimizedJSFrame::GetExpressionAddress(int) const,not_application_dso,,1,4479854
between_phases,foreign_pid,other_dso,/usr/lib/x86_64-linux-gnu/libc.so.6,__memmove_avx512_unaligned_erms,not_application_dso,,4,4467454
startup,main_thread,other_application_symbol,/root/cc-perf-native-recv-0909/gc-leaf-census-20260911/compile-v2/cc-diagnostic,"<hashbrown::raw::RawTable<((u32, alloc::string::String), u64)>>::reserve_rehash::<hashbrown::map::make_hasher<(u32, alloc::string::String), u64, std::hash::random::RandomState>::{closure#0}>",no_pgcm_function_at_start,,1,4466771
startup,main_thread,other_application_symbol,/root/cc-perf-native-recv-0909/gc-leaf-census-20260911/compile-v2/cc-diagnostic,<regex_syntax::ast::parse::ParserI<&mut regex_syntax::ast::parse::Parser>>::parse_escape,no_pgcm_function_at_start,,1,4460679
between_phases,foreign_pid,other_dso,/usr/bin/node,std::filesystem::__cxx11::path::filename() const,not_application_dso,,1,4429454
startup,main_thread,other_application_symbol,/root/cc-perf-native-recv-0909/gc-leaf-census-20260911/compile-v2/cc-diagnostic,perry_runtime::object::field_get_set::enumeration::is_internal_runtime_key_bytes,no_pgcm_function_at_start,,1,4425023
between_phases,foreign_pid,other_dso,/usr/bin/node,v8::internal::GlobalHandles::Create(v8::internal::Tagged<v8::internal::Object>),not_application_dso,,1,4423312
between_phases,foreign_pid,other_dso,/usr/bin/node,"_uhash_put(UHashtable*, UElement, UElement, signed char, UErrorCode*)",not_application_dso,,1,4422408
startup,main_thread,other_application_symbol,/root/cc-perf-native-recv-0909/gc-leaf-census-20260911/compile-v2/cc-diagnostic,perry_runtime::object::descriptor_state::class_instance_set_may_intercept,no_pgcm_function_at_start,,1,4417543
startup,main_thread,other_application_symbol,/root/cc-perf-native-recv-0909/gc-leaf-census-20260911/compile-v2/cc-diagnostic,<core::str::pattern::StrSearcher>::new,no_pgcm_function_at_start,,1,4412054
startup,main_thread,other_application_symbol,/root/cc-perf-native-recv-0909/gc-leaf-census-20260911/compile-v2/cc-diagnostic,perry_runtime::object::class_registry::registration::is_class_id_registered,no_pgcm_function_at_start,,1,4406767
startup,main_thread,other_application_symbol,/root/cc-perf-native-recv-0909/gc-leaf-census-20260911/compile-v2/cc-diagnostic,"<alloc::raw_vec::RawVec<(extern ""C"" fn(usize, extern ""C"" fn(u32, *mut core::ffi::c_void, *mut core::ffi::c_void) -> bool, *mut core::ffi::c_void), usize)>>::grow_one",no_pgcm_function_at_start,,1,4406653
startup,main_thread,other_application_symbol,/root/cc-perf-native-recv-0909/gc-leaf-census-20260911/compile-v2/cc-diagnostic,perry_runtime::object::native_module::get_module_name_from_namespace,no_pgcm_function_at_start,,1,4406053
startup,foreign_pid,unknown_symbol,/tmp/perf-3692090.map,[unknown],not_application_dso,,1,4396687
between_phases,foreign_pid,other_dso,/usr/lib/x86_64-linux-gnu/libstdc++.so.6.0.33,std::_Rb_tree_decrement(std::_Rb_tree_node_base*),not_application_dso,,1,4376143
startup,main_thread,other_application_symbol,/root/cc-perf-native-recv-0909/gc-leaf-census-20260911/compile-v2/cc-diagnostic,<perry_runtime::gc::verify::OldToYoungRememberedRebuildState>::step,no_pgcm_function_at_start,,1,4348515
startup,foreign_pid,other_dso,/usr/bin/node,"v8::internal::compiler::LinearScanAllocator::FindFreeRegistersForRange(v8::internal::compiler::LiveRange*, v8::base::Vector<v8::internal::compiler::LifetimePosition>)",not_application_dso,,1,4341489
startup,main_thread,other_application_symbol,/root/cc-perf-native-recv-0909/gc-leaf-census-20260911/compile-v2/cc-diagnostic,mi_arena_try_alloc_at,no_pgcm_function_at_start,,1,4314652
between_phases,foreign_pid,other_dso,/usr/bin/node,"v8::internal::TextNode::GetQuickCheckDetails(v8::internal::QuickCheckDetails*, v8::internal::RegExpCompiler*, int, bool, int)",not_application_dso,,1,4307974
startup,main_thread,runtime_helper_source_bound,/root/cc-perf-native-recv-0909/gc-leaf-census-20260911/compile-v2/cc-diagnostic,js_object_alloc_with_parent,no_pgcm_function_at_start,,1,4307480
between_phases,main_thread,compiled_function_prefix,/root/cc-perf-native-recv-0909/gc-leaf-census-20260911/compile-v2/cc-diagnostic,perry_fn_cli_2_1_112_js__aQ1,exact_start_and_symbol,40:18,1,4286751
startup,foreign_pid,other_dso,/usr/lib/x86_64-linux-gnu/libstdc++.so.6.0.33,operator new(unsigned long),not_application_dso,,1,4276218
startup,main_thread,other_application_symbol,/root/cc-perf-native-recv-0909/gc-leaf-census-20260911/compile-v2/cc-diagnostic,"<perry_runtime::gc::roots::runtime_handles::RuntimeHandle>::across_mut::<perry_runtime::string::StringHeader, ((), *mut perry_runtime::object::ObjectHeader), perry_runtime::object::object_ops::define_property::js_object_define_property::{closure#61}>",no_pgcm_function_at_start,,1,4266645
startup,foreign_pid,other_dso,/usr/bin/node,"v8::internal::HashTable<v8::internal::NameToIndexHashTable, v8::internal::NameToIndexShape>::Rehash(v8::internal::PtrComprCageBase)",not_application_dso,,1,4260982
startup,foreign_pid,other_dso,/usr/bin/node,"v8::internal::parsing::ParseFunction(v8::internal::ParseInfo*, v8::internal::DirectHandle<v8::internal::SharedFunctionInfo>, v8::internal::Isolate*, v8::internal::parsing::ReportStatisticsMode)",not_application_dso,,1,4242154
between_phases,main_thread,other_application_symbol,/root/cc-perf-native-recv-0909/gc-leaf-census-20260911/compile-v2/cc-diagnostic,perry_runtime::object::arguments::arguments_object_set_field,no_pgcm_function_at_start,,1,4216405
startup,main_thread,other_application_symbol,/root/cc-perf-native-recv-0909/gc-leaf-census-20260911/compile-v2/cc-diagnostic,keys_array_len_capped_to_capacity,no_pgcm_function_at_start,,1,4207749
startup,main_thread,unknown_symbol,[unknown],[unknown],not_application_dso,,2,4200418
startup,foreign_pid,other_dso,/usr/bin/node,Builtins_StringAdd_CheckNone,not_application_dso,,1,4188659
between_phases,main_thread,other_application_symbol,/root/cc-perf-native-recv-0909/gc-leaf-census-20260911/compile-v2/cc-diagnostic,ring_core_0_17_14__gcm_ghash_vpclmulqdq_avx2_1,no_pgcm_function_at_start,,1,4136160
between_phases,main_thread,other_application_symbol,/root/cc-perf-native-recv-0909/gc-leaf-census-20260911/compile-v2/cc-diagnostic,perry_runtime::node_stream::async_iterator::build_readable_async_iterator,no_pgcm_function_at_start,,1,4116965
startup,main_thread,other_application_symbol,/root/cc-perf-native-recv-0909/gc-leaf-census-20260911/compile-v2/cc-diagnostic,perry_runtime::object::shapes::remove_descriptor_and_reverse_indices,no_pgcm_function_at_start,,1,4089700
startup,main_thread,other_application_symbol,/root/cc-perf-native-recv-0909/gc-leaf-census-20260911/compile-v2/cc-diagnostic,mi_good_size,no_pgcm_function_at_start,,1,4086279
startup,foreign_pid,other_dso,/usr/lib/x86_64-linux-gnu/ld-linux-x86-64.so.2,do_lookup_x,not_application_dso,,2,4057084
startup,main_thread,runtime_helper_source_bound,/root/cc-perf-native-recv-0909/gc-leaf-census-20260911/compile-v2/cc-diagnostic,js_dyn_index_get,no_pgcm_function_at_start,,1,4051872
between_phases,main_thread,other_application_symbol,/root/cc-perf-native-recv-0909/gc-leaf-census-20260911/compile-v2/cc-diagnostic,perry_runtime::fs::deferred::park,no_pgcm_function_at_start,,1,4020138
startup,foreign_pid,other_dso,/usr/bin/node,"v8::internal::Handle<v8::internal::JSObject> v8::internal::JSDataObjectBuilder::BuildFromIterator<v8::internal::JsonParser<unsigned char>::NamedPropertyIterator&>(v8::internal::JsonParser<unsigned char>::NamedPropertyIterator&, v8::internal::MaybeHandle<v8::internal::FixedArrayBase>)",not_application_dso,,1,4005997
startup,foreign_pid,other_dso,/usr/bin/node,"std::pair<std::_Rb_tree_iterator<std::pair<int const, int> >, bool> std::_Rb_tree<int, std::pair<int const, int>, std::_Select1st<std::pair<int const, int> >, std::less<int>, v8::internal::ZoneAllocator<std::pair<int const, int> > >::_M_emplace_unique<int&, int&>(int&, int&)",not_application_dso,,1,3993406
startup,foreign_pid,other_dso,/usr/bin/node,v8::internal::String::ComputeAndSetRawHash(v8::internal::SharedStringAccessGuardIfNeeded const&),not_application_dso,,1,3983588
between_phases,main_thread,runtime_helper_source_bound,/root/cc-perf-native-recv-0909/gc-leaf-census-20260911/compile-v2/cc-diagnostic,js_object_get_field,no_pgcm_function_at_start,,1,3972856
startup,foreign_pid,other_dso,/usr/bin/node,"v8::internal::RegExpMacroAssemblerX64::GetCode(v8::internal::DirectHandle<v8::internal::String>, v8::base::Flags<v8::internal::RegExpFlag, int, int>)",not_application_dso,,1,3904745
startup,foreign_pid,other_dso,/usr/bin/node,Builtins_StrictEqual_Generic_Baseline,not_application_dso,,1,3849301
startup,foreign_pid,other_dso,/usr/bin/node,"v8::internal::Object::AddDataProperty(v8::internal::LookupIterator*, v8::internal::DirectHandle<v8::internal::Object>, v8::internal::PropertyAttributes, v8::Maybe<v8::internal::ShouldThrow>, v8::internal::StoreOrigin, v8::internal::EnforceDefineSemantics)",not_application_dso,,1,3833956
startup,foreign_pid,other_dso,/usr/bin/node,"int v8::internal::Deserializer<v8::internal::Isolate>::ReadSingleBytecodeData<v8::internal::SlotAccessorForHandle<v8::internal::Isolate> >(unsigned char, v8::internal::SlotAccessorForHandle<v8::internal::Isolate>)",not_application_dso,,1,3809864
startup,foreign_pid,other_dso,/usr/bin/node,"v8::internal::TieringManager::OnInterruptTick(v8::internal::DirectHandle<v8::internal::JSFunction>, v8::internal::CodeKind)",not_application_dso,,1,3799309
startup,foreign_pid,other_dso,/usr/bin/node,v8::internal::FeedbackNexus::GetFirstMap() const,not_application_dso,,1,3797999
startup,foreign_pid,other_dso,/usr/bin/node,"v8::internal::JSReceiver::DefineOwnProperty(v8::internal::Isolate*, v8::internal::DirectHandle<v8::internal::JSReceiver>, v8::internal::DirectHandle<v8::internal::Object>, v8::internal::PropertyDescriptor*, v8::Maybe<v8::internal::ShouldThrow>)",not_application_dso,,1,3767722
startup,foreign_pid,other_dso,/usr/bin/node,Builtins_LoadICGenericBaseline,not_application_dso,,1,3669560
between_phases,foreign_pid,other_dso,/usr/bin/node,v8::internal::compiler::SourcePositionTable::Decorator::Decorate(v8::internal::compiler::Node*),not_application_dso,,1,3652532
startup,foreign_pid,other_dso,/usr/bin/node,absl::Mutex::unlock(),not_application_dso,,1,3633644
startup,foreign_pid,other_dso,/usr/bin/node,"v8::internal::StoreIC::Store(v8::internal::Handle<v8::internal::Union<v8::internal::Smi, v8::internal::HeapNumber, v8::internal::BigInt, v8::internal::String, v8::internal::Symbol, v8::internal::Boolean, v8::internal::Null, v8::internal::Undefined, v8::internal::JSReceiver> >, v8::internal::Handle<v8::internal::Name>, v8::internal::DirectHandle<v8::internal::Object>, v8::internal::StoreOrigin)",not_application_dso,,1,3580496
startup,foreign_pid,other_dso,/usr/bin/node,v8::internal::Scanner::Next(),not_application_dso,,1,3557694
startup,foreign_pid,other_dso,/usr/bin/node,v8::internal::interpreter::BytecodeGenerator::VisitCompareOperation(v8::internal::CompareOperation*),not_application_dso,,1,3557244
between_phases,foreign_pid,other_dso,/usr/bin/node,v8::internal::compiler::LiveRange::NextEndAfter(v8::internal::compiler::LifetimePosition),not_application_dso,,1,3304104
between_phases,foreign_pid,other_dso,/usr/bin/node,"v8::internal::compiler::Operator1<int, v8::internal::compiler::OpEqualTo<int>, v8::internal::compiler::OpHash<int> >::Equals(v8::internal::compiler::Operator const*) const",not_application_dso,,1,3174815
between_phases,foreign_pid,other_dso,/usr/bin/node,"v8::internal::compiler::turboshaft::VariableReducer<v8::internal::compiler::turboshaft::LoopStackCheckElisionReducer<v8::internal::compiler::turboshaft::StoreStoreEliminationReducer<v8::internal::compiler::turboshaft::LateLoadEliminationReducer<v8::internal::compiler::turboshaft::MachineOptimizationReducer<v8::internal::compiler::turboshaft::BranchEliminationReducer<v8::internal::compiler::turboshaft::EmitProjectionReducer<v8::internal::compiler::turboshaft::ValueNumberingReducer<v8::internal::compiler::turboshaft::AssemblerOpInterface<v8::internal::compiler::turboshaft::ReducerBase<v8::internal::compiler::turboshaft::GraphEmitter<v8::internal::compiler::turboshaft::StackBottom<v8::internal::compiler::turboshaft::Assembler<v8::internal::compiler::turboshaft::GraphVisitor, v8::internal::compiler::turboshaft::LoopStackCheckElisionReducer, v8::internal::compiler::turboshaft::StoreStoreEliminationReducer, v8::internal::compiler::turboshaft::LateLoadEliminationReducer, v8::internal::compiler::turboshaft::MachineOptimizationReducer, v8::internal::compiler::turboshaft::BranchEliminationReducer, v8::internal::compiler::turboshaft::ValueNumberingReducer>, v8::base::tmp::list1<v8::internal::compiler::turboshaft::GraphVisitor, v8::internal::compiler::turboshaft::LoopStackCheckElisionReducer, v8::internal::compiler::turboshaft::StoreStoreEliminationReducer, v8::internal::compiler::turboshaft::LateLoadEliminationReducer, v8::internal::compiler::turboshaft::MachineOptimizationReducer, v8::internal::compiler::turboshaft::BranchEliminationReducer, v8::internal::compiler::turboshaft::EmitProjectionReducer, v8::internal::compiler::turboshaft::ValueNumberingReducer, v8::internal::compiler::turboshaft::AssemblerOpInterface, v8::internal::compiler::turboshaft::ReducerBase, v8::internal::compiler::turboshaft::GraphEmitter> > > > > > > > > > > > >::Bind(v8::internal::compiler::turboshaft::Block*)",not_application_dso,,1,3155641
between_phases,main_thread,other_application_symbol,/root/cc-perf-native-recv-0909/gc-leaf-census-20260911/compile-v2/cc-diagnostic,perry_runtime::typedarray::arena_payload_has_gc_type,no_pgcm_function_at_start,,1,3029465
between_phases,foreign_pid,other_dso,/usr/bin/node,"v8::internal::compiler::NodeAuxData<v8::internal::compiler::FunctionalList<v8::internal::compiler::LoopVariableOptimizer::Constraint>, &(v8::internal::compiler::FunctionalList<v8::internal::compiler::LoopVariableOptimizer::Constraint> v8::internal::compiler::DefaultConstruct<v8::internal::compiler::FunctionalList<v8::internal::compiler::LoopVariableOptimizer::Constraint> >(v8::internal::Zone*))>::Set(unsigned int, v8::internal::compiler::FunctionalList<v8::internal::compiler::LoopVariableOptimizer::Constraint> const&)",not_application_dso,,1,2932554
startup,foreign_pid,other_dso,/usr/bin/node,"v8::internal::InstructionStream::RelocateFromDesc(v8::internal::WritableJitAllocation&, v8::internal::Heap*, v8::internal::CodeDesc const&, unsigned long, v8::internal::PerThreadAssertScopeEmpty<false, (v8::internal::PerThreadAssertType)1, (v8::internal::PerThreadAssertType)2> const&)",not_application_dso,,1,2932554
startup,foreign_pid,other_dso,/usr/bin/node,err_string_data_hash,not_application_dso,,1,2920393
between_phases,foreign_pid,other_dso,/usr/bin/node,"v8::internal::compiler::NodeAuxData<v8::internal::compiler::ControlPathState<v8::internal::compiler::BranchCondition, (v8::internal::compiler::NodeUniqueness)0>, &(v8::internal::compiler::ControlPathState<v8::internal::compiler::BranchCondition, (v8::internal::compiler::NodeUniqueness)0> v8::internal::compiler::ZoneConstruct<v8::internal::compiler::ControlPathState<v8::internal::compiler::BranchCondition, (v8::internal::compiler::NodeUniqueness)0> >(v8::internal::Zone*))>::Set(unsigned int, v8::internal::compiler::ControlPathState<v8::internal::compiler::BranchCondition, (v8::internal::compiler::NodeUniqueness)0> const&)",not_application_dso,,1,2805019
between_phases,main_thread,other_application_symbol,/root/cc-perf-native-recv-0909/gc-leaf-census-20260911/compile-v2/cc-diagnostic,"<hashbrown::map::HashMap<u32, perry_runtime::object::class_registry::state::ClassVTable, perry_runtime::fast_hash::PtrHasher>>::get::<u32>",no_pgcm_function_at_start,,1,2655006
between_phases,main_thread,other_application_symbol,/root/cc-perf-native-recv-0909/gc-leaf-census-20260911/compile-v2/cc-diagnostic,perry_runtime::object::field_get_set::get_field_by_name_tail::get_field_by_name_object_tail,no_pgcm_function_at_start,,1,2477585
startup,foreign_pid,other_dso,/usr/bin/node,"std::pair<std::__detail::_Node_iterator<v8::internal::compiler::CompilationDependency const*, true, true>, bool> std::_Hashtable<v8::internal::compiler::CompilationDependency const*, v8::internal::compiler::CompilationDependency const*, v8::internal::ZoneAllocator<v8::internal::compiler::CompilationDependency const*>, std::__detail::_Identity, v8::internal::compiler::CompilationDependencies::CompilationDependencyEqual, v8::internal::compiler::CompilationDependencies::CompilationDependencyHash, std::__detail::_Mod_range_hashing, std::__detail::_Default_ranged_hash, std::__detail::_Prime_rehash_policy, std::__detail::_Hashtable_traits<true, true, true> >::_M_insert_unique<v8::internal::compiler::CompilationDependency const* const&, v8::internal::compiler::CompilationDependency const* const&, std::__detail::_AllocNode<v8::internal::ZoneAllocator<std::__detail::_Hash_node<v8::internal::compiler::CompilationDependency const*, true> > > >(v8::internal::compiler::CompilationDependency const* const&, v8::internal::compiler::CompilationDependency const* const&, std::__detail::_AllocNode<v8::internal::ZoneAllocator<std::__detail::_Hash_node<v8::internal::compiler::CompilationDependency const*, true> > > const&)",not_application_dso,,1,2439842
startup,foreign_pid,other_dso,/usr/bin/node,"v8::internal::Heap::ShouldExpandOldGenerationOnSlowAllocation(v8::internal::LocalHeap*, v8::internal::AllocationOrigin)",not_application_dso,,1,2439842
between_phases,main_thread,other_application_symbol,/root/cc-perf-native-recv-0909/gc-leaf-census-20260911/compile-v2/cc-diagnostic,<perry_runtime::object::shapes::shapes_slot_list::SlotIndex>::drain_pairs,no_pgcm_function_at_start,,1,2401682
startup,foreign_pid,other_dso,/usr/bin/node,"heap::base::SlotCallbackResult v8::internal::Scavenger::ScavengeObject<v8::internal::FullHeapObjectSlot>(v8::internal::FullHeapObjectSlot, v8::internal::Tagged<v8::internal::HeapObject>)",not_application_dso,,1,2308292
between_phases,main_thread,runtime_helper_source_bound,/root/cc-perf-native-recv-0909/gc-leaf-census-20260911/compile-v2/cc-diagnostic,js_box_set_bits,no_pgcm_function_at_start,,1,2276022
between_phases,main_thread,other_dso,/usr/lib/x86_64-linux-gnu/libc.so.6,__memcmp_evex_movbe,not_application_dso,,1,2079778
between_phases,foreign_pid,other_dso,/usr/lib/x86_64-linux-gnu/libc.so.6,_int_free,not_application_dso,,2,1189615
between_phases,foreign_pid,other_dso,/usr/bin/node,"v8::internal::maglev::MaglevReducer<v8::internal::maglev::MaglevGraphBuilder>::TryGetHeapObjectConstant(v8::internal::maglev::ValueNode*, v8::internal::maglev::ValueNode**)",not_application_dso,,1,1070811
between_phases,foreign_pid,other_dso,/usr/lib/x86_64-linux-gnu/libstdc++.so.6.0.33,operator new[](unsigned long),not_application_dso,,1,1029736
between_phases,foreign_pid,other_dso,/usr/bin/node,"v8::internal::Assembler::emit_mov(v8::internal::Register, v8::internal::Immediate64, int)",not_application_dso,,1,866153
between_phases,foreign_pid,other_dso,/usr/bin/node,absl::Mutex::lock(),not_application_dso,,1,770588
between_phases,foreign_pid,other_dso,/usr/bin/node,"heap::base::SlotCallbackResult v8::internal::Scavenger::ScavengeObject<v8::internal::FullHeapObjectSlot>(v8::internal::FullHeapObjectSlot, v8::internal::Tagged<v8::internal::HeapObject>)",not_application_dso,,1,770588
between_phases,foreign_pid,other_dso,/usr/bin/node,v8::internal::interpreter::BytecodeArrayIterator::GetRegisterOperand(int) const,not_application_dso,,1,770588
between_phases,foreign_pid,other_dso,/usr/bin/node,"v8::internal::maglev::DeoptInfoVisitor<v8::internal::maglev::LazyDeoptInfo const>::VisitSingleFrame<v8::internal::maglev::StraightForwardRegisterAllocator::AllocateLazyDeopt(v8::internal::maglev::LazyDeoptInfo const&)::$_0&>(v8::internal::maglev::DeoptFrame const&, v8::internal::maglev::StraightForwardRegisterAllocator::AllocateLazyDeopt(v8::internal::maglev::LazyDeoptInfo const&)::$_0&)::{lambda(v8::internal::maglev::ValueNode*)#1}::operator()(v8::internal::maglev::ValueNode*) const",not_application_dso,,1,770588
between_phases,foreign_pid,other_dso,/usr/bin/node,"void v8::internal::maglev::NodeBase::ForAllInputsInRegallocAssignmentOrder<v8::internal::maglev::LiveRangeAndNextUseProcessor::MarkInputUses<v8::internal::maglev::BranchIfReferenceEqual>(v8::internal::maglev::BranchIfReferenceEqual*, v8::internal::maglev::ProcessingState const&)::{lambda(v8::internal::maglev::NodeBase::InputAllocationPolicy, v8::internal::maglev::Input)#1}>(v8::internal::maglev::LiveRangeAndNextUseProcessor::MarkInputUses<v8::internal::maglev::BranchIfReferenceEqual>(v8::internal::maglev::BranchIfReferenceEqual*, v8::internal::maglev::ProcessingState const&)::{lambda(v8::internal::maglev::NodeBase::InputAllocationPolicy, v8::internal::maglev::Input)#1}&&)",not_application_dso,,1,770588
between_phases,foreign_pid,other_dso,/usr/bin/node,"unsigned short const* std::__find_if<unsigned short const*, __gnu_cxx::__ops::_Iter_pred<v8::internal::Utf16CharacterStream::AdvanceUntil<v8::internal::Scanner::ScanIdentifierOrKeywordInner()::{lambda(unsigned int)#1}>(v8::internal::Scanner::ScanIdentifierOrKeywordInner()::{lambda(unsigned int)#1})::{lambda(unsigned short)#1}> >(unsigned short const*, unsigned short const*, __gnu_cxx::__ops::_Iter_pred<v8::internal::Utf16CharacterStream::AdvanceUntil<v8::internal::Scanner::ScanIdentifierOrKeywordInner()::{lambda(unsigned int)#1}>(v8::internal::Scanner::ScanIdentifierOrKeywordInner()::{lambda(unsigned int)#1})::{lambda(unsigned short)#1}>, std::random_access_iterator_tag)",not_application_dso,,1,638336
startup,main_thread,other_application_symbol,/root/cc-perf-native-recv-0909/gc-leaf-census-20260911/compile-v2/cc-diagnostic,perry_runtime::promise::context_for_promise,no_pgcm_function_at_start,,1,594321
between_phases,foreign_pid,other_dso,/usr/bin/node,v8::internal::Scavenger::Process(v8::JobDelegate*),not_application_dso,,2,535030
between_phases,foreign_pid,other_dso,/usr/bin/node,v8::internal::compiler::CompilationDependencies::DependOnProtector(v8::internal::compiler::PropertyCellRef),not_application_dso,,1,410677
between_phases,foreign_pid,other_dso,/usr/bin/node,"v8::internal::maglev::GraphProcessor<v8::internal::maglev::NodeMultiProcessor<v8::internal::maglev::ReturnedValueRepresentationSelector, v8::internal::maglev::AnyUseMarkingProcessor, v8::internal::maglev::RegallocNodeInfoAllocationProcessor> >::ProcessGraph(v8::internal::maglev::Graph*)",not_application_dso,,1,410677
between_phases,foreign_pid,other_dso,/usr/bin/node,"void v8::base::VLQEncodeUnsigned<v8::base::VLQEncodeUnsigned<std::allocator<unsigned char> >(std::vector<unsigned char, std::allocator<unsigned char> >*, unsigned int)::{lambda(unsigned char)#1}>(v8::base::VLQEncodeUnsigned<std::allocator<unsigned char> >(std::vector<unsigned char, std::allocator<unsigned char> >*, unsigned int)::{lambda(unsigned char)#1}&&, unsigned int)",not_application_dso,,1,401662
between_phases,foreign_pid,other_dso,/usr/bin/node,"void v8::internal::compiler::(anonymous namespace)::UpdateInLiveness<(v8::internal::interpreter::Bytecode)108, (v8::internal::interpreter::ImplicitRegisterUse)2, (v8::internal::interpreter::OperandType)15, (v8::internal::interpreter::OperandType)15, (v8::internal::interpreter::OperandType)15, (v8::internal::interpreter::OperandType)9>(v8::internal::compiler::BytecodeLivenessState*, v8::internal::interpreter::BytecodeArrayIterator const&)",not_application_dso,,1,401662
between_phases,foreign_pid,other_dso,/usr/bin/node,"v8::internal::MacroAssembler::CallRuntime(v8::internal::Runtime::Function const*, int)",not_application_dso,,1,401037
between_phases,foreign_pid,other_dso,/usr/bin/node,"void std::__final_insertion_sort<v8::internal::compiler::TopLevelLiveRange**, __gnu_cxx::__ops::_Iter_comp_iter<v8::internal::compiler::LiveRangeOrdering> >(v8::internal::compiler::TopLevelLiveRange**, v8::internal::compiler::TopLevelLiveRange**, __gnu_cxx::__ops::_Iter_comp_iter<v8::internal::compiler::LiveRangeOrdering>)",not_application_dso,,1,368235
startup,foreign_pid,other_dso,/usr/bin/node,v8::internal::maglev::MaglevReducer<v8::internal::maglev::MaglevGraphBuilder>::TryGetInt32(v8::internal::maglev::ValueNode*),not_application_dso,,1,348516
between_phases,foreign_pid,other_dso,/usr/bin/node,"std::_Rb_tree_node<std::pair<unsigned int const, v8::internal::maglev::KnownNodeAspects::AvailableExpression> >* std::_Rb_tree<unsigned int, std::pair<unsigned int const, v8::internal::maglev::KnownNodeAspects::AvailableExpression>, std::_Select1st<std::pair<unsigned int const, v8::internal::maglev::KnownNodeAspects::AvailableExpression> >, std::less<unsigned int>, v8::internal::ZoneAllocator<std::pair<unsigned int const, v8::internal::maglev::KnownNodeAspects::AvailableExpression> > >::_M_copy<false, std::_Rb_tree<unsigned int, std::pair<unsigned int const, v8::internal::maglev::KnownNodeAspects::AvailableExpression>, std::_Select1st<std::pair<unsigned int const, v8::internal::maglev::KnownNodeAspects::AvailableExpression> >, std::less<unsigned int>, v8::internal::ZoneAllocator<std::pair<unsigned int const, v8::internal::maglev::KnownNodeAspects::AvailableExpression> > >::_Alloc_node>(std::_Rb_tree_node<std::pair<unsigned int const, v8::internal::maglev::KnownNodeAspects::AvailableExpression> >*, std::_Rb_tree_node_base*, std::_Rb_tree<unsigned int, std::pair<unsigned int const, v8::internal::maglev::KnownNodeAspects::AvailableExpression>, std::_Select1st<std::pair<unsigned int const, v8::internal::maglev::KnownNodeAspects::AvailableExpression> >, std::less<unsigned int>, v8::internal::ZoneAllocator<std::pair<unsigned int const, v8::internal::maglev::KnownNodeAspects::AvailableExpression> > >::_Alloc_node&)",not_application_dso,,1,346573
between_phases,foreign_pid,other_dso,/usr/bin/node,"v8::internal::StringTableInsertionKey::StringTableInsertionKey(v8::internal::Isolate*, v8::internal::DirectHandle<v8::internal::String>, v8::internal::DeserializingUserCodeOption)",not_application_dso,,2,338401
between_phases,foreign_pid,other_dso,/usr/bin/node,"int v8::internal::Deserializer<v8::internal::Isolate>::ReadSingleBytecodeData<v8::internal::SlotAccessorForHandle<v8::internal::Isolate> >(unsigned char, v8::internal::SlotAccessorForHandle<v8::internal::Isolate>)",not_application_dso,,2,335869
between_phases,foreign_pid,other_dso,/usr/bin/node,v8::internal::Heap::CanExpandOldGeneration(unsigned long) const,not_application_dso,,1,319508
startup,foreign_pid,other_dso,/usr/bin/node,"v8::internal::Assembler::bind_to(v8::internal::Label*, int)",not_application_dso,,1,317280
between_phases,foreign_pid,other_dso,/usr/bin/node,"v8::internal::InstructionStream::RelocateFromDesc(v8::internal::WritableJitAllocation&, v8::internal::Heap*, v8::internal::CodeDesc const&, unsigned long, v8::internal::PerThreadAssertScopeEmpty<false, (v8::internal::PerThreadAssertType)1, (v8::internal::PerThreadAssertType)2> const&)",not_application_dso,,1,303706
between_phases,foreign_pid,other_dso,/usr/bin/node,_ZN2v88internal8compiler10turboshaft13SnapshotTableINS2_7OpIndexENS2_12VariableDataEE17MoveToNewSnapshotIZNS2_27ChangeTrackingSnapshotTableINS2_15VariableReducerINS2_28LoopStackCheckElisionReducerINS2_20LoopUnrollingReducerINS2_26MachineOptimizationReducerINS2_21EmitProjectionReducerINS2_21ValueNumberingReducerINS2_20AssemblerOpInterfaceINS2_11ReducerBaseINS2_12GraphEmitterINS2_11StackBottomINS2_9AssemblerIJNS2_12GraphVisitorESA_SB_SC_SE_EEENS_4base3tmp5list1IJSK_SA_SB_SC_SD_SE_SF_SG_SH_EEEEEEEEEEEEEEEEEEEEEE13VariableTableES4_S5_E16StartNewSnapshotIZNSZ_4BindEPNS2_5BlockEEUlNS2_16SnapshotTableKeyIS4_S5_EENSM_6VectorIKS4_EEE_EEvNS17_IKNS6_8SnapshotEEERKT_Qsr3stdE14is_invocable_vITL0__NS2_27ChangeTrackingSnapshotTable3KeyENS17_IKT0_EEEEUlS16_RS18_S1N_E_EERNS6_12SnapshotDataES1D_S1G_,not_application_dso,,1,299504
between_phases,foreign_pid,other_dso,/usr/bin/node,v8::platform::DefaultJobWorker::Run(),not_application_dso,,1,267515
between_phases,foreign_pid,other_dso,/usr/lib/x86_64-linux-gnu/ld-linux-x86-64.so.2,_dl_lookup_symbol_x,not_application_dso,,1,231788
between_phases,foreign_pid,other_dso,/usr/lib/x86_64-linux-gnu/ld-linux-x86-64.so.2,_dl_check_map_versions,not_application_dso,,1,219902
between_phases,foreign_pid,other_dso,/usr/bin/node,v8::internal::maglev::ReduceInterruptBudgetForReturn::SetValueLocationConstraints(),not_application_dso,,1,215986
command,other_target_thread,other_application_symbol,/root/cc-perf-native-recv-0909/gc-leaf-census-20260911/compile-v2/cc-diagnostic,<notify::inotify::EventLoop>::handle_event,no_pgcm_function_at_start,,1,198439
between_phases,foreign_pid,other_dso,/usr/bin/node,"v8::internal::PerThreadAssertScope<true, (v8::internal::PerThreadAssertType)2>::IsAllowed()",not_application_dso,,1,195682
startup,main_thread,other_dso,/usr/lib/x86_64-linux-gnu/libc.so.6,__strlen_evex,not_application_dso,,2,194305
startup,foreign_pid,other_dso,/usr/bin/node,"v8::internal::maglev::DeoptInfoVisitor<v8::internal::maglev::EagerDeoptInfo const>::VisitSingleFrame<v8::internal::maglev::StraightForwardRegisterAllocator::AllocateEagerDeopt(v8::internal::maglev::EagerDeoptInfo const&)::$_0&>(v8::internal::maglev::DeoptFrame const&, v8::internal::maglev::StraightForwardRegisterAllocator::AllocateEagerDeopt(v8::internal::maglev::EagerDeoptInfo const&)::$_0&)::{lambda(v8::internal::maglev::ValueNode*)#1}::operator()(v8::internal::maglev::ValueNode*) const",not_application_dso,,1,159923
startup,foreign_pid,other_dso,/usr/bin/node,"v8::internal::maglev::MaglevReducer<v8::internal::maglev::MaglevGraphBuilder>::TryGetHeapObjectConstant(v8::internal::maglev::ValueNode*, v8::internal::maglev::ValueNode**)",not_application_dso,,1,159923
startup,foreign_pid,other_dso,/usr/bin/node,"v8::internal::Assembler::emit_mov(v8::internal::Register, v8::internal::Operand, int)",not_application_dso,,1,153592
startup,foreign_pid,other_dso,/usr/bin/node,impl_free,not_application_dso,,1,119703
startup,foreign_pid,other_dso,/usr/lib/x86_64-linux-gnu/libc.so.6,memcpy@@GLIBC_2.14,not_application_dso,,1,116893
startup,foreign_pid,other_dso,/usr/bin/node,v8::internal::Factory::CodeBuilder::BuildInternal(bool),not_application_dso,,1,108070
startup,foreign_pid,other_dso,/usr/lib/x86_64-linux-gnu/ld-linux-x86-64.so.2,_dl_lookup_symbol_x,not_application_dso,,1,91729
between_phases,foreign_pid,unknown_symbol,/usr/bin/grep,[unknown],not_application_dso,,9,82604
startup,other_target_thread,unknown_symbol,[unknown],[unknown],not_application_dso,,2,63969
startup,foreign_pid,other_dso,/usr/lib/x86_64-linux-gnu/ld-linux-x86-64.so.2,_dl_check_map_versions,not_application_dso,,1,62772
startup,foreign_pid,other_dso,/usr/bin/node,v8::internal::RelocIteratorBase<v8::internal::RelocInfo>::next(),not_application_dso,,1,59961
startup,foreign_pid,other_dso,/usr/lib/x86_64-linux-gnu/ld-linux-x86-64.so.2,strcmp,not_application_dso,,1,50676
startup,foreign_pid,other_dso,/usr/bin/node,v8::internal::baseline::BaselineCompiler::VisitThrowReferenceErrorIfHole(),not_application_dso,,1,46841
startup,foreign_pid,other_dso,/usr/lib/x86_64-linux-gnu/ld-linux-x86-64.so.2,__minimal_calloc,not_application_dso,,1,37847
startup,foreign_pid,other_dso,/usr/lib/x86_64-linux-gnu/ld-linux-x86-64.so.2,handle_amd,not_application_dso,,1,18984
between_phases,foreign_pid,other_dso,/usr/lib/x86_64-linux-gnu/libc.so.6,arena_get2.part.0,not_application_dso,,2,12030
between_phases,foreign_pid,other_dso,/usr/lib/x86_64-linux-gnu/libc.so.6,start_thread,not_application_dso,,7,9290
between_phases,foreign_pid,other_dso,/usr/bin/node,"v8::internal::JSObject::MigrateToMap(v8::internal::Isolate*, v8::internal::DirectHandle<v8::internal::JSObject>, v8::internal::DirectHandle<v8::internal::Map>, int)",not_application_dso,,1,7138
between_phases,foreign_pid,other_dso,/usr/lib/x86_64-linux-gnu/ld-linux-x86-64.so.2,_dl_map_object_deps,not_application_dso,,1,6952
between_phases,other_target_thread,other_application_symbol,/root/cc-perf-native-recv-0909/gc-leaf-census-20260911/compile-v2/cc-diagnostic,mi_bin,no_pgcm_function_at_start,,2,6590
between_phases,foreign_pid,other_dso,/usr/lib/x86_64-linux-gnu/libc.so.6,__printf_buffer,not_application_dso,,15,6364
between_phases,other_target_thread,other_application_symbol,/root/cc-perf-native-recv-0909/gc-leaf-census-20260911/compile-v2/cc-diagnostic,"<std::thread::lifecycle::spawn_unchecked<perry_runtime::child_process::reactor::timeout::cp_spawn_waiter::{closure#1}, ()>::{closure#1} as core::ops::function::FnOnce<()>>::call_once::{shim:vtable#0}",no_pgcm_function_at_start,,1,5836
between_phases,foreign_pid,other_dso,/usr/bin/node,v8::internal::ArrayBufferSweeper::SweepingState::SweepingJob::Run(v8::JobDelegate*),not_application_dso,,1,5683
between_phases,foreign_pid,other_dso,/usr/lib/x86_64-linux-gnu/libc.so.6,__GI___pthread_enable_asynccancel,not_application_dso,,1,5659
between_phases,other_target_thread,other_application_symbol,/root/cc-perf-native-recv-0909/gc-leaf-census-20260911/compile-v2/cc-diagnostic,"<std::thread::lifecycle::spawn_unchecked<perry_runtime::child_process::reactor::cp_spawn_reader<alloc::boxed::Box<dyn alloc::io::read::Read + core::marker::Send>>::{closure#0}, ()>::{closure#1} as core::ops::function::FnOnce<()>>::call_once::{shim:vtable#0}",no_pgcm_function_at_start,,1,5551
startup,foreign_pid,other_dso,/usr/lib/x86_64-linux-gnu/libc.so.6,__printf_buffer,not_application_dso,,9,5539
startup,foreign_pid,other_dso,/usr/lib/x86_64-linux-gnu/libc.so.6,__spawni_child,not_application_dso,,21,5334
startup,foreign_pid,unknown_symbol,[unknown],[unknown],not_application_dso,,36,5328
between_phases,foreign_pid,other_dso,/usr/bin/node,node::(anonymous namespace)::PlatformWorkerThread(void*),not_application_dso,,9,5059
between_phases,foreign_pid,other_dso,/usr/bin/node,"int v8::internal::Deserializer<v8::internal::Isolate>::ReadSingleBytecodeData<v8::internal::SlotAccessorForHeapObject>(unsigned char, v8::internal::SlotAccessorForHeapObject)",not_application_dso,,1,4935
between_phases,other_target_thread,other_application_symbol,/root/cc-perf-native-recv-0909/gc-leaf-census-20260911/compile-v2/cc-diagnostic,__rustc::__rust_dealloc,no_pgcm_function_at_start,,1,4816
between_phases,foreign_pid,other_dso,/usr/lib/x86_64-linux-gnu/libc.so.6,_itoa_word,not_application_dso,,3,4766
between_phases,foreign_pid,other_dso,/usr/bin/node,v8::internal::compiler::LiveRangeConnector::ResolveControlFlow(v8::internal::Zone*),not_application_dso,,8,4758
startup,foreign_pid,other_dso,/usr/bin/node,"v8::internal::MainAllocator::MainAllocator(v8::internal::LocalHeap*, v8::internal::SpaceWithLinearArea*, v8::internal::MainAllocator::IsNewGeneration, v8::internal::LinearAllocationArea*)",not_application_dso,,1,4742
startup,other_target_thread,other_dso,/usr/lib/x86_64-linux-gnu/libc.so.6,__printf_buffer,not_application_dso,,3,4690
between_phases,foreign_pid,other_dso,/usr/bin/node,v8::platform::tracing::TracingController::GetCategoryGroupEnabled(char const*),not_application_dso,,1,4607
between_phases,foreign_pid,other_dso,/usr/bin/node,v8::internal::Handle<v8::internal::Map> v8::internal::compiler::JSHeapBroker::CanonicalPersistentHandle<v8::internal::Map>(v8::internal::Tagged<v8::internal::Map>),not_application_dso,,1,4311
between_phases,foreign_pid,other_dso,/usr/lib/x86_64-linux-gnu/libc.so.6,__getrlimit,not_application_dso,,1,4163
between_phases,foreign_pid,other_dso,/usr/bin/node,v8::internal::baseline::ConcurrentBaselineCompiler::JobDispatcher::Run(v8::JobDelegate*),not_application_dso,,1,3989
between_phases,foreign_pid,other_dso,/usr/lib/x86_64-linux-gnu/libc.so.6,__GI___futex_abstimed_wait_cancelable64,not_application_dso,,9,3906
startup,foreign_pid,other_dso,/usr/lib/x86_64-linux-gnu/libc.so.6,pthread_mutex_lock@@GLIBC_2.2.5,not_application_dso,,3,3648
between_phases,foreign_pid,other_dso,/usr/bin/node,node::ThreadPoolWork::ScheduleWork()::{lambda(uv_work_s*)#1}::__invoke(uv_work_s*),not_application_dso,,1,3642
between_phases,foreign_pid,other_dso,/usr/lib/x86_64-linux-gnu/libc.so.6,pthread_getspecific@@GLIBC_2.34,not_application_dso,,1,3550
between_phases,foreign_pid,other_dso,/usr/lib/x86_64-linux-gnu/libc.so.6,__GI___nptl_deallocate_tsd,not_application_dso,,1,3522
between_phases,foreign_pid,other_dso,/usr/lib/x86_64-linux-gnu/libc.so.6,__pthread_mutex_cond_lock,not_application_dso,,8,3492
startup,foreign_pid,other_dso,/usr/bin/node,absl::Mutex::lock(),not_application_dso,,1,3430
between_phases,other_target_thread,other_application_symbol,/root/cc-perf-native-recv-0909/gc-leaf-census-20260911/compile-v2/cc-diagnostic,"<std::sync::poison::mutex::Mutex<std::collections::hash::map::HashMap<i64, std::collections::hash::map::HashMap<alloc::string::String, std::collections::hash::set::HashSet<i64>>>>>::lock",no_pgcm_function_at_start,,1,3422
startup,foreign_pid,other_dso,/usr/lib/x86_64-linux-gnu/libc.so.6,__strchrnul_evex,not_application_dso,,4,3351
between_phases,other_target_thread,other_dso,/usr/lib/x86_64-linux-gnu/libc.so.6,__printf_buffer_write,not_application_dso,,1,3273
between_phases,other_target_thread,other_application_symbol,/root/cc-perf-native-recv-0909/gc-leaf-census-20260911/compile-v2/cc-diagnostic,mi_free,no_pgcm_function_at_start,,1,3230
between_phases,foreign_pid,other_dso,/usr/lib/x86_64-linux-gnu/libc.so.6,malloc,not_application_dso,,3,3211
between_phases,foreign_pid,other_dso,/usr/bin/node,__errno_location@plt,not_application_dso,,1,3198
startup,other_target_thread,other_dso,/usr/lib/x86_64-linux-gnu/libc.so.6,__set_vma_name,not_application_dso,,1,3163
between_phases,foreign_pid,other_dso,/usr/bin/node,v8::internal::maglev::MaglevConcurrentDispatcher::JobTask::GetMaxConcurrency(unsigned long) const,not_application_dso,,1,3124
between_phases,foreign_pid,other_dso,/usr/lib/x86_64-linux-gnu/ld-linux-x86-64.so.2,_dl_start,not_application_dso,,1,3009
between_phases,foreign_pid,other_dso,/usr/lib/x86_64-linux-gnu/libc.so.6,__call_tls_dtors,not_application_dso,,1,2927
between_phases,foreign_pid,other_dso,/usr/lib/x86_64-linux-gnu/libc.so.6,syscall,not_application_dso,,1,2919
startup,foreign_pid,other_dso,/usr/lib/x86_64-linux-gnu/libc.so.6,pthread_cond_wait@@GLIBC_2.3.2,not_application_dso,,9,2793
between_phases,foreign_pid,unknown_symbol,/usr/bin/dash,[unknown],not_application_dso,,3,2745
between_phases,foreign_pid,other_dso,/usr/bin/node,v8::internal::ArrayBufferSweeper::SweepingState::SweepingJob::GetMaxConcurrency(unsigned long) const,not_application_dso,,1,2640
between_phases,foreign_pid,other_dso,/usr/bin/node,uv__io_cb,not_application_dso,,1,2398
startup,other_target_thread,other_dso,/usr/lib/x86_64-linux-gnu/libc.so.6,__printf_buffer_write,not_application_dso,,1,2259
between_phases,foreign_pid,unknown_symbol,[vdso],[unknown],not_application_dso,,1,2242
startup,foreign_pid,other_dso,/usr/bin/node,uv__io_poll,not_application_dso,,1,2238
startup,foreign_pid,other_dso,/usr/lib/x86_64-linux-gnu/libc.so.6,__GI___nptl_free_tcb,not_application_dso,,2,2198
startup,foreign_pid,other_dso,/usr/lib/x86_64-linux-gnu/libc.so.6,__GI___pthread_enable_asynccancel,not_application_dso,,1,2193
startup,foreign_pid,other_dso,/usr/bin/node,uv__fs_work,not_application_dso,,2,2109
between_phases,main_thread,other_application_symbol,/root/cc-perf-native-recv-0909/gc-leaf-census-20260911/compile-v2/cc-diagnostic,perry_runtime::object::descriptor_state::disable_inline_guards_for_descriptor_target,no_pgcm_function_at_start,,1,2019
startup,other_target_thread,other_dso,/usr/lib/x86_64-linux-gnu/libc.so.6,__memmove_avx512_unaligned_erms,not_application_dso,,1,2012
startup,main_thread,other_dso,/usr/lib/x86_64-linux-gnu/libc.so.6,__waitpid,not_application_dso,,1,1884
startup,foreign_pid,other_dso,/usr/lib/x86_64-linux-gnu/ld-linux-x86-64.so.2,_dl_start,not_application_dso,,3,1857
between_phases,foreign_pid,other_dso,/usr/lib/x86_64-linux-gnu/libc.so.6,__spawni_child,not_application_dso,,7,1825
startup,other_target_thread,other_dso,/usr/lib/x86_64-linux-gnu/libc.so.6,__vsnprintf_internal,not_application_dso,,4,1793
between_phases,foreign_pid,other_dso,/usr/lib/x86_64-linux-gnu/libc.so.6,__libc_fork,not_application_dso,,3,1763
startup,main_thread,other_dso,/usr/lib/x86_64-linux-gnu/libc.so.6,__GI___pthread_self,not_application_dso,,1,1706
between_phases,main_thread,other_application_symbol,/root/cc-perf-native-recv-0909/gc-leaf-census-20260911/compile-v2/cc-diagnostic,<tokio::runtime::io::driver::Driver>::turn,no_pgcm_function_at_start,,1,1591
startup,foreign_pid,other_dso,/usr/lib/x86_64-linux-gnu/libc.so.6,_itoa_word,not_application_dso,,1,1325
startup,main_thread,other_application_symbol,/root/cc-perf-native-recv-0909/gc-leaf-census-20260911/compile-v2/cc-diagnostic,<std::sys::process::unix::common::Command>::spawn,no_pgcm_function_at_start,,1,1235
between_phases,foreign_pid,other_dso,/usr/lib/x86_64-linux-gnu/libc.so.6,pthread_cond_signal@@GLIBC_2.3.2,not_application_dso,,3,871
startup,foreign_pid,other_dso,/usr/lib/x86_64-linux-gnu/libc.so.6,__libc_sigaction,not_application_dso,,1,394
between_phases,foreign_pid,other_dso,/usr/bin/node,worker,not_application_dso,,5,203
between_phases,other_target_thread,other_dso,/usr/lib/x86_64-linux-gnu/libc.so.6,__strchrnul_evex,not_application_dso,,3,202
between_phases,foreign_pid,other_dso,/usr/lib/x86_64-linux-gnu/libc.so.6,__strchrnul_evex,not_application_dso,,5,132
between_phases,foreign_pid,other_dso,/usr/lib/x86_64-linux-gnu/libc.so.6,clock_gettime@@GLIBC_2.17,not_application_dso,,2,120
startup,other_target_thread,other_dso,/usr/lib/x86_64-linux-gnu/libc.so.6,__ctype_init,not_application_dso,,13,118
between_phases,other_target_thread,other_application_symbol,/root/cc-perf-native-recv-0909/gc-leaf-census-20260911/compile-v2/cc-diagnostic,"std::sys::backtrace::__rust_begin_short_backtrace::<perry_runtime::child_process::reactor::cp_spawn_reader<alloc::boxed::Box<dyn alloc::io::read::Read + core::marker::Send>>::{closure#0}, ()>",no_pgcm_function_at_start,,3,105
between_phases,foreign_pid,other_dso,/usr/bin/node,"v8::internal::LookupIterator::ApplyTransitionToDataProperty(v8::internal::DirectHandle<v8::internal::Union<v8::internal::JSObject, v8::internal::JSProxy> >, v8::Maybe<v8::internal::ShouldThrow>)",not_application_dso,,3,84
startup,foreign_pid,other_dso,/usr/bin/node,node::(anonymous namespace)::PlatformWorkerThread(void*),not_application_dso,,4,78
between_phases,foreign_pid,other_dso,/usr/lib/x86_64-linux-gnu/libc.so.6,pthread_cond_wait@@GLIBC_2.3.2,not_application_dso,,27,72
between_phases,foreign_pid,other_dso,/usr/bin/node,uv_thread_join,not_application_dso,,1,69
between_phases,other_target_thread,other_application_symbol,/root/cc-perf-native-recv-0909/gc-leaf-census-20260911/compile-v2/cc-diagnostic,"std::sys::backtrace::__rust_begin_short_backtrace::<perry_runtime::os::process_streams::ensure_stdin_reader::{closure#0}, ()>",no_pgcm_function_at_start,,1,66
startup,foreign_pid,other_dso,/usr/bin/node,uv_cond_wait,not_application_dso,,1,66
between_phases,foreign_pid,other_dso,/usr/bin/node,uv_cond_wait,not_application_dso,,2,64
between_phases,foreign_pid,other_dso,/usr/bin/node,v8::internal::Heap::IsPendingAllocationInternal(v8::internal::Tagged<v8::internal::HeapObject>),not_application_dso,,1,61
between_phases,foreign_pid,other_dso,/usr/bin/node,"unsigned int v8::internal::StringHasher::HashSequentialString<unsigned char>(unsigned char const*, unsigned int, v8::internal::HashSeed)",not_application_dso,,1,58
between_phases,foreign_pid,other_dso,/usr/lib/x86_64-linux-gnu/libstdc++.so.6.0.33,operator delete(void*),not_application_dso,,1,58
between_phases,foreign_pid,other_dso,/usr/bin/node,"node::WorkerThreadsTaskRunner::WorkerThreadsTaskRunner(int, node::PlatformDebugLogLevel)",not_application_dso,,1,57
startup,foreign_pid,other_dso,/usr/lib/x86_64-linux-gnu/libc.so.6,pthread_sigmask@GLIBC_2.2.5,not_application_dso,,1,57
between_phases,other_target_thread,other_dso,/usr/lib/x86_64-linux-gnu/libc.so.6,__printf_buffer,not_application_dso,,2,56
between_phases,other_target_thread,other_application_symbol,/root/cc-perf-native-recv-0909/gc-leaf-census-20260911/compile-v2/cc-diagnostic,"std::sys::backtrace::__rust_begin_short_backtrace::<perry_runtime::child_process::reactor::timeout::cp_spawn_waiter::{closure#1}, ()>",no_pgcm_function_at_start,,1,49
startup,foreign_pid,other_dso,/usr/lib/x86_64-linux-gnu/libc.so.6,__errno_location,not_application_dso,,1,48
between_phases,foreign_pid,other_dso,/usr/bin/node,uv__io_poll,not_application_dso,,2,45
between_phases,foreign_pid,other_dso,/usr/lib/x86_64-linux-gnu/libc.so.6,__set_vma_name,not_application_dso,,1,45
between_phases,foreign_pid,other_dso,/usr/lib/x86_64-linux-gnu/libc.so.6,name_stack_maps,not_application_dso,,1,45
startup,foreign_pid,other_dso,/usr/lib/x86_64-linux-gnu/libc.so.6,pthread_mutex_unlock@@GLIBC_2.2.5,not_application_dso,,1,45
between_phases,main_thread,other_application_symbol,/root/cc-perf-native-recv-0909/gc-leaf-census-20260911/compile-v2/cc-diagnostic,<mio::poll::Poll>::poll,no_pgcm_function_at_start,,1,44
startup,main_thread,other_application_symbol,/root/cc-perf-native-recv-0909/gc-leaf-census-20260911/compile-v2/cc-diagnostic,<std::sync::mpmc::list::Channel<()>>::start_recv,no_pgcm_function_at_start,,1,42
between_phases,main_thread,other_application_symbol,/root/cc-perf-native-recv-0909/gc-leaf-census-20260911/compile-v2/cc-diagnostic,perry_runtime::object::class_registry::parent_static::is_registered_class_prototype_object,no_pgcm_function_at_start,,4,41
startup,foreign_pid,other_dso,/usr/lib/x86_64-linux-gnu/libc.so.6,__GI___nptl_deallocate_stack,not_application_dso,,1,40
startup,foreign_pid,other_dso,/usr/lib/x86_64-linux-gnu/libc.so.6,name_stack_maps,not_application_dso,,1,40
startup,foreign_pid,other_dso,/usr/lib/x86_64-linux-gnu/libc.so.6,__ctype_init,not_application_dso,,6,37
startup,main_thread,other_application_symbol,/root/cc-perf-native-recv-0909/gc-leaf-census-20260911/compile-v2/cc-diagnostic,perry_runtime::array::subclass::array_subclass_fast_length,no_pgcm_function_at_start,,1,36
startup,main_thread,other_dso,/usr/bin/python3.12,PyErr_CheckSignals,not_application_dso,,3,30
startup,foreign_pid,other_dso,/usr/lib/x86_64-linux-gnu/libc.so.6,__vsnprintf_internal,not_application_dso,,1,26
startup,foreign_pid,other_dso,/usr/lib/x86_64-linux-gnu/libc.so.6,__memmove_avx512_unaligned_erms,not_application_dso,,1,24
startup,other_target_thread,other_dso,/usr/lib/x86_64-linux-gnu/libc.so.6,start_thread,not_application_dso,,9,9
between_phases,foreign_pid,other_dso,/usr/lib/x86_64-linux-gnu/libc.so.6,__GI___pthread_disable_asynccancel,not_application_dso,,7,7
startup,foreign_pid,other_dso,/usr/lib/x86_64-linux-gnu/libc.so.6,start_thread,not_application_dso,,7,7
between_phases,foreign_pid,other_dso,/usr/lib/x86_64-linux-gnu/libc.so.6,__ctype_init,not_application_dso,,5,5
between_phases,other_target_thread,other_dso,/usr/lib/x86_64-linux-gnu/libc.so.6,__GI___pthread_disable_asynccancel,not_application_dso,,4,5
between_phases,other_target_thread,other_dso,/usr/lib/x86_64-linux-gnu/libc.so.6,__ctype_init,not_application_dso,,5,5
between_phases,other_target_thread,other_dso,/usr/lib/x86_64-linux-gnu/libc.so.6,read,not_application_dso,,3,4
between_phases,other_target_thread,other_dso,/usr/lib/x86_64-linux-gnu/libc.so.6,start_thread,not_application_dso,,4,4
between_phases,other_target_thread,unknown_symbol,[unknown],[unknown],not_application_dso,,4,4
startup,foreign_pid,other_dso,/usr/lib/x86_64-linux-gnu/libc.so.6,__GI___pthread_disable_asynccancel,not_application_dso,,4,4
startup,foreign_pid,other_dso,/usr/lib/x86_64-linux-gnu/libc.so.6,clone3,not_application_dso,,4,4
between_phases,foreign_pid,other_dso,/usr/bin/node,v8::internal::Deserializer<v8::internal::Isolate>::ReadObject(v8::internal::SnapshotSpace),not_application_dso,,2,2
between_phases,foreign_pid,other_dso,/usr/lib/x86_64-linux-gnu/ld-linux-x86-64.so.2,_dl_map_object_from_fd,not_application_dso,,2,2
between_phases,foreign_pid,other_dso,/usr/lib/x86_64-linux-gnu/libc.so.6,__GI___lll_lock_wait,not_application_dso,,2,2
between_phases,other_target_thread,other_application_symbol,/root/cc-perf-native-recv-0909/gc-leaf-census-20260911/compile-v2/cc-diagnostic,<alloc::io::buffered::bufreader::BufReader<std::io::stdio::StdinRaw> as alloc::io::read::Read>::read,no_pgcm_function_at_start,,1,2
between_phases,other_target_thread,other_application_symbol,/root/cc-perf-native-recv-0909/gc-leaf-census-20260911/compile-v2/cc-diagnostic,<std::process::ChildStdout as alloc::io::read::Read>::read,no_pgcm_function_at_start,,2,2
startup,foreign_pid,other_dso,/usr/lib/x86_64-linux-gnu/libc.so.6,__GI___futex_abstimed_wait_cancelable64,not_application_dso,,2,2
startup,foreign_pid,other_dso,/usr/lib/x86_64-linux-gnu/libc.so.6,pthread_cond_signal@@GLIBC_2.3.2,not_application_dso,,2,2
startup,foreign_pid,unknown_symbol,/usr/bin/dash,[unknown],not_application_dso,,2,2
startup,main_thread,other_application_symbol,/root/cc-perf-native-recv-0909/gc-leaf-census-20260911/compile-v2/cc-diagnostic,perry_runtime::array::subclass::dense_layout_for_validated_object,no_pgcm_function_at_start,,2,2
startup,main_thread,other_dso,/usr/lib/x86_64-linux-gnu/libc.so.6,__GI___pthread_disable_asynccancel,not_application_dso,,2,2
startup,other_target_thread,other_dso,/usr/lib/x86_64-linux-gnu/libc.so.6,clone3,not_application_dso,,2,2
between_phases,foreign_pid,other_dso,/usr/bin/node,node::WorkerThreadsTaskRunner::Shutdown(),not_application_dso,,1,1
between_phases,foreign_pid,other_dso,/usr/bin/node,"std::priority_queue<node::TaskQueue<node::TaskQueueEntry>::Item, std::vector<node::TaskQueue<node::TaskQueueEntry>::Item, std::allocator<node::TaskQueue<node::TaskQueueEntry>::Item> >, node::TaskQueue<node::TaskQueueEntry>::ItemCompare>::pop()",not_application_dso,,1,1
between_phases,foreign_pid,other_dso,/usr/bin/node,uv__io_poll_check,not_application_dso,,1,1
between_phases,foreign_pid,other_dso,/usr/bin/node,uv_sem_wait,not_application_dso,,1,1
between_phases,foreign_pid,other_dso,/usr/bin/node,v8::internal::Heap::IsPendingAllocation(v8::internal::Tagged<v8::internal::HeapObject>),not_application_dso,,1,1
between_phases,foreign_pid,other_dso,/usr/bin/node,"v8::internal::LookupIterator::PrepareTransitionToDataProperty(v8::internal::DirectHandle<v8::internal::Union<v8::internal::JSObject, v8::internal::JSProxy> >, v8::internal::DirectHandle<v8::internal::Object>, v8::internal::PropertyAttributes, v8::internal::StoreOrigin)",not_application_dso,,1,1
between_phases,foreign_pid,other_dso,/usr/bin/node,"v8::internal::MutablePage::MutablePage(v8::internal::Heap*, v8::internal::BaseSpace*, unsigned long, unsigned long, unsigned long, v8::internal::VirtualMemory, v8::internal::PageSize, v8::internal::Executability)",not_application_dso,,1,1
between_phases,foreign_pid,other_dso,/usr/bin/node,v8::internal::compiler::JSHeapBroker::ObjectMayBeUninitialized(v8::internal::DirectHandle<v8::internal::Object>) const,not_application_dso,,1,1
between_phases,foreign_pid,other_dso,/usr/bin/node,"v8::internal::compiler::JSHeapBroker::TryGetOrCreateData(v8::internal::Handle<v8::internal::Object>, v8::base::Flags<v8::internal::compiler::GetOrCreateDataFlag, int, int>)",not_application_dso,,1,1
between_phases,foreign_pid,other_dso,/usr/bin/node,"void absl::base_internal::CallOnceImpl<absl::base_internal::NominalCPUFrequency()::$_0>(std::atomic<unsigned int>*, absl::base_internal::SchedulingMode, absl::base_internal::NominalCPUFrequency()::$_0&&)",not_application_dso,,1,1
between_phases,foreign_pid,other_dso,/usr/lib/x86_64-linux-gnu/ld-linux-x86-64.so.2,_dl_process_pt_gnu_property,not_application_dso,,1,1
between_phases,foreign_pid,other_dso,/usr/lib/x86_64-linux-gnu/libc.so.6,__GI___lll_lock_wake,not_application_dso,,1,1
between_phases,foreign_pid,other_dso,/usr/lib/x86_64-linux-gnu/libc.so.6,__GI___sigprocmask,not_application_dso,,1,1
between_phases,foreign_pid,other_dso,/usr/lib/x86_64-linux-gnu/libc.so.6,__GI___snprintf,not_application_dso,,1,1
between_phases,foreign_pid,other_dso,/usr/lib/x86_64-linux-gnu/libc.so.6,__errno_location,not_application_dso,,1,1
between_phases,foreign_pid,other_dso,/usr/lib/x86_64-linux-gnu/libc.so.6,__libc_sigaction,not_application_dso,,1,1
between_phases,foreign_pid,other_dso,/usr/lib/x86_64-linux-gnu/libc.so.6,__memset_avx512_unaligned_erms,not_application_dso,,1,1
between_phases,foreign_pid,other_dso,/usr/lib/x86_64-linux-gnu/libc.so.6,__new_sem_wait_slow64.constprop.0,not_application_dso,,1,1
between_phases,foreign_pid,other_dso,/usr/lib/x86_64-linux-gnu/libc.so.6,__nptl_free_stacks,not_application_dso,,1,1
between_phases,foreign_pid,other_dso,/usr/lib/x86_64-linux-gnu/libc.so.6,__pthread_clockjoin_ex,not_application_dso,,1,1
between_phases,foreign_pid,other_dso,/usr/lib/x86_64-linux-gnu/libc.so.6,__restore_rt,not_application_dso,,1,1
between_phases,foreign_pid,other_dso,/usr/lib/x86_64-linux-gnu/libc.so.6,__vsnprintf_internal,not_application_dso,,1,1
between_phases,foreign_pid,other_dso,/usr/lib/x86_64-linux-gnu/libc.so.6,_pthread_cleanup_pop@GLIBC_2.2.5,not_application_dso,,1,1
between_phases,foreign_pid,other_dso,/usr/lib/x86_64-linux-gnu/libc.so.6,clock_nanosleep@GLIBC_2.2.5,not_application_dso,,1,1
between_phases,foreign_pid,other_dso,/usr/lib/x86_64-linux-gnu/libc.so.6,epoll_pwait,not_application_dso,,1,1
between_phases,foreign_pid,other_dso,/usr/lib/x86_64-linux-gnu/libstdc++.so.6.0.33,operator new(unsigned long),not_application_dso,,1,1
between_phases,main_thread,other_dso,/usr/lib/x86_64-linux-gnu/libc.so.6,__GI___pthread_disable_asynccancel,not_application_dso,,1,1
between_phases,main_thread,other_dso,/usr/lib/x86_64-linux-gnu/libc.so.6,epoll_wait,not_application_dso,,1,1
between_phases,other_target_thread,other_application_symbol,/root/cc-perf-native-recv-0909/gc-leaf-census-20260911/compile-v2/cc-diagnostic,<perry_runtime::child_process::reactor::cp_exec_async::{closure#0} as core::ops::function::FnOnce<()>>::call_once::{shim:vtable#0},no_pgcm_function_at_start,,1,1
between_phases,other_target_thread,other_application_symbol,/root/cc-perf-native-recv-0909/gc-leaf-census-20260911/compile-v2/cc-diagnostic,<std::sys::process::unix::unix::Process>::wait,no_pgcm_function_at_start,,1,1
between_phases,other_target_thread,other_dso,/usr/lib/x86_64-linux-gnu/libc.so.6,__strchrnul_ifunc@plt,not_application_dso,,1,1
between_phases,other_target_thread,other_dso,/usr/lib/x86_64-linux-gnu/libc.so.6,__vsnprintf_internal,not_application_dso,,1,1
startup,foreign_pid,other_dso,/usr/bin/node,uv_mutex_lock,not_application_dso,,1,1
startup,foreign_pid,other_dso,/usr/lib/x86_64-linux-gnu/libc.so.6,__GI___lll_lock_wait,not_application_dso,,1,1
startup,foreign_pid,other_dso,/usr/lib/x86_64-linux-gnu/libc.so.6,__pthread_clockjoin_ex,not_application_dso,,1,1
startup,foreign_pid,other_dso,/usr/lib/x86_64-linux-gnu/libc.so.6,__vfork,not_application_dso,,1,1
startup,foreign_pid,other_dso,/usr/lib/x86_64-linux-gnu/libc.so.6,epoll_pwait,not_application_dso,,1,1
startup,main_thread,other_application_symbol,/root/cc-perf-native-recv-0909/gc-leaf-census-20260911/compile-v2/cc-diagnostic,perry_runtime::array::subclass::build_dense_layout,no_pgcm_function_at_start,,1,1
startup,main_thread,other_application_symbol,/root/cc-perf-native-recv-0909/gc-leaf-census-20260911/compile-v2/cc-diagnostic,perry_runtime::child_process::sync_run::cp_run_to_completion,no_pgcm_function_at_start,,1,1
startup,main_thread,other_dso,/usr/lib/x86_64-linux-gnu/libc.so.6,__GI___wait4,not_application_dso,,1,1
startup,main_thread,other_dso,/usr/lib/x86_64-linux-gnu/libc.so.6,__spawnix,not_application_dso,,1,1
startup,main_thread,other_dso,/usr/lib/x86_64-linux-gnu/libc.so.6,clock_nanosleep@GLIBC_2.2.5,not_application_dso,,1,1
startup,main_thread,unknown_symbol,/usr/bin/python3.12,[unknown],not_application_dso,,1,1
